channel,developer,officialModel,callId,officialStatus,retirement,roles,before,after,missing,decision,operationContract,imageLimit,mask,maskWithReferences,structured,sizes,publicPrice,region,authentication,recovery,verifiedAt,source,apiSource,schemaSha256
tokenhub,tencent,Hy4 preview,hy4-preview,preview,,main,尚未登记,适配链路已完成但真实调用未验证,真实账号权限、真实推理、账单与质量待确认；,按具体文本/视觉协议补齐；不自动替换同系列别名。,chat,"{""productVision"":0}",false,false,,{},"{""source"":""https://cloud.tencent.com/document/product/1823/130055"",""checkedAt"":""2026-09-22"",""amount"":null,""currency"":""CNY"",""unit"":""million tokens"",""market"":""Guangzhou online postpaid"",""accountTariffConfirmed"":false,""perMillionTokens"":{""currency"":""CNY"",""market"":""Guangzhou"",""input"":6,""output"":18,""cachedInput"":0.3}}",广州入口；新加坡独立密钥及型号目录待确认,Bearer API Key；账号权限未实测,同步结果未知停止；已保存 URL 仅重试下载,2026-09-22,https://cloud.tencent.com/document/product/1823/130051,https://cloud.tencent.com/document/product/1823/132252,
tokenhub,tencent,Hy3,hy3,stable,,main,适配链路已完成但真实调用未验证,适配链路已完成但真实调用未验证,真实账号权限、真实推理、账单与质量待确认；,按具体文本/视觉协议补齐；不自动替换同系列别名。,chat,"{""productVision"":0}",false,false,,{},"{""source"":""https://cloud.tencent.com/document/product/1823/130055"",""checkedAt"":""2026-09-22"",""amount"":null,""currency"":""CNY"",""unit"":""million tokens"",""market"":""Guangzhou online postpaid"",""accountTariffConfirmed"":false,""perMillionTokens"":{""currency"":""CNY"",""market"":""Guangzhou"",""input"":1,""output"":4,""cachedInput"":0.25}}",广州入口；新加坡独立密钥及型号目录待确认,Bearer API Key；账号权限未实测,同步结果未知停止；已保存 URL 仅重试下载,2026-09-22,https://cloud.tencent.com/document/product/1823/130051,https://cloud.tencent.com/document/product/1823/132252,
tokenhub,待确认,Hy-MT2-Pro,hy-mt2-pro,详见处理决定,,范围外/待确认,尚未登记,尚未登记,翻译专用，4K输出；不适合作为科研图主规划模型。,翻译专用，4K输出；不适合作为科研图主规划模型。,未接入,"{""productVision"":0}",false,false,,{},"{""status"":""待确认""}",广州入口；新加坡独立密钥及型号目录待确认,Bearer API Key；账号权限未实测,同步结果未知停止；已保存 URL 仅重试下载,2026-09-22,https://cloud.tencent.com/document/product/1823/130051,,
tokenhub,待确认,Hy-MT2-Plus,hy-mt2-plus,详见处理决定,,范围外/待确认,尚未登记,尚未登记,翻译专用，4K输出；不适合作为科研图主规划模型。,翻译专用，4K输出；不适合作为科研图主规划模型。,未接入,"{""productVision"":0}",false,false,,{},"{""status"":""待确认""}",广州入口；新加坡独立密钥及型号目录待确认,Bearer API Key；账号权限未实测,同步结果未知停止；已保存 URL 仅重试下载,2026-09-22,https://cloud.tencent.com/document/product/1823/130051,,
tokenhub,待确认,Hy-MT2-Lite,hy-mt2-lite,详见处理决定,,范围外/待确认,尚未登记,尚未登记,翻译专用，4K输出；不适合作为科研图主规划模型。,翻译专用，4K输出；不适合作为科研图主规划模型。,未接入,"{""productVision"":0}",false,false,,{},"{""status"":""待确认""}",广州入口；新加坡独立密钥及型号目录待确认,Bearer API Key；账号权限未实测,同步结果未知停止；已保存 URL 仅重试下载,2026-09-22,https://cloud.tencent.com/document/product/1823/130051,,
tokenhub,待确认,Hy-Role-Latest,hunyuan-role-latest,详见处理决定,,范围外/待确认,尚未登记,尚未登记,角色扮演/剧情专用，非科研规划用途。,角色扮演/剧情专用，非科研规划用途。,未接入,"{""productVision"":0}",false,false,,{},"{""status"":""待确认""}",广州入口；新加坡独立密钥及型号目录待确认,Bearer API Key；账号权限未实测,同步结果未知停止；已保存 URL 仅重试下载,2026-09-22,https://cloud.tencent.com/document/product/1823/130051,,
tokenhub,待确认,Hy-Role,hy-role,详见处理决定,,范围外/待确认,尚未登记,尚未登记,角色扮演/剧情专用，非科研规划用途。,角色扮演/剧情专用，非科研规划用途。,未接入,"{""productVision"":0}",false,false,,{},"{""status"":""待确认""}",广州入口；新加坡独立密钥及型号目录待确认,Bearer API Key；账号权限未实测,同步结果未知停止；已保存 URL 仅重试下载,2026-09-22,https://cloud.tencent.com/document/product/1823/130051,,
tokenhub,deepseek,DeepSeek-V4.1-Flash 原厂直供,deepseek/deepseek-flash,stable,,main / vision,尚未登记,适配链路已完成但真实调用未验证,真实账号权限、真实推理、账单与质量待确认；,按具体文本/视觉协议补齐；不自动替换同系列别名。,chat,"{""productVision"":3}",false,false,,{},"{""source"":""https://cloud.tencent.com/document/product/1823/130055"",""checkedAt"":""2026-09-22"",""amount"":null,""currency"":""CNY"",""unit"":""million tokens"",""market"":""Guangzhou online postpaid"",""accountTariffConfirmed"":false,""tiers"":[{""condition"":""北京时间工作日9–12/14–18"",""input"":2,""output"":8,""cachedInput"":0.04},{""condition"":""其余时段"",""input"":1,""output"":4,""cachedInput"":0.02}]}",广州入口；新加坡独立密钥及型号目录待确认,Bearer API Key；账号权限未实测,同步结果未知停止；已保存 URL 仅重试下载,2026-09-22,https://cloud.tencent.com/document/product/1823/130051,https://cloud.tencent.com/document/product/1823/132248,
tokenhub,deepseek,DeepSeek-V4-Flash 0731 正式版 原厂直供,deepseek-v4-flash-202605,stable,,main,尚未登记,适配链路已完成但真实调用未验证,真实账号权限、真实推理、账单与质量待确认；,按具体文本/视觉协议补齐；不自动替换同系列别名。,chat,"{""productVision"":0}",false,false,,{},"{""source"":""https://cloud.tencent.com/document/product/1823/130055"",""checkedAt"":""2026-09-22"",""amount"":null,""currency"":""CNY"",""unit"":""million tokens"",""market"":""Guangzhou online postpaid"",""accountTariffConfirmed"":false,""tiers"":[{""condition"":""北京时间工作日9–12/14–18"",""input"":2,""output"":8,""cachedInput"":0.04},{""condition"":""其余时段"",""input"":1,""output"":4,""cachedInput"":0.02}]}",广州入口；新加坡独立密钥及型号目录待确认,Bearer API Key；账号权限未实测,同步结果未知停止；已保存 URL 仅重试下载,2026-09-22,https://cloud.tencent.com/document/product/1823/130051,https://cloud.tencent.com/document/product/1823/132248,
tokenhub,deepseek,DeepSeek-V4-Flash 0731 正式版 原厂直供,deepseek/deepseek-v4-flash-0731,stable,,main,尚未登记,适配链路已完成但真实调用未验证,真实账号权限、真实推理、账单与质量待确认；,按具体文本/视觉协议补齐；不自动替换同系列别名。,chat,"{""productVision"":0}",false,false,,{},"{""source"":""https://cloud.tencent.com/document/product/1823/130055"",""checkedAt"":""2026-09-22"",""amount"":null,""currency"":""CNY"",""unit"":""million tokens"",""market"":""Guangzhou online postpaid"",""accountTariffConfirmed"":false,""tiers"":[{""condition"":""北京时间工作日9–12/14–18"",""input"":2,""output"":8,""cachedInput"":0.04},{""condition"":""其余时段"",""input"":1,""output"":4,""cachedInput"":0.02}]}",广州入口；新加坡独立密钥及型号目录待确认,Bearer API Key；账号权限未实测,同步结果未知停止；已保存 URL 仅重试下载,2026-09-22,https://cloud.tencent.com/document/product/1823/130051,https://cloud.tencent.com/document/product/1823/132248,
tokenhub,deepseek,DeepSeek-V4-Flash 0731 正式版 原厂直供,deepseek/deepseek-v4-flash,stable,,main,尚未登记,适配链路已完成但真实调用未验证,真实账号权限、真实推理、账单与质量待确认；,按具体文本/视觉协议补齐；不自动替换同系列别名。,chat,"{""productVision"":0}",false,false,,{},"{""source"":""https://cloud.tencent.com/document/product/1823/130055"",""checkedAt"":""2026-09-22"",""amount"":null,""currency"":""CNY"",""unit"":""million tokens"",""market"":""Guangzhou online postpaid"",""accountTariffConfirmed"":false,""tiers"":[{""condition"":""北京时间工作日9–12/14–18"",""input"":2,""output"":8,""cachedInput"":0.04},{""condition"":""其余时段"",""input"":1,""output"":4,""cachedInput"":0.02}]}",广州入口；新加坡独立密钥及型号目录待确认,Bearer API Key；账号权限未实测,同步结果未知停止；已保存 URL 仅重试下载,2026-09-22,https://cloud.tencent.com/document/product/1823/130051,https://cloud.tencent.com/document/product/1823/132248,
tokenhub,deepseek,DeepSeek-V4-Pro 0813 正式版 原厂直供,deepseek-v4-pro-202606,stable,,main,尚未登记,适配链路已完成但真实调用未验证,真实账号权限、真实推理、账单与质量待确认；,按具体文本/视觉协议补齐；不自动替换同系列别名。,chat,"{""productVision"":0}",false,false,,{},"{""source"":""https://cloud.tencent.com/document/product/1823/130055"",""checkedAt"":""2026-09-22"",""amount"":null,""currency"":""CNY"",""unit"":""million tokens"",""market"":""Guangzhou online postpaid"",""accountTariffConfirmed"":false,""tiers"":[{""condition"":""北京时间工作日9–12/14–18"",""input"":9.0,""output"":27.0,""cachedInput"":0.3},{""condition"":""其余时段"",""input"":4.5,""output"":13.5,""cachedInput"":0.15}]}",广州入口；新加坡独立密钥及型号目录待确认,Bearer API Key；账号权限未实测,同步结果未知停止；已保存 URL 仅重试下载,2026-09-22,https://cloud.tencent.com/document/product/1823/130051,https://cloud.tencent.com/document/product/1823/132248,
tokenhub,deepseek,DeepSeek-V4-Pro 0813 正式版 原厂直供,deepseek/deepseek-v4-pro-0813,stable,,main,尚未登记,适配链路已完成但真实调用未验证,真实账号权限、真实推理、账单与质量待确认；,按具体文本/视觉协议补齐；不自动替换同系列别名。,chat,"{""productVision"":0}",false,false,,{},"{""source"":""https://cloud.tencent.com/document/product/1823/130055"",""checkedAt"":""2026-09-22"",""amount"":null,""currency"":""CNY"",""unit"":""million tokens"",""market"":""Guangzhou online postpaid"",""accountTariffConfirmed"":false,""tiers"":[{""condition"":""北京时间工作日9–12/14–18"",""input"":9.0,""output"":27.0,""cachedInput"":0.3},{""condition"":""其余时段"",""input"":4.5,""output"":13.5,""cachedInput"":0.15}]}",广州入口；新加坡独立密钥及型号目录待确认,Bearer API Key；账号权限未实测,同步结果未知停止；已保存 URL 仅重试下载,2026-09-22,https://cloud.tencent.com/document/product/1823/130051,https://cloud.tencent.com/document/product/1823/132248,
tokenhub,deepseek,DeepSeek-V4-Pro 0813 正式版 原厂直供,deepseek/deepseek-v4-pro,stable,,main,尚未登记,适配链路已完成但真实调用未验证,真实账号权限、真实推理、账单与质量待确认；,按具体文本/视觉协议补齐；不自动替换同系列别名。,chat,"{""productVision"":0}",false,false,,{},"{""source"":""https://cloud.tencent.com/document/product/1823/130055"",""checkedAt"":""2026-09-22"",""amount"":null,""currency"":""CNY"",""unit"":""million tokens"",""market"":""Guangzhou online postpaid"",""accountTariffConfirmed"":false,""tiers"":[{""condition"":""北京时间工作日9–12/14–18"",""input"":9.0,""output"":27.0,""cachedInput"":0.3},{""condition"":""其余时段"",""input"":4.5,""output"":13.5,""cachedInput"":0.15}]}",广州入口；新加坡独立密钥及型号目录待确认,Bearer API Key；账号权限未实测,同步结果未知停止；已保存 URL 仅重试下载,2026-09-22,https://cloud.tencent.com/document/product/1823/130051,https://cloud.tencent.com/document/product/1823/132248,
tokenhub,deepseek,DeepSeek-V4-Flash-Vision-Exp 原厂直供,deepseek/deepseek-v4-flash-vision-exp,preview,,main / vision,尚未登记,适配链路已完成但真实调用未验证,真实账号权限、真实推理、账单与质量待确认；,按具体文本/视觉协议补齐；不自动替换同系列别名。,chat,"{""productVision"":3}",false,false,,{},"{""source"":""https://cloud.tencent.com/document/product/1823/130055"",""checkedAt"":""2026-09-22"",""amount"":null,""currency"":""CNY"",""unit"":""million tokens"",""market"":""Guangzhou online postpaid"",""accountTariffConfirmed"":false,""tiers"":[{""condition"":""北京时间工作日9–12/14–18"",""input"":2,""output"":8,""cachedInput"":0.04},{""condition"":""其余时段"",""input"":1,""output"":4,""cachedInput"":0.02}]}",广州入口；新加坡独立密钥及型号目录待确认,Bearer API Key；账号权限未实测,同步结果未知停止；已保存 URL 仅重试下载,2026-09-22,https://cloud.tencent.com/document/product/1823/130051,https://cloud.tencent.com/document/product/1823/132248,
tokenhub,deepseek,DeepSeek-V4-Flash 0731 正式版,deepseek-v4-flash-0731,stable,,main,尚未登记,适配链路已完成但真实调用未验证,真实账号权限、真实推理、账单与质量待确认；,按具体文本/视觉协议补齐；不自动替换同系列别名。,chat,"{""productVision"":0}",false,false,,{},"{""source"":""https://cloud.tencent.com/document/product/1823/130055"",""checkedAt"":""2026-09-22"",""amount"":null,""currency"":""CNY"",""unit"":""million tokens"",""market"":""Guangzhou online postpaid"",""accountTariffConfirmed"":false,""tiers"":[{""condition"":""北京时间每日9–12/14–18"",""input"":3.0,""output"":9.0,""cachedInput"":0.1},{""condition"":""其余时段"",""input"":1.5,""output"":4.5,""cachedInput"":0.05}]}",广州入口；新加坡独立密钥及型号目录待确认,Bearer API Key；账号权限未实测,同步结果未知停止；已保存 URL 仅重试下载,2026-09-22,https://cloud.tencent.com/document/product/1823/130051,https://cloud.tencent.com/document/product/1823/132248,
tokenhub,deepseek,DeepSeek-V4-Pro 0813 正式版,deepseek-v4-pro-0813,stable,,main,尚未登记,适配链路已完成但真实调用未验证,真实账号权限、真实推理、账单与质量待确认；,按具体文本/视觉协议补齐；不自动替换同系列别名。,chat,"{""productVision"":0}",false,false,,{},"{""source"":""https://cloud.tencent.com/document/product/1823/130055"",""checkedAt"":""2026-09-22"",""amount"":null,""currency"":""CNY"",""unit"":""million tokens"",""market"":""Guangzhou online postpaid"",""accountTariffConfirmed"":false,""tiers"":[{""condition"":""北京时间每日9–12/14–18"",""input"":9.0,""output"":27.0,""cachedInput"":0.3},{""condition"":""其余时段"",""input"":4.5,""output"":13.5,""cachedInput"":0.15}]}",广州入口；新加坡独立密钥及型号目录待确认,Bearer API Key；账号权限未实测,同步结果未知停止；已保存 URL 仅重试下载,2026-09-22,https://cloud.tencent.com/document/product/1823/130051,https://cloud.tencent.com/document/product/1823/132248,
tokenhub,deepseek,DeepSeek-V4-Flash,deepseek-v4-flash,stable,,main,尚未登记,适配链路已完成但真实调用未验证,真实账号权限、真实推理、账单与质量待确认；,按具体文本/视觉协议补齐；不自动替换同系列别名。,chat,"{""productVision"":0}",false,false,,{},"{""source"":""https://cloud.tencent.com/document/product/1823/130055"",""checkedAt"":""2026-09-22"",""amount"":null,""currency"":""CNY"",""unit"":""million tokens"",""market"":""Guangzhou online postpaid"",""accountTariffConfirmed"":false,""rates"":{""input"":1,""output"":2,""cachedInput"":0.2}}",广州入口；新加坡独立密钥及型号目录待确认,Bearer API Key；账号权限未实测,同步结果未知停止；已保存 URL 仅重试下载,2026-09-22,https://cloud.tencent.com/document/product/1823/130051,https://cloud.tencent.com/document/product/1823/132248,
tokenhub,deepseek,DeepSeek-V4-Pro,deepseek-v4-pro,stable,,main,尚未登记,适配链路已完成但真实调用未验证,真实账号权限、真实推理、账单与质量待确认；,按具体文本/视觉协议补齐；不自动替换同系列别名。,chat,"{""productVision"":0}",false,false,,{},"{""source"":""https://cloud.tencent.com/document/product/1823/130055"",""checkedAt"":""2026-09-22"",""amount"":null,""currency"":""CNY"",""unit"":""million tokens"",""market"":""Guangzhou online postpaid"",""accountTariffConfirmed"":false,""rates"":{""input"":12,""output"":24,""cachedInput"":1}}",广州入口；新加坡独立密钥及型号目录待确认,Bearer API Key；账号权限未实测,同步结果未知停止；已保存 URL 仅重试下载,2026-09-22,https://cloud.tencent.com/document/product/1823/130051,https://cloud.tencent.com/document/product/1823/132248,
tokenhub,zhipu,GLM-5.3-Flash,glm-5.3-flash,stable,,main / vision,尚未登记,适配链路已完成但真实调用未验证,真实账号权限、真实推理、账单与质量待确认；,按具体文本/视觉协议补齐；不自动替换同系列别名。,chat,"{""productVision"":3}",false,false,,{},"{""source"":""https://cloud.tencent.com/document/product/1823/130055"",""checkedAt"":""2026-09-22"",""amount"":null,""currency"":""CNY"",""unit"":""million tokens"",""market"":""Guangzhou online postpaid"",""accountTariffConfirmed"":false,""perMillionTokens"":{""currency"":""CNY"",""market"":""Guangzhou"",""input"":0.8,""output"":2.8,""cachedInput"":0.23}}",广州入口；新加坡独立密钥及型号目录待确认,Bearer API Key；账号权限未实测,同步结果未知停止；已保存 URL 仅重试下载,2026-09-22,https://cloud.tencent.com/document/product/1823/130051,https://cloud.tencent.com/document/product/1823/132061,
tokenhub,zhipu,GLM-5.3-FlashX,glm-5.3-flashx,stable,,main / vision,尚未登记,适配链路已完成但真实调用未验证,真实账号权限、真实推理、账单与质量待确认；,按具体文本/视觉协议补齐；不自动替换同系列别名。,chat,"{""productVision"":3}",false,false,,{},"{""source"":""https://cloud.tencent.com/document/product/1823/130055"",""checkedAt"":""2026-09-22"",""amount"":null,""currency"":""CNY"",""unit"":""million tokens"",""market"":""Guangzhou online postpaid"",""accountTariffConfirmed"":false,""perMillionTokens"":{""currency"":""CNY"",""market"":""Guangzhou"",""input"":2,""output"":7,""cachedInput"":0.57}}",广州入口；新加坡独立密钥及型号目录待确认,Bearer API Key；账号权限未实测,同步结果未知停止；已保存 URL 仅重试下载,2026-09-22,https://cloud.tencent.com/document/product/1823/130051,https://cloud.tencent.com/document/product/1823/132061,
tokenhub,zhipu,GLM-5.3,glm-5.3,stable,,main,尚未登记,适配链路已完成但真实调用未验证,真实账号权限、真实推理、账单与质量待确认；,按具体文本/视觉协议补齐；不自动替换同系列别名。,chat,"{""productVision"":0}",false,false,,{},"{""source"":""https://cloud.tencent.com/document/product/1823/130055"",""checkedAt"":""2026-09-22"",""amount"":null,""currency"":""CNY"",""unit"":""million tokens"",""market"":""Guangzhou online postpaid"",""accountTariffConfirmed"":false,""perMillionTokens"":{""currency"":""CNY"",""market"":""Guangzhou"",""input"":8,""output"":28,""cachedInput"":2}}",广州入口；新加坡独立密钥及型号目录待确认,Bearer API Key；账号权限未实测,同步结果未知停止；已保存 URL 仅重试下载,2026-09-22,https://cloud.tencent.com/document/product/1823/130051,https://cloud.tencent.com/document/product/1823/132061,
tokenhub,zhipu,GLM-5.2,glm-5.2,stable,,main,尚未登记,适配链路已完成但真实调用未验证,真实账号权限、真实推理、账单与质量待确认；,按具体文本/视觉协议补齐；不自动替换同系列别名。,chat,"{""productVision"":0}",false,false,,{},"{""source"":""https://cloud.tencent.com/document/product/1823/130055"",""checkedAt"":""2026-09-22"",""amount"":null,""currency"":""CNY"",""unit"":""million tokens"",""market"":""Guangzhou online postpaid"",""accountTariffConfirmed"":false,""perMillionTokens"":{""currency"":""CNY"",""market"":""Guangzhou"",""input"":8,""output"":28,""cachedInput"":2}}",广州入口；新加坡独立密钥及型号目录待确认,Bearer API Key；账号权限未实测,同步结果未知停止；已保存 URL 仅重试下载,2026-09-22,https://cloud.tencent.com/document/product/1823/130051,https://cloud.tencent.com/document/product/1823/132061,
tokenhub,zhipu,GLM-5.1（2026-10-08下线）,glm-5.1,legacy,2026-10-08T00:00:00+08:00,main,尚未登记,适配链路已完成但真实调用未验证,真实账号权限、真实推理、账单与质量待确认；,按具体文本/视觉协议补齐；不自动替换同系列别名。,chat,"{""productVision"":0}",false,false,,{},"{""source"":""https://cloud.tencent.com/document/product/1823/130055"",""checkedAt"":""2026-09-22"",""amount"":null,""currency"":""CNY"",""unit"":""million tokens"",""market"":""Guangzhou online postpaid"",""accountTariffConfirmed"":false,""tiers"":[{""condition"":""输入≤32K"",""input"":6,""output"":24,""cachedInput"":1.3},{""condition"":""输入>32K"",""input"":8,""output"":28,""cachedInput"":2}]}",广州入口；新加坡独立密钥及型号目录待确认,Bearer API Key；账号权限未实测,同步结果未知停止；已保存 URL 仅重试下载,2026-09-22,https://cloud.tencent.com/document/product/1823/130051,https://cloud.tencent.com/document/product/1823/132061,
tokenhub,zhipu,GLM-5V-Turbo（2026-10-30下线）,glm-5v-turbo,legacy,2026-10-30T00:00:00+08:00,main / vision,尚未登记,适配链路已完成但真实调用未验证,真实账号权限、真实推理、账单与质量待确认；,按具体文本/视觉协议补齐；不自动替换同系列别名。,chat,"{""productVision"":3}",false,false,,{},"{""source"":""https://cloud.tencent.com/document/product/1823/130055"",""checkedAt"":""2026-09-22"",""amount"":null,""currency"":""CNY"",""unit"":""million tokens"",""market"":""Guangzhou online postpaid"",""accountTariffConfirmed"":false,""tiers"":[{""condition"":""输入≤32K"",""input"":5,""output"":22,""cachedInput"":1.2},{""condition"":""输入>32K"",""input"":7,""output"":26,""cachedInput"":1.8}]}",广州入口；新加坡独立密钥及型号目录待确认,Bearer API Key；账号权限未实测,同步结果未知停止；已保存 URL 仅重试下载,2026-09-22,https://cloud.tencent.com/document/product/1823/130051,https://cloud.tencent.com/document/product/1823/132061,
tokenhub,zhipu,GLM-5-Turbo（2026-10-08下线）,glm-5-turbo,legacy,2026-10-08T00:00:00+08:00,main,尚未登记,适配链路已完成但真实调用未验证,真实账号权限、真实推理、账单与质量待确认；,按具体文本/视觉协议补齐；不自动替换同系列别名。,chat,"{""productVision"":0}",false,false,,{},"{""source"":""https://cloud.tencent.com/document/product/1823/130055"",""checkedAt"":""2026-09-22"",""amount"":null,""currency"":""CNY"",""unit"":""million tokens"",""market"":""Guangzhou online postpaid"",""accountTariffConfirmed"":false,""tiers"":[{""condition"":""输入≤32K"",""input"":5,""output"":22,""cachedInput"":1.2},{""condition"":""输入>32K"",""input"":7,""output"":26,""cachedInput"":1.8}]}",广州入口；新加坡独立密钥及型号目录待确认,Bearer API Key；账号权限未实测,同步结果未知停止；已保存 URL 仅重试下载,2026-09-22,https://cloud.tencent.com/document/product/1823/130051,https://cloud.tencent.com/document/product/1823/132061,
tokenhub,zhipu,GLM-5（2026-10-08下线）,glm-5,legacy,2026-10-08T00:00:00+08:00,main,尚未登记,适配链路已完成但真实调用未验证,真实账号权限、真实推理、账单与质量待确认；,按具体文本/视觉协议补齐；不自动替换同系列别名。,chat,"{""productVision"":0}",false,false,,{},"{""source"":""https://cloud.tencent.com/document/product/1823/130055"",""checkedAt"":""2026-09-22"",""amount"":null,""currency"":""CNY"",""unit"":""million tokens"",""market"":""Guangzhou online postpaid"",""accountTariffConfirmed"":false,""tiers"":[{""condition"":""输入≤32K"",""input"":4,""output"":18,""cachedInput"":1},{""condition"":""输入>32K"",""input"":6,""output"":22,""cachedInput"":1.5}]}",广州入口；新加坡独立密钥及型号目录待确认,Bearer API Key；账号权限未实测,同步结果未知停止；已保存 URL 仅重试下载,2026-09-22,https://cloud.tencent.com/document/product/1823/130051,https://cloud.tencent.com/document/product/1823/132061,
tokenhub,moonshot,Kimi K2.7 Code HighSpeed,kimi-k2.7-code-highspeed,stable,,main / vision,尚未登记,适配链路已完成但真实调用未验证,真实账号权限、真实推理、账单与质量待确认；,按具体文本/视觉协议补齐；不自动替换同系列别名。,chat,"{""productVision"":3}",false,false,,{},"{""source"":""https://cloud.tencent.com/document/product/1823/130055"",""checkedAt"":""2026-09-22"",""amount"":null,""currency"":""CNY"",""unit"":""million tokens"",""market"":""Guangzhou online postpaid"",""accountTariffConfirmed"":false,""perMillionTokens"":{""currency"":""CNY"",""market"":""Guangzhou"",""input"":13,""output"":54,""cachedInput"":2.6}}",广州入口；新加坡独立密钥及型号目录待确认,Bearer API Key；账号权限未实测,同步结果未知停止；已保存 URL 仅重试下载,2026-09-22,https://cloud.tencent.com/document/product/1823/130051,https://cloud.tencent.com/document/product/1823/132232,
tokenhub,moonshot,Kimi K3,kimi-k3,stable,,main / vision,尚未登记,适配链路已完成但真实调用未验证,真实账号权限、真实推理、账单与质量待确认；,按具体文本/视觉协议补齐；不自动替换同系列别名。,chat,"{""productVision"":3}",false,false,,{},"{""source"":""https://cloud.tencent.com/document/product/1823/130055"",""checkedAt"":""2026-09-22"",""amount"":null,""currency"":""CNY"",""unit"":""million tokens"",""market"":""Guangzhou online postpaid"",""accountTariffConfirmed"":false,""perMillionTokens"":{""currency"":""CNY"",""market"":""Guangzhou"",""input"":20,""output"":100,""cachedInput"":2}}",广州入口；新加坡独立密钥及型号目录待确认,Bearer API Key；账号权限未实测,同步结果未知停止；已保存 URL 仅重试下载,2026-09-22,https://cloud.tencent.com/document/product/1823/130051,https://cloud.tencent.com/document/product/1823/132232,
tokenhub,moonshot,Kimi K2.8 Preview,kimi-k2.8-preview,preview,,main / vision,尚未登记,适配链路已完成但真实调用未验证,真实账号权限、真实推理、账单与质量待确认；,按具体文本/视觉协议补齐；不自动替换同系列别名。,chat,"{""productVision"":3}",false,false,,{},"{""source"":""https://cloud.tencent.com/document/product/1823/130055"",""checkedAt"":""2026-09-22"",""amount"":null,""currency"":""CNY"",""unit"":""million tokens"",""market"":""Guangzhou online postpaid"",""accountTariffConfirmed"":false,""perMillionTokens"":{""currency"":""CNY"",""market"":""Guangzhou"",""input"":6.5,""output"":27,""cachedInput"":1.7}}",广州入口；新加坡独立密钥及型号目录待确认,Bearer API Key；账号权限未实测,同步结果未知停止；已保存 URL 仅重试下载,2026-09-22,https://cloud.tencent.com/document/product/1823/130051,https://cloud.tencent.com/document/product/1823/132232,
tokenhub,moonshot,Kimi K2.7 Code,kimi-k2.7-code,stable,,main / vision,尚未登记,适配链路已完成但真实调用未验证,真实账号权限、真实推理、账单与质量待确认；,按具体文本/视觉协议补齐；不自动替换同系列别名。,chat,"{""productVision"":3}",false,false,,{},"{""source"":""https://cloud.tencent.com/document/product/1823/130055"",""checkedAt"":""2026-09-22"",""amount"":null,""currency"":""CNY"",""unit"":""million tokens"",""market"":""Guangzhou online postpaid"",""accountTariffConfirmed"":false,""perMillionTokens"":{""currency"":""CNY"",""market"":""Guangzhou"",""input"":6.5,""output"":27,""cachedInput"":1.3}}",广州入口；新加坡独立密钥及型号目录待确认,Bearer API Key；账号权限未实测,同步结果未知停止；已保存 URL 仅重试下载,2026-09-22,https://cloud.tencent.com/document/product/1823/130051,https://cloud.tencent.com/document/product/1823/132232,
tokenhub,moonshot,Kimi-K2.6,kimi-k2.6,stable,,main / vision,尚未登记,适配链路已完成但真实调用未验证,真实账号权限、真实推理、账单与质量待确认；,按具体文本/视觉协议补齐；不自动替换同系列别名。,chat,"{""productVision"":3}",false,false,,{},"{""source"":""https://cloud.tencent.com/document/product/1823/130055"",""checkedAt"":""2026-09-22"",""amount"":null,""currency"":""CNY"",""unit"":""million tokens"",""market"":""Guangzhou online postpaid"",""accountTariffConfirmed"":false,""perMillionTokens"":{""currency"":""CNY"",""market"":""Guangzhou"",""input"":6.5,""output"":27,""cachedInput"":1.1}}",广州入口；新加坡独立密钥及型号目录待确认,Bearer API Key；账号权限未实测,同步结果未知停止；已保存 URL 仅重试下载,2026-09-22,https://cloud.tencent.com/document/product/1823/130051,https://cloud.tencent.com/document/product/1823/132232,
tokenhub,minimax,MiniMax-M3,minimax-m3,stable,,main / vision,尚未登记,适配链路已完成但真实调用未验证,真实账号权限、真实推理、账单与质量待确认；,按具体文本/视觉协议补齐；不自动替换同系列别名。,chat,"{""productVision"":3}",false,false,,{},"{""source"":""https://cloud.tencent.com/document/product/1823/130055"",""checkedAt"":""2026-09-22"",""amount"":null,""currency"":""CNY"",""unit"":""million tokens"",""market"":""Guangzhou online postpaid"",""accountTariffConfirmed"":false,""tiers"":[{""condition"":""上下文≤512K"",""input"":2.1,""output"":8.4,""cachedInput"":0.42},{""condition"":""上下文>512K"",""input"":4.2,""output"":16.8,""cachedInput"":0.84}]}",广州入口；新加坡独立密钥及型号目录待确认,Bearer API Key；账号权限未实测,同步结果未知停止；已保存 URL 仅重试下载,2026-09-22,https://cloud.tencent.com/document/product/1823/130051,https://cloud.tencent.com/document/product/1823/132246,
tokenhub,minimax,MiniMax-M2.7,minimax-m2.7,stable,,main,尚未登记,适配链路已完成但真实调用未验证,真实账号权限、真实推理、账单与质量待确认；,按具体文本/视觉协议补齐；不自动替换同系列别名。,chat,"{""productVision"":0}",false,false,,{},"{""source"":""https://cloud.tencent.com/document/product/1823/130055"",""checkedAt"":""2026-09-22"",""amount"":null,""currency"":""CNY"",""unit"":""million tokens"",""market"":""Guangzhou online postpaid"",""accountTariffConfirmed"":false,""perMillionTokens"":{""currency"":""CNY"",""market"":""Guangzhou"",""input"":2.1,""output"":8.4,""cachedInput"":0.42}}",广州入口；新加坡独立密钥及型号目录待确认,Bearer API Key；账号权限未实测,同步结果未知停止；已保存 URL 仅重试下载,2026-09-22,https://cloud.tencent.com/document/product/1823/130051,https://cloud.tencent.com/document/product/1823/132246,
tokenhub,待确认,Qwen3.5-Flash（2026-09-08下线）,qwen3.5-flash,详见处理决定,,范围外/待确认,尚未登记,尚未登记,官方已下线，不开放新选择；不把价格表仍列出视为可用。,官方已下线，不开放新选择；不把价格表仍列出视为可用。,未接入,"{""productVision"":0}",false,false,,{},"{""status"":""待确认""}",广州入口；新加坡独立密钥及型号目录待确认,Bearer API Key；账号权限未实测,同步结果未知停止；已保存 URL 仅重试下载,2026-09-22,https://cloud.tencent.com/document/product/1823/130051,,
tokenhub,待确认,Qwen3.5-Plus（2026-09-08下线）,qwen3.5-plus,详见处理决定,,范围外/待确认,尚未登记,尚未登记,官方已下线，不开放新选择；不把价格表仍列出视为可用。,官方已下线，不开放新选择；不把价格表仍列出视为可用。,未接入,"{""productVision"":0}",false,false,,{},"{""status"":""待确认""}",广州入口；新加坡独立密钥及型号目录待确认,Bearer API Key；账号权限未实测,同步结果未知停止；已保存 URL 仅重试下载,2026-09-22,https://cloud.tencent.com/document/product/1823/130051,,
tokenhub,xiaomi,MiMo-V2.5-Pro,mimo-v2.5-pro,stable,,main,尚未登记,适配链路已完成但真实调用未验证,真实账号权限、真实推理、账单与质量待确认；,按具体文本/视觉协议补齐；不自动替换同系列别名。,chat,"{""productVision"":0}",false,false,,{},"{""source"":""https://cloud.tencent.com/document/product/1823/130055"",""checkedAt"":""2026-09-22"",""amount"":null,""currency"":""CNY"",""unit"":""million tokens"",""market"":""Guangzhou online postpaid"",""accountTariffConfirmed"":false,""perMillionTokens"":{""currency"":""CNY"",""market"":""Guangzhou"",""input"":3,""output"":6,""cachedInput"":0.025}}",广州入口；新加坡独立密钥及型号目录待确认,Bearer API Key；账号权限未实测,同步结果未知停止；已保存 URL 仅重试下载,2026-09-22,https://cloud.tencent.com/document/product/1823/130051,https://cloud.tencent.com/document/product/1823/130079,
tokenhub,tencent,Hy-Image-3.0,hy-image-v3,stable,,image,适配链路已完成但真实调用未验证,适配链路已完成但真实调用未验证,真实账号权限、真实推理、账单与质量待确认；,保留已接入 v3 独立接口，不改成 v3.5。,hy-image-v3 sync,"{""model"":null,""productAuxiliary"":8,""sourceCounts"":true}",false,false,,"{""generation"":{""mode"":""pixels"",""tiers"":{""1K"":{""targetPixels"":1048576}},""minSide"":512,""maxSide"":2048,""maxPixels"":1048576,""alignment"":1,""separator"":""x"",""auto"":""square""},""editing"":{""mode"":""pixels"",""tiers"":{""1K"":{""targetPixels"":1048576}},""minSide"":512,""maxSide"":2048,""maxPixels"":1048576,""alignment"":1,""separator"":""x"",""auto"":""square""}}","{""source"":""https://cloud.tencent.com/document/product/1823/130055"",""checkedAt"":""2026-09-22"",""currency"":""CNY"",""unit"":""million output tokens"",""rate"":10,""example"":{""outputTokens"":20000,""amount"":0.2},""accountTariffConfirmed"":false}",广州入口；新加坡独立密钥及型号目录待确认,Bearer API Key；账号权限未实测,同步结果未知停止；已保存 URL 仅重试下载,2026-09-22,https://cloud.tencent.com/document/product/1823/130051,,
tokenhub,tencent,WAND-Vega-Image-1.0-Lite,wand-vega-image-lite,stable,,image,尚未登记,适配链路已完成但真实调用未验证,真实账号权限、真实推理、账单与质量待确认；,补齐专用接口、尺寸、图片名额与结果恢复。,vega,"{""model"":3,""productAuxiliary"":8,""sourceCounts"":true}",false,false,,"{""generation"":{""mode"":""table"",""tiers"":{""1K"":{""sizes"":{""1:1"":""1024x1024"",""2:3"":""1024x1536"",""3:4"":""1080x1440"",""9:16"":""720x1280"",""21:9"":""1512x648"",""3:2"":""1536x1024"",""4:3"":""1440x1080"",""16:9"":""1280x720""}},""2K"":{""sizes"":{""1:1"":""2048x2048"",""2:3"":""1440x2160"",""3:4"":""1440x1920"",""9:16"":""1440x2560"",""21:9"":""2520x1080"",""3:2"":""2160x1440"",""4:3"":""1920x1440"",""16:9"":""2560x1440""}},""4K"":{""sizes"":{""1:1"":""4096x4096"",""2:3"":""3328x4992"",""3:4"":""3584x4800"",""9:16"":""2160x3840"",""21:9"":""5040x2160"",""3:2"":""4992x3328"",""4:3"":""4800x3584"",""16:9"":""3840x2160""}}},""auto"":""square""},""editing"":{""mode"":""table"",""tiers"":{""1K"":{""sizes"":{""1:1"":""1024x1024"",""2:3"":""1024x1536"",""3:4"":""1080x1440"",""9:16"":""720x1280"",""21:9"":""1512x648"",""3:2"":""1536x1024"",""4:3"":""1440x1080"",""16:9"":""1280x720""}},""2K"":{""sizes"":{""1:1"":""2048x2048"",""2:3"":""1440x2160"",""3:4"":""1440x1920"",""9:16"":""1440x2560"",""21:9"":""2520x1080"",""3:2"":""2160x1440"",""4:3"":""1920x1440"",""16:9"":""2560x1440""}},""4K"":{""sizes"":{""1:1"":""4096x4096"",""2:3"":""3328x4992"",""3:4"":""3584x4800"",""9:16"":""2160x3840"",""21:9"":""5040x2160"",""3:2"":""4992x3328"",""4:3"":""4800x3584"",""16:9"":""3840x2160""}}},""auto"":""square""}}","{""source"":""https://cloud.tencent.com/document/product/1823/130055"",""checkedAt"":""2026-09-22"",""amount"":null,""currency"":""CNY"",""unit"":""million tokens"",""market"":""Guangzhou online postpaid"",""accountTariffConfirmed"":false,""perMillionOutputTokens"":10,""tokensPerImage"":{""1K"":16200,""2K"":18000,""4K"":22500}}",广州入口；新加坡独立密钥及型号目录待确认,Bearer API Key；账号权限未实测,异步任务号 GET 查询；丢失任务号停止，不重提,2026-09-22,https://cloud.tencent.com/document/product/1823/137203,https://cloud.tencent.com/document/product/1823/137203,
tokenhub,tencent,WAND-Vega-Image-1.0-Flash,wand-vega-image-flash,stable,,image,尚未登记,适配链路已完成但真实调用未验证,真实账号权限、真实推理、账单与质量待确认；,补齐专用接口、尺寸、图片名额与结果恢复。,vega,"{""model"":6,""productAuxiliary"":8,""sourceCounts"":true}",false,false,,"{""generation"":{""mode"":""table"",""tiers"":{""1K"":{""sizes"":{""1:1"":""1024x1024"",""2:3"":""1024x1536"",""3:4"":""1080x1440"",""9:16"":""720x1280"",""21:9"":""1512x648"",""3:2"":""1536x1024"",""4:3"":""1440x1080"",""16:9"":""1280x720""}},""2K"":{""sizes"":{""1:1"":""2048x2048"",""2:3"":""1440x2160"",""3:4"":""1440x1920"",""9:16"":""1440x2560"",""21:9"":""2520x1080"",""3:2"":""2160x1440"",""4:3"":""1920x1440"",""16:9"":""2560x1440""}},""4K"":{""sizes"":{""1:1"":""4096x4096"",""2:3"":""3328x4992"",""3:4"":""3584x4800"",""9:16"":""2160x3840"",""21:9"":""5040x2160"",""3:2"":""4992x3328"",""4:3"":""4800x3584"",""16:9"":""3840x2160""}}},""auto"":""square""},""editing"":{""mode"":""table"",""tiers"":{""1K"":{""sizes"":{""1:1"":""1024x1024"",""2:3"":""1024x1536"",""3:4"":""1080x1440"",""9:16"":""720x1280"",""21:9"":""1512x648"",""3:2"":""1536x1024"",""4:3"":""1440x1080"",""16:9"":""1280x720""}},""2K"":{""sizes"":{""1:1"":""2048x2048"",""2:3"":""1440x2160"",""3:4"":""1440x1920"",""9:16"":""1440x2560"",""21:9"":""2520x1080"",""3:2"":""2160x1440"",""4:3"":""1920x1440"",""16:9"":""2560x1440""}},""4K"":{""sizes"":{""1:1"":""4096x4096"",""2:3"":""3328x4992"",""3:4"":""3584x4800"",""9:16"":""2160x3840"",""21:9"":""5040x2160"",""3:2"":""4992x3328"",""4:3"":""4800x3584"",""16:9"":""3840x2160""}}},""auto"":""square""}}","{""source"":""https://cloud.tencent.com/document/product/1823/130055"",""checkedAt"":""2026-09-22"",""amount"":null,""currency"":""CNY"",""unit"":""million tokens"",""market"":""Guangzhou online postpaid"",""accountTariffConfirmed"":false,""perMillionOutputTokens"":10,""tokensPerImage"":{""1K"":45000,""2K"":67500,""4K"":100800}}",广州入口；新加坡独立密钥及型号目录待确认,Bearer API Key；账号权限未实测,异步任务号 GET 查询；丢失任务号停止，不重提,2026-09-22,https://cloud.tencent.com/document/product/1823/137203,https://cloud.tencent.com/document/product/1823/137203,
tokenhub,tencent,WAND-Vega-Image-1.0-Pro,wand-vega-image-pro,stable,,image,尚未登记,适配链路已完成但真实调用未验证,真实账号权限、真实推理、账单与质量待确认；,补齐专用接口、尺寸、图片名额与结果恢复。,vega,"{""model"":6,""productAuxiliary"":8,""sourceCounts"":true}",false,false,,"{""generation"":{""mode"":""table"",""tiers"":{""1K"":{""sizes"":{""1:1"":""1024x1024"",""2:3"":""1024x1536"",""3:4"":""1080x1440"",""9:16"":""720x1280"",""21:9"":""1512x648"",""3:2"":""1536x1024"",""4:3"":""1440x1080"",""16:9"":""1280x720""}},""2K"":{""sizes"":{""1:1"":""2048x2048"",""2:3"":""1440x2160"",""3:4"":""1440x1920"",""9:16"":""1440x2560"",""21:9"":""2520x1080"",""3:2"":""2160x1440"",""4:3"":""1920x1440"",""16:9"":""2560x1440""}},""4K"":{""sizes"":{""1:1"":""4096x4096"",""2:3"":""3328x4992"",""3:4"":""3584x4800"",""9:16"":""2160x3840"",""21:9"":""5040x2160"",""3:2"":""4992x3328"",""4:3"":""4800x3584"",""16:9"":""3840x2160""}}},""auto"":""square""},""editing"":{""mode"":""table"",""tiers"":{""1K"":{""sizes"":{""1:1"":""1024x1024"",""2:3"":""1024x1536"",""3:4"":""1080x1440"",""9:16"":""720x1280"",""21:9"":""1512x648"",""3:2"":""1536x1024"",""4:3"":""1440x1080"",""16:9"":""1280x720""}},""2K"":{""sizes"":{""1:1"":""2048x2048"",""2:3"":""1440x2160"",""3:4"":""1440x1920"",""9:16"":""1440x2560"",""21:9"":""2520x1080"",""3:2"":""2160x1440"",""4:3"":""1920x1440"",""16:9"":""2560x1440""}},""4K"":{""sizes"":{""1:1"":""4096x4096"",""2:3"":""3328x4992"",""3:4"":""3584x4800"",""9:16"":""2160x3840"",""21:9"":""5040x2160"",""3:2"":""4992x3328"",""4:3"":""4800x3584"",""16:9"":""3840x2160""}}},""auto"":""square""}}","{""source"":""https://cloud.tencent.com/document/product/1823/130055"",""checkedAt"":""2026-09-22"",""amount"":null,""currency"":""CNY"",""unit"":""million tokens"",""market"":""Guangzhou online postpaid"",""accountTariffConfirmed"":false,""perMillionOutputTokens"":10,""tokensPerImage"":{""1K"":95000,""2K"":95000,""4K"":171000,""inputAfterFirstThreeEach"":10000}}",广州入口；新加坡独立密钥及型号目录待确认,Bearer API Key；账号权限未实测,异步任务号 GET 查询；丢失任务号停止，不重提,2026-09-22,https://cloud.tencent.com/document/product/1823/137203,https://cloud.tencent.com/document/product/1823/137203,
tokenhub,shengshu,Vidu-Image-q2,vidu-image-q2,stable,,image,尚未登记,适配链路已完成但真实调用未验证,真实账号权限、真实推理、账单与质量待确认；,补齐专用接口、尺寸、图片名额与结果恢复。,vidu,"{""model"":7,""productAuxiliary"":8,""sourceCounts"":true}",false,false,,"{""generation"":{""mode"":""ratio"",""tiers"":{""1K"":{},""2K"":{},""4K"":{}},""ratios"":[""1:1"",""16:9"",""9:16"",""3:4"",""4:3"",""21:9"",""2:3"",""3:2""],""auto"":""square""},""editing"":{""mode"":""ratio"",""tiers"":{""1K"":{},""2K"":{},""4K"":{}},""ratios"":[""1:1"",""16:9"",""9:16"",""3:4"",""4:3"",""21:9"",""2:3"",""3:2""],""auto"":""square""}}","{""source"":""https://cloud.tencent.com/document/product/1823/130055"",""checkedAt"":""2026-09-22"",""amount"":null,""currency"":""CNY"",""unit"":""million tokens"",""market"":""Guangzhou online postpaid"",""accountTariffConfirmed"":false,""perMillionOutputTokens"":10,""tokensPerImageByInputCount"":{""0"":[18750,25000,31250],""1–3"":[25000,37500,62500],""4–7"":[31250,50000,93750]},""resolutions"":[""1080p"",""2K"",""4K""]}",广州入口；新加坡独立密钥及型号目录待确认,Bearer API Key；账号权限未实测,异步任务号 GET 查询；丢失任务号停止，不重提,2026-09-22,https://cloud.tencent.com/document/product/1823/135746,https://cloud.tencent.com/document/product/1823/135746,
tokenhub,bytedance,Seedream-Image-v5.0-pro,seedream-image-v5.0-pro,stable,,image,尚未登记,适配链路已完成但真实调用未验证,真实账号权限、真实推理、账单与质量待确认；,补齐专用接口、尺寸、图片名额与结果恢复。目录ID大小写与接口示例冲突；使用详情示例小写ID，真实服务待确认。,seedream,"{""model"":10,""productAuxiliary"":8,""sourceCounts"":true}",false,false,,"{""generation"":{""mode"":""pixels"",""tiers"":{""1K"":{""targetPixels"":1048576},""1.5K"":{""targetPixels"":2359296},""2K"":{""targetPixels"":4194304}},""minSide"":256,""maxSide"":16383,""minPixels"":921600,""maxPixels"":4624220,""maxRatio"":16,""alignment"":1,""auto"":""square""},""editing"":{""mode"":""pixels"",""tiers"":{""1K"":{""targetPixels"":1048576},""1.5K"":{""targetPixels"":2359296},""2K"":{""targetPixels"":4194304}},""minSide"":256,""maxSide"":16383,""minPixels"":921600,""maxPixels"":4624220,""maxRatio"":16,""alignment"":1,""auto"":""square""}}","{""source"":""https://cloud.tencent.com/document/product/1823/130055"",""checkedAt"":""2026-09-22"",""amount"":null,""currency"":""CNY"",""unit"":""million tokens"",""market"":""Guangzhou online postpaid"",""accountTariffConfirmed"":false,""perMillionOutputTokens"":10,""tokensPerImage"":{""output≤2.61MP"":30000,""output>2.61MP"":60000,""inputAfterFirstEach"":2000}}",广州入口；新加坡独立密钥及型号目录待确认,Bearer API Key；账号权限未实测,同步结果未知停止；已保存 URL 仅重试下载,2026-09-22,https://cloud.tencent.com/document/product/1823/136609,https://cloud.tencent.com/document/product/1823/136609,
tokenhub,bytedance,Seedream-Image-v5.0-lite,seedream-image-v5.0-lite,stable,,image,尚未登记,适配链路已完成但真实调用未验证,真实账号权限、真实推理、账单与质量待确认；,补齐专用接口、尺寸、图片名额与结果恢复。目录ID大小写与接口示例冲突；使用详情示例小写ID，真实服务待确认。,seedream,"{""model"":14,""productAuxiliary"":8,""sourceCounts"":true}",false,false,,"{""generation"":{""mode"":""pixels"",""tiers"":{""2K"":{""targetPixels"":4194304},""3K"":{""targetPixels"":9437184},""4K"":{""targetPixels"":16777216}},""minSide"":256,""maxSide"":16383,""minPixels"":3686400,""maxPixels"":16777216,""maxRatio"":16,""alignment"":1,""auto"":""square""},""editing"":{""mode"":""pixels"",""tiers"":{""2K"":{""targetPixels"":4194304},""3K"":{""targetPixels"":9437184},""4K"":{""targetPixels"":16777216}},""minSide"":256,""maxSide"":16383,""minPixels"":3686400,""maxPixels"":16777216,""maxRatio"":16,""alignment"":1,""auto"":""square""}}","{""source"":""https://cloud.tencent.com/document/product/1823/130055"",""checkedAt"":""2026-09-22"",""amount"":null,""currency"":""CNY"",""unit"":""million tokens"",""market"":""Guangzhou online postpaid"",""accountTariffConfirmed"":false,""perMillionOutputTokens"":10,""tokensPerImage"":22000}",广州入口；新加坡独立密钥及型号目录待确认,Bearer API Key；账号权限未实测,同步结果未知停止；已保存 URL 仅重试下载,2026-09-22,https://cloud.tencent.com/document/product/1823/136609,https://cloud.tencent.com/document/product/1823/136609,
tokenhub,待确认,HY-Image-V3.0（2026-09-15下线）,hy-image-v3.0,详见处理决定,,范围外/待确认,尚未登记,尚未登记,官方已下线，不开放新选择；不把价格表仍列出视为可用。,官方已下线，不开放新选择；不把价格表仍列出视为可用。,未接入,"{""productVision"":0}",false,false,,{},"{""status"":""待确认""}",广州入口；新加坡独立密钥及型号目录待确认,Bearer API Key；账号权限未实测,同步结果未知停止；已保存 URL 仅重试下载,2026-09-22,https://cloud.tencent.com/document/product/1823/130051,,
tokenhub,待确认,HY-Image-Lite（2026-09-15下线）,hy-image-lite,详见处理决定,,范围外/待确认,尚未登记,尚未登记,官方已下线，不开放新选择；不把价格表仍列出视为可用。,官方已下线，不开放新选择；不把价格表仍列出视为可用。,未接入,"{""productVision"":0}",false,false,,{},"{""status"":""待确认""}",广州入口；新加坡独立密钥及型号目录待确认,Bearer API Key；账号权限未实测,同步结果未知停止；已保存 URL 仅重试下载,2026-09-22,https://cloud.tencent.com/document/product/1823/130051,,
tokenhub,待确认,WAND-Vega-Video-1.0-Lite,wand-vega-video-1.0-lite,详见处理决定,,范围外/待确认,尚未登记,尚未登记,视频/音频/3D/嵌入专用，超出本轮科研图工作流。,视频/音频/3D/嵌入专用，超出本轮科研图工作流。,未接入,"{""productVision"":0}",false,false,,{},"{""status"":""待确认""}",广州入口；新加坡独立密钥及型号目录待确认,Bearer API Key；账号权限未实测,同步结果未知停止；已保存 URL 仅重试下载,2026-09-22,https://cloud.tencent.com/document/product/1823/130051,,
tokenhub,待确认,MiniMax-Video-H3-Max,minimax-video-h3-max,详见处理决定,,范围外/待确认,尚未登记,尚未登记,视频/音频/3D/嵌入专用，超出本轮科研图工作流。,视频/音频/3D/嵌入专用，超出本轮科研图工作流。,未接入,"{""productVision"":0}",false,false,,{},"{""status"":""待确认""}",广州入口；新加坡独立密钥及型号目录待确认,Bearer API Key；账号权限未实测,同步结果未知停止；已保存 URL 仅重试下载,2026-09-22,https://cloud.tencent.com/document/product/1823/130051,,
tokenhub,待确认,MiniMax-Video-H3,minimax-video-h3,详见处理决定,,范围外/待确认,尚未登记,尚未登记,视频/音频/3D/嵌入专用，超出本轮科研图工作流。,视频/音频/3D/嵌入专用，超出本轮科研图工作流。,未接入,"{""productVision"":0}",false,false,,{},"{""status"":""待确认""}",广州入口；新加坡独立密钥及型号目录待确认,Bearer API Key；账号权限未实测,同步结果未知停止；已保存 URL 仅重试下载,2026-09-22,https://cloud.tencent.com/document/product/1823/130051,,
tokenhub,待确认,MiniMax-Video-v2.3,minimax-video-v2.3,详见处理决定,,范围外/待确认,尚未登记,尚未登记,视频/音频/3D/嵌入专用，超出本轮科研图工作流。,视频/音频/3D/嵌入专用，超出本轮科研图工作流。,未接入,"{""productVision"":0}",false,false,,{},"{""status"":""待确认""}",广州入口；新加坡独立密钥及型号目录待确认,Bearer API Key；账号权限未实测,同步结果未知停止；已保存 URL 仅重试下载,2026-09-22,https://cloud.tencent.com/document/product/1823/130051,,
tokenhub,待确认,MiniMax-Video-v2.3-fast,minimax-video-v2.3-fast,详见处理决定,,范围外/待确认,尚未登记,尚未登记,视频/音频/3D/嵌入专用，超出本轮科研图工作流。,视频/音频/3D/嵌入专用，超出本轮科研图工作流。,未接入,"{""productVision"":0}",false,false,,{},"{""status"":""待确认""}",广州入口；新加坡独立密钥及型号目录待确认,Bearer API Key；账号权限未实测,同步结果未知停止；已保存 URL 仅重试下载,2026-09-22,https://cloud.tencent.com/document/product/1823/130051,,
tokenhub,待确认,Kling-Video-V3,kling-video-v3,详见处理决定,,范围外/待确认,尚未登记,尚未登记,视频/音频/3D/嵌入专用，超出本轮科研图工作流。,视频/音频/3D/嵌入专用，超出本轮科研图工作流。,未接入,"{""productVision"":0}",false,false,,{},"{""status"":""待确认""}",广州入口；新加坡独立密钥及型号目录待确认,Bearer API Key；账号权限未实测,同步结果未知停止；已保存 URL 仅重试下载,2026-09-22,https://cloud.tencent.com/document/product/1823/130051,,
tokenhub,待确认,Kling-Video-V3-omni,kling-video-v3-omni,详见处理决定,,范围外/待确认,尚未登记,尚未登记,视频/音频/3D/嵌入专用，超出本轮科研图工作流。,视频/音频/3D/嵌入专用，超出本轮科研图工作流。,未接入,"{""productVision"":0}",false,false,,{},"{""status"":""待确认""}",广州入口；新加坡独立密钥及型号目录待确认,Bearer API Key；账号权限未实测,同步结果未知停止；已保存 URL 仅重试下载,2026-09-22,https://cloud.tencent.com/document/product/1823/130051,,
tokenhub,待确认,Kling-Video-V3-turbo,kling-video-v3-turbo,详见处理决定,,范围外/待确认,尚未登记,尚未登记,视频/音频/3D/嵌入专用，超出本轮科研图工作流。,视频/音频/3D/嵌入专用，超出本轮科研图工作流。,未接入,"{""productVision"":0}",false,false,,{},"{""status"":""待确认""}",广州入口；新加坡独立密钥及型号目录待确认,Bearer API Key；账号权限未实测,同步结果未知停止；已保存 URL 仅重试下载,2026-09-22,https://cloud.tencent.com/document/product/1823/130051,,
tokenhub,待确认,Kling-Video-V2.6,kling-video-v2.6,详见处理决定,,范围外/待确认,尚未登记,尚未登记,视频/音频/3D/嵌入专用，超出本轮科研图工作流。,视频/音频/3D/嵌入专用，超出本轮科研图工作流。,未接入,"{""productVision"":0}",false,false,,{},"{""status"":""待确认""}",广州入口；新加坡独立密钥及型号目录待确认,Bearer API Key；账号权限未实测,同步结果未知停止；已保存 URL 仅重试下载,2026-09-22,https://cloud.tencent.com/document/product/1823/130051,,
tokenhub,待确认,Kling-Video-V2.5-turbo,kling-video-v2.5-turbo,详见处理决定,,范围外/待确认,尚未登记,尚未登记,视频/音频/3D/嵌入专用，超出本轮科研图工作流。,视频/音频/3D/嵌入专用，超出本轮科研图工作流。,未接入,"{""productVision"":0}",false,false,,{},"{""status"":""待确认""}",广州入口；新加坡独立密钥及型号目录待确认,Bearer API Key；账号权限未实测,同步结果未知停止；已保存 URL 仅重试下载,2026-09-22,https://cloud.tencent.com/document/product/1823/130051,,
tokenhub,待确认,Kling-Video-O1,kling-video-o1,详见处理决定,,范围外/待确认,尚未登记,尚未登记,视频/音频/3D/嵌入专用，超出本轮科研图工作流。,视频/音频/3D/嵌入专用，超出本轮科研图工作流。,未接入,"{""productVision"":0}",false,false,,{},"{""status"":""待确认""}",广州入口；新加坡独立密钥及型号目录待确认,Bearer API Key；账号权限未实测,同步结果未知停止；已保存 URL 仅重试下载,2026-09-22,https://cloud.tencent.com/document/product/1823/130051,,
tokenhub,待确认,Kling-Video-v3（2026-09-15下线）,kl-video-v3,详见处理决定,,范围外/待确认,尚未登记,尚未登记,官方已下线，不开放新选择；不把价格表仍列出视为可用。,官方已下线，不开放新选择；不把价格表仍列出视为可用。,未接入,"{""productVision"":0}",false,false,,{},"{""status"":""待确认""}",广州入口；新加坡独立密钥及型号目录待确认,Bearer API Key；账号权限未实测,同步结果未知停止；已保存 URL 仅重试下载,2026-09-22,https://cloud.tencent.com/document/product/1823/130051,,
tokenhub,待确认,Kling-Video-v2.6（2026-09-15下线）,kl-video-v2-6,详见处理决定,,范围外/待确认,尚未登记,尚未登记,官方已下线，不开放新选择；不把价格表仍列出视为可用。,官方已下线，不开放新选择；不把价格表仍列出视为可用。,未接入,"{""productVision"":0}",false,false,,{},"{""status"":""待确认""}",广州入口；新加坡独立密钥及型号目录待确认,Bearer API Key；账号权限未实测,同步结果未知停止；已保存 URL 仅重试下载,2026-09-22,https://cloud.tencent.com/document/product/1823/130051,,
tokenhub,待确认,Kling-Video-v2.5-turbo（2026-09-15下线）,kl-video-v2-5-turbo,详见处理决定,,范围外/待确认,尚未登记,尚未登记,官方已下线，不开放新选择；不把价格表仍列出视为可用。,官方已下线，不开放新选择；不把价格表仍列出视为可用。,未接入,"{""productVision"":0}",false,false,,{},"{""status"":""待确认""}",广州入口；新加坡独立密钥及型号目录待确认,Bearer API Key；账号权限未实测,同步结果未知停止；已保存 URL 仅重试下载,2026-09-22,https://cloud.tencent.com/document/product/1823/130051,,
tokenhub,待确认,Kling-Video-v2.1-master（2026-09-15下线）,kl-video-v2-1-master,详见处理决定,,范围外/待确认,尚未登记,尚未登记,官方已下线，不开放新选择；不把价格表仍列出视为可用。,官方已下线，不开放新选择；不把价格表仍列出视为可用。,未接入,"{""productVision"":0}",false,false,,{},"{""status"":""待确认""}",广州入口；新加坡独立密钥及型号目录待确认,Bearer API Key；账号权限未实测,同步结果未知停止；已保存 URL 仅重试下载,2026-09-22,https://cloud.tencent.com/document/product/1823/130051,,
tokenhub,待确认,Kling-Video-v2.1（2026-09-15下线）,kl-video-v2-1,详见处理决定,,范围外/待确认,尚未登记,尚未登记,官方已下线，不开放新选择；不把价格表仍列出视为可用。,官方已下线，不开放新选择；不把价格表仍列出视为可用。,未接入,"{""productVision"":0}",false,false,,{},"{""status"":""待确认""}",广州入口；新加坡独立密钥及型号目录待确认,Bearer API Key；账号权限未实测,同步结果未知停止；已保存 URL 仅重试下载,2026-09-22,https://cloud.tencent.com/document/product/1823/130051,,
tokenhub,待确认,Kling-Video-v2-master（2026-09-15下线）,kl-video-v2-master,详见处理决定,,范围外/待确认,尚未登记,尚未登记,官方已下线，不开放新选择；不把价格表仍列出视为可用。,官方已下线，不开放新选择；不把价格表仍列出视为可用。,未接入,"{""productVision"":0}",false,false,,{},"{""status"":""待确认""}",广州入口；新加坡独立密钥及型号目录待确认,Bearer API Key；账号权限未实测,同步结果未知停止；已保存 URL 仅重试下载,2026-09-22,https://cloud.tencent.com/document/product/1823/130051,,
tokenhub,待确认,Kling-Video-v1.6（2026-09-15下线）,kl-video-v1-6,详见处理决定,,范围外/待确认,尚未登记,尚未登记,官方已下线，不开放新选择；不把价格表仍列出视为可用。,官方已下线，不开放新选择；不把价格表仍列出视为可用。,未接入,"{""productVision"":0}",false,false,,{},"{""status"":""待确认""}",广州入口；新加坡独立密钥及型号目录待确认,Bearer API Key；账号权限未实测,同步结果未知停止；已保存 URL 仅重试下载,2026-09-22,https://cloud.tencent.com/document/product/1823/130051,,
tokenhub,待确认,Kling-Video-v1.5（2026-09-15下线）,kl-video-v1-5,详见处理决定,,范围外/待确认,尚未登记,尚未登记,官方已下线，不开放新选择；不把价格表仍列出视为可用。,官方已下线，不开放新选择；不把价格表仍列出视为可用。,未接入,"{""productVision"":0}",false,false,,{},"{""status"":""待确认""}",广州入口；新加坡独立密钥及型号目录待确认,Bearer API Key；账号权限未实测,同步结果未知停止；已保存 URL 仅重试下载,2026-09-22,https://cloud.tencent.com/document/product/1823/130051,,
tokenhub,待确认,Kling-Video-v1（2026-09-15下线）,kl-video-v1,详见处理决定,,范围外/待确认,尚未登记,尚未登记,官方已下线，不开放新选择；不把价格表仍列出视为可用。,官方已下线，不开放新选择；不把价格表仍列出视为可用。,未接入,"{""productVision"":0}",false,false,,{},"{""status"":""待确认""}",广州入口；新加坡独立密钥及型号目录待确认,Bearer API Key；账号权限未实测,同步结果未知停止；已保存 URL 仅重试下载,2026-09-22,https://cloud.tencent.com/document/product/1823/130051,,
tokenhub,待确认,Vidu-Video-q3.0-pro,vidu-video-q3-pro,详见处理决定,,范围外/待确认,尚未登记,尚未登记,视频/音频/3D/嵌入专用，超出本轮科研图工作流。,视频/音频/3D/嵌入专用，超出本轮科研图工作流。,未接入,"{""productVision"":0}",false,false,,{},"{""status"":""待确认""}",广州入口；新加坡独立密钥及型号目录待确认,Bearer API Key；账号权限未实测,同步结果未知停止；已保存 URL 仅重试下载,2026-09-22,https://cloud.tencent.com/document/product/1823/130051,,
tokenhub,待确认,Vidu-Video-q3.0-turbo,vidu-video-q3-turbo,详见处理决定,,范围外/待确认,尚未登记,尚未登记,视频/音频/3D/嵌入专用，超出本轮科研图工作流。,视频/音频/3D/嵌入专用，超出本轮科研图工作流。,未接入,"{""productVision"":0}",false,false,,{},"{""status"":""待确认""}",广州入口；新加坡独立密钥及型号目录待确认,Bearer API Key；账号权限未实测,同步结果未知停止；已保存 URL 仅重试下载,2026-09-22,https://cloud.tencent.com/document/product/1823/130051,,
tokenhub,待确认,Vidu-Video-q3.0,vidu-video-q3,详见处理决定,,范围外/待确认,尚未登记,尚未登记,视频/音频/3D/嵌入专用，超出本轮科研图工作流。,视频/音频/3D/嵌入专用，超出本轮科研图工作流。,未接入,"{""productVision"":0}",false,false,,{},"{""status"":""待确认""}",广州入口；新加坡独立密钥及型号目录待确认,Bearer API Key；账号权限未实测,同步结果未知停止；已保存 URL 仅重试下载,2026-09-22,https://cloud.tencent.com/document/product/1823/130051,,
tokenhub,待确认,Vidu-Video-q2.0,vidu-video-q2,详见处理决定,,范围外/待确认,尚未登记,尚未登记,视频/音频/3D/嵌入专用，超出本轮科研图工作流。,视频/音频/3D/嵌入专用，超出本轮科研图工作流。,未接入,"{""productVision"":0}",false,false,,{},"{""status"":""待确认""}",广州入口；新加坡独立密钥及型号目录待确认,Bearer API Key；账号权限未实测,同步结果未知停止；已保存 URL 仅重试下载,2026-09-22,https://cloud.tencent.com/document/product/1823/130051,,
tokenhub,待确认,Vidu-Video-q2.0-pro,vidu-video-q2-pro,详见处理决定,,范围外/待确认,尚未登记,尚未登记,视频/音频/3D/嵌入专用，超出本轮科研图工作流。,视频/音频/3D/嵌入专用，超出本轮科研图工作流。,未接入,"{""productVision"":0}",false,false,,{},"{""status"":""待确认""}",广州入口；新加坡独立密钥及型号目录待确认,Bearer API Key；账号权限未实测,同步结果未知停止；已保存 URL 仅重试下载,2026-09-22,https://cloud.tencent.com/document/product/1823/130051,,
tokenhub,待确认,Vidu-Video-q2.0-turbo,vidu-video-q2-turbo,详见处理决定,,范围外/待确认,尚未登记,尚未登记,视频/音频/3D/嵌入专用，超出本轮科研图工作流。,视频/音频/3D/嵌入专用，超出本轮科研图工作流。,未接入,"{""productVision"":0}",false,false,,{},"{""status"":""待确认""}",广州入口；新加坡独立密钥及型号目录待确认,Bearer API Key；账号权限未实测,同步结果未知停止；已保存 URL 仅重试下载,2026-09-22,https://cloud.tencent.com/document/product/1823/130051,,
tokenhub,待确认,Vidu-Video-q3-pro（2026-09-15下线）,vd-video-q3-pro,详见处理决定,,范围外/待确认,尚未登记,尚未登记,官方已下线，不开放新选择；不把价格表仍列出视为可用。,官方已下线，不开放新选择；不把价格表仍列出视为可用。,未接入,"{""productVision"":0}",false,false,,{},"{""status"":""待确认""}",广州入口；新加坡独立密钥及型号目录待确认,Bearer API Key；账号权限未实测,同步结果未知停止；已保存 URL 仅重试下载,2026-09-22,https://cloud.tencent.com/document/product/1823/130051,,
tokenhub,待确认,Vidu-Video-q3-turbo（2026-09-15下线）,vd-video-q3-turbo,详见处理决定,,范围外/待确认,尚未登记,尚未登记,官方已下线，不开放新选择；不把价格表仍列出视为可用。,官方已下线，不开放新选择；不把价格表仍列出视为可用。,未接入,"{""productVision"":0}",false,false,,{},"{""status"":""待确认""}",广州入口；新加坡独立密钥及型号目录待确认,Bearer API Key；账号权限未实测,同步结果未知停止；已保存 URL 仅重试下载,2026-09-22,https://cloud.tencent.com/document/product/1823/130051,,
tokenhub,待确认,Vidu-Video-q2-pro（2026-09-15下线）,vd-video-q2-pro,详见处理决定,,范围外/待确认,尚未登记,尚未登记,官方已下线，不开放新选择；不把价格表仍列出视为可用。,官方已下线，不开放新选择；不把价格表仍列出视为可用。,未接入,"{""productVision"":0}",false,false,,{},"{""status"":""待确认""}",广州入口；新加坡独立密钥及型号目录待确认,Bearer API Key；账号权限未实测,同步结果未知停止；已保存 URL 仅重试下载,2026-09-22,https://cloud.tencent.com/document/product/1823/130051,,
tokenhub,待确认,Vidu-Video-q2-pro-fast（2026-09-15下线）,vd-video-q2-pro-fast,详见处理决定,,范围外/待确认,尚未登记,尚未登记,官方已下线，不开放新选择；不把价格表仍列出视为可用。,官方已下线，不开放新选择；不把价格表仍列出视为可用。,未接入,"{""productVision"":0}",false,false,,{},"{""status"":""待确认""}",广州入口；新加坡独立密钥及型号目录待确认,Bearer API Key；账号权限未实测,同步结果未知停止；已保存 URL 仅重试下载,2026-09-22,https://cloud.tencent.com/document/product/1823/130051,,
tokenhub,待确认,Vidu-Video-q2-turbo（2026-09-15下线）,vd-video-q2-turbo,详见处理决定,,范围外/待确认,尚未登记,尚未登记,官方已下线，不开放新选择；不把价格表仍列出视为可用。,官方已下线，不开放新选择；不把价格表仍列出视为可用。,未接入,"{""productVision"":0}",false,false,,{},"{""status"":""待确认""}",广州入口；新加坡独立密钥及型号目录待确认,Bearer API Key；账号权限未实测,同步结果未知停止；已保存 URL 仅重试下载,2026-09-22,https://cloud.tencent.com/document/product/1823/130051,,
tokenhub,待确认,Vidu-Video-q2（2026-09-15下线）,vd-video-q2,详见处理决定,,范围外/待确认,尚未登记,尚未登记,官方已下线，不开放新选择；不把价格表仍列出视为可用。,官方已下线，不开放新选择；不把价格表仍列出视为可用。,未接入,"{""productVision"":0}",false,false,,{},"{""status"":""待确认""}",广州入口；新加坡独立密钥及型号目录待确认,Bearer API Key；账号权限未实测,同步结果未知停止；已保存 URL 仅重试下载,2026-09-22,https://cloud.tencent.com/document/product/1823/130051,,
tokenhub,待确认,PixVerse-Video-v6,pixverse-video-v6.0,详见处理决定,,范围外/待确认,尚未登记,尚未登记,视频/音频/3D/嵌入专用，超出本轮科研图工作流。,视频/音频/3D/嵌入专用，超出本轮科研图工作流。,未接入,"{""productVision"":0}",false,false,,{},"{""status"":""待确认""}",广州入口；新加坡独立密钥及型号目录待确认,Bearer API Key；账号权限未实测,同步结果未知停止；已保存 URL 仅重试下载,2026-09-22,https://cloud.tencent.com/document/product/1823/130051,,
tokenhub,待确认,PixVerse-Video-v5.6,pixverse-video-v5.6,详见处理决定,,范围外/待确认,尚未登记,尚未登记,视频/音频/3D/嵌入专用，超出本轮科研图工作流。,视频/音频/3D/嵌入专用，超出本轮科研图工作流。,未接入,"{""productVision"":0}",false,false,,{},"{""status"":""待确认""}",广州入口；新加坡独立密钥及型号目录待确认,Bearer API Key；账号权限未实测,同步结果未知停止；已保存 URL 仅重试下载,2026-09-22,https://cloud.tencent.com/document/product/1823/130051,,
tokenhub,待确认,PixVerse-Video-c1,pixverse-video-c1,详见处理决定,,范围外/待确认,尚未登记,尚未登记,视频/音频/3D/嵌入专用，超出本轮科研图工作流。,视频/音频/3D/嵌入专用，超出本轮科研图工作流。,未接入,"{""productVision"":0}",false,false,,{},"{""status"":""待确认""}",广州入口；新加坡独立密钥及型号目录待确认,Bearer API Key；账号权限未实测,同步结果未知停止；已保存 URL 仅重试下载,2026-09-22,https://cloud.tencent.com/document/product/1823/130051,,
tokenhub,待确认,HY-Video-1.5,hy-video-1.5,详见处理决定,,范围外/待确认,尚未登记,尚未登记,视频/音频/3D/嵌入专用，超出本轮科研图工作流。,视频/音频/3D/嵌入专用，超出本轮科研图工作流。,未接入,"{""productVision"":0}",false,false,,{},"{""status"":""待确认""}",广州入口；新加坡独立密钥及型号目录待确认,Bearer API Key；账号权限未实测,同步结果未知停止；已保存 URL 仅重试下载,2026-09-22,https://cloud.tencent.com/document/product/1823/130051,,
tokenhub,待确认,YT-Video-2.0,yt-video-2.0,详见处理决定,,范围外/待确认,尚未登记,尚未登记,视频/音频/3D/嵌入专用，超出本轮科研图工作流。,视频/音频/3D/嵌入专用，超出本轮科研图工作流。,未接入,"{""productVision"":0}",false,false,,{},"{""status"":""待确认""}",广州入口；新加坡独立密钥及型号目录待确认,Bearer API Key；账号权限未实测,同步结果未知停止；已保存 URL 仅重试下载,2026-09-22,https://cloud.tencent.com/document/product/1823/130051,,
tokenhub,待确认,YT-Video-HumanActor,yt-video-humanactor,详见处理决定,,范围外/待确认,尚未登记,尚未登记,视频/音频/3D/嵌入专用，超出本轮科研图工作流。,视频/音频/3D/嵌入专用，超出本轮科研图工作流。,未接入,"{""productVision"":0}",false,false,,{},"{""status"":""待确认""}",广州入口；新加坡独立密钥及型号目录待确认,Bearer API Key；账号权限未实测,同步结果未知停止；已保存 URL 仅重试下载,2026-09-22,https://cloud.tencent.com/document/product/1823/130051,,
tokenhub,待确认,YT-Video-FX,yt-video-fx,详见处理决定,,范围外/待确认,尚未登记,尚未登记,视频/音频/3D/嵌入专用，超出本轮科研图工作流。,视频/音频/3D/嵌入专用，超出本轮科研图工作流。,未接入,"{""productVision"":0}",false,false,,{},"{""status"":""待确认""}",广州入口；新加坡独立密钥及型号目录待确认,Bearer API Key；账号权限未实测,同步结果未知停止；已保存 URL 仅重试下载,2026-09-22,https://cloud.tencent.com/document/product/1823/130051,,
tokenhub,待确认,Hy-World-2.1-panorama,hy-world2-panorama,详见处理决定,,范围外/待确认,尚未登记,尚未登记,视频/音频/3D/嵌入专用，超出本轮科研图工作流。,视频/音频/3D/嵌入专用，超出本轮科研图工作流。,未接入,"{""productVision"":0}",false,false,,{},"{""status"":""待确认""}",广州入口；新加坡独立密钥及型号目录待确认,Bearer API Key；账号权限未实测,同步结果未知停止；已保存 URL 仅重试下载,2026-09-22,https://cloud.tencent.com/document/product/1823/130051,,
tokenhub,待确认,Hy-World-2.1-scene,hy-world2-scene,详见处理决定,,范围外/待确认,尚未登记,尚未登记,视频/音频/3D/嵌入专用，超出本轮科研图工作流。,视频/音频/3D/嵌入专用，超出本轮科研图工作流。,未接入,"{""productVision"":0}",false,false,,{},"{""status"":""待确认""}",广州入口；新加坡独立密钥及型号目录待确认,Bearer API Key；账号权限未实测,同步结果未知停止；已保存 URL 仅重试下载,2026-09-22,https://cloud.tencent.com/document/product/1823/130051,,
tokenhub,待确认,HY-3D-3.0,hy-3d-3.0,详见处理决定,,范围外/待确认,尚未登记,尚未登记,视频/音频/3D/嵌入专用，超出本轮科研图工作流。,视频/音频/3D/嵌入专用，超出本轮科研图工作流。,未接入,"{""productVision"":0}",false,false,,{},"{""status"":""待确认""}",广州入口；新加坡独立密钥及型号目录待确认,Bearer API Key；账号权限未实测,同步结果未知停止；已保存 URL 仅重试下载,2026-09-22,https://cloud.tencent.com/document/product/1823/130051,,
tokenhub,待确认,HY-3D-3.1,hy-3d-3.1,详见处理决定,,范围外/待确认,尚未登记,尚未登记,视频/音频/3D/嵌入专用，超出本轮科研图工作流。,视频/音频/3D/嵌入专用，超出本轮科研图工作流。,未接入,"{""productVision"":0}",false,false,,{},"{""status"":""待确认""}",广州入口；新加坡独立密钥及型号目录待确认,Bearer API Key；账号权限未实测,同步结果未知停止；已保存 URL 仅重试下载,2026-09-22,https://cloud.tencent.com/document/product/1823/130051,,
tokenhub,待确认,HY-3D-Express,hy-3d-express,详见处理决定,,范围外/待确认,尚未登记,尚未登记,视频/音频/3D/嵌入专用，超出本轮科研图工作流。,视频/音频/3D/嵌入专用，超出本轮科研图工作流。,未接入,"{""productVision"":0}",false,false,,{},"{""status"":""待确认""}",广州入口；新加坡独立密钥及型号目录待确认,Bearer API Key；账号权限未实测,同步结果未知停止；已保存 URL 仅重试下载,2026-09-22,https://cloud.tencent.com/document/product/1823/130051,,
tokenhub,待确认,HY-3D-Component,hy-3d-component,详见处理决定,,范围外/待确认,尚未登记,尚未登记,视频/音频/3D/嵌入专用，超出本轮科研图工作流。,视频/音频/3D/嵌入专用，超出本轮科研图工作流。,未接入,"{""productVision"":0}",false,false,,{},"{""status"":""待确认""}",广州入口；新加坡独立密钥及型号目录待确认,Bearer API Key；账号权限未实测,同步结果未知停止；已保存 URL 仅重试下载,2026-09-22,https://cloud.tencent.com/document/product/1823/130051,,
tokenhub,待确认,HY-3D-Format,hy-3d-format,详见处理决定,,范围外/待确认,尚未登记,尚未登记,视频/音频/3D/嵌入专用，超出本轮科研图工作流。,视频/音频/3D/嵌入专用，超出本轮科研图工作流。,未接入,"{""productVision"":0}",false,false,,{},"{""status"":""待确认""}",广州入口；新加坡独立密钥及型号目录待确认,Bearer API Key；账号权限未实测,同步结果未知停止；已保存 URL 仅重试下载,2026-09-22,https://cloud.tencent.com/document/product/1823/130051,,
tokenhub,待确认,HY-3D-Motion,hy-3d-motion,详见处理决定,,范围外/待确认,尚未登记,尚未登记,视频/音频/3D/嵌入专用，超出本轮科研图工作流。,视频/音频/3D/嵌入专用，超出本轮科研图工作流。,未接入,"{""productVision"":0}",false,false,,{},"{""status"":""待确认""}",广州入口；新加坡独立密钥及型号目录待确认,Bearer API Key；账号权限未实测,同步结果未知停止；已保存 URL 仅重试下载,2026-09-22,https://cloud.tencent.com/document/product/1823/130051,,
tokenhub,待确认,HY-3D-Retopology,hy-3d-retopology,详见处理决定,,范围外/待确认,尚未登记,尚未登记,视频/音频/3D/嵌入专用，超出本轮科研图工作流。,视频/音频/3D/嵌入专用，超出本轮科研图工作流。,未接入,"{""productVision"":0}",false,false,,{},"{""status"":""待确认""}",广州入口；新加坡独立密钥及型号目录待确认,Bearer API Key；账号权限未实测,同步结果未知停止；已保存 URL 仅重试下载,2026-09-22,https://cloud.tencent.com/document/product/1823/130051,,
tokenhub,待确认,HY-3D-Rigging,hy-3d-rigging,详见处理决定,,范围外/待确认,尚未登记,尚未登记,视频/音频/3D/嵌入专用，超出本轮科研图工作流。,视频/音频/3D/嵌入专用，超出本轮科研图工作流。,未接入,"{""productVision"":0}",false,false,,{},"{""status"":""待确认""}",广州入口；新加坡独立密钥及型号目录待确认,Bearer API Key；账号权限未实测,同步结果未知停止；已保存 URL 仅重试下载,2026-09-22,https://cloud.tencent.com/document/product/1823/130051,,
tokenhub,待确认,HY-3D-Texture,hy-3d-texture,详见处理决定,,范围外/待确认,尚未登记,尚未登记,视频/音频/3D/嵌入专用，超出本轮科研图工作流。,视频/音频/3D/嵌入专用，超出本轮科研图工作流。,未接入,"{""productVision"":0}",false,false,,{},"{""status"":""待确认""}",广州入口；新加坡独立密钥及型号目录待确认,Bearer API Key；账号权限未实测,同步结果未知停止；已保存 URL 仅重试下载,2026-09-22,https://cloud.tencent.com/document/product/1823/130051,,
tokenhub,待确认,HY-3D-UV,hy-3d-uv,详见处理决定,,范围外/待确认,尚未登记,尚未登记,视频/音频/3D/嵌入专用，超出本轮科研图工作流。,视频/音频/3D/嵌入专用，超出本轮科研图工作流。,未接入,"{""productVision"":0}",false,false,,{},"{""status"":""待确认""}",广州入口；新加坡独立密钥及型号目录待确认,Bearer API Key；账号权限未实测,同步结果未知停止；已保存 URL 仅重试下载,2026-09-22,https://cloud.tencent.com/document/product/1823/130051,,
tokenhub,待确认,Tripo-3D-3.1,tripo-3d-3.1,详见处理决定,,范围外/待确认,尚未登记,尚未登记,视频/音频/3D/嵌入专用，超出本轮科研图工作流。,视频/音频/3D/嵌入专用，超出本轮科研图工作流。,未接入,"{""productVision"":0}",false,false,,{},"{""status"":""待确认""}",广州入口；新加坡独立密钥及型号目录待确认,Bearer API Key；账号权限未实测,同步结果未知停止；已保存 URL 仅重试下载,2026-09-22,https://cloud.tencent.com/document/product/1823/130051,,
tokenhub,待确认,Tripo-3D-P1,tripo-3d-p1,详见处理决定,,范围外/待确认,尚未登记,尚未登记,视频/音频/3D/嵌入专用，超出本轮科研图工作流。,视频/音频/3D/嵌入专用，超出本轮科研图工作流。,未接入,"{""productVision"":0}",false,false,,{},"{""status"":""待确认""}",广州入口；新加坡独立密钥及型号目录待确认,Bearer API Key；账号权限未实测,同步结果未知停止；已保存 URL 仅重试下载,2026-09-22,https://cloud.tencent.com/document/product/1823/130051,,
tokenhub,待确认,Tripo-3D-Rigging-Check,tripo-3d-rigging-check,详见处理决定,,范围外/待确认,尚未登记,尚未登记,视频/音频/3D/嵌入专用，超出本轮科研图工作流。,视频/音频/3D/嵌入专用，超出本轮科研图工作流。,未接入,"{""productVision"":0}",false,false,,{},"{""status"":""待确认""}",广州入口；新加坡独立密钥及型号目录待确认,Bearer API Key；账号权限未实测,同步结果未知停止；已保存 URL 仅重试下载,2026-09-22,https://cloud.tencent.com/document/product/1823/130051,,
tokenhub,待确认,Tripo-3D-Rigging,tripo-3d-rigging,详见处理决定,,范围外/待确认,尚未登记,尚未登记,视频/音频/3D/嵌入专用，超出本轮科研图工作流。,视频/音频/3D/嵌入专用，超出本轮科研图工作流。,未接入,"{""productVision"":0}",false,false,,{},"{""status"":""待确认""}",广州入口；新加坡独立密钥及型号目录待确认,Bearer API Key；账号权限未实测,同步结果未知停止；已保存 URL 仅重试下载,2026-09-22,https://cloud.tencent.com/document/product/1823/130051,,
tokenhub,待确认,Tripo-3D-Animation,tripo-3d-animation,详见处理决定,,范围外/待确认,尚未登记,尚未登记,视频/音频/3D/嵌入专用，超出本轮科研图工作流。,视频/音频/3D/嵌入专用，超出本轮科研图工作流。,未接入,"{""productVision"":0}",false,false,,{},"{""status"":""待确认""}",广州入口；新加坡独立密钥及型号目录待确认,Bearer API Key；账号权限未实测,同步结果未知停止；已保存 URL 仅重试下载,2026-09-22,https://cloud.tencent.com/document/product/1823/130051,,
tokenhub,待确认,Tripo-3D-Format,tripo-3d-format,详见处理决定,,范围外/待确认,尚未登记,尚未登记,视频/音频/3D/嵌入专用，超出本轮科研图工作流。,视频/音频/3D/嵌入专用，超出本轮科研图工作流。,未接入,"{""productVision"":0}",false,false,,{},"{""status"":""待确认""}",广州入口；新加坡独立密钥及型号目录待确认,Bearer API Key；账号权限未实测,同步结果未知停止；已保存 URL 仅重试下载,2026-09-22,https://cloud.tencent.com/document/product/1823/130051,,
tokenhub,待确认,MiniMax-Music-v2.6,minimax-music-v2.6,详见处理决定,,范围外/待确认,尚未登记,尚未登记,视频/音频/3D/嵌入专用，超出本轮科研图工作流。,视频/音频/3D/嵌入专用，超出本轮科研图工作流。,未接入,"{""productVision"":0}",false,false,,{},"{""status"":""待确认""}",广州入口；新加坡独立密钥及型号目录待确认,Bearer API Key；账号权限未实测,同步结果未知停止；已保存 URL 仅重试下载,2026-09-22,https://cloud.tencent.com/document/product/1823/130051,,
tokenhub,待确认,IndexTTS-2,indextts-2,详见处理决定,,范围外/待确认,尚未登记,尚未登记,视频/音频/3D/嵌入专用，超出本轮科研图工作流。,视频/音频/3D/嵌入专用，超出本轮科研图工作流。,未接入,"{""productVision"":0}",false,false,,{},"{""status"":""待确认""}",广州入口；新加坡独立密钥及型号目录待确认,Bearer API Key；账号权限未实测,同步结果未知停止；已保存 URL 仅重试下载,2026-09-22,https://cloud.tencent.com/document/product/1823/130051,,
tokenhub,待确认,MiniMax-Speech-2.8-HD,minimax-speech-2.8-hd,详见处理决定,,范围外/待确认,尚未登记,尚未登记,视频/音频/3D/嵌入专用，超出本轮科研图工作流。,视频/音频/3D/嵌入专用，超出本轮科研图工作流。,未接入,"{""productVision"":0}",false,false,,{},"{""status"":""待确认""}",广州入口；新加坡独立密钥及型号目录待确认,Bearer API Key；账号权限未实测,同步结果未知停止；已保存 URL 仅重试下载,2026-09-22,https://cloud.tencent.com/document/product/1823/130051,,
tokenhub,待确认,MiniMax-Speech-2.8-Turbo,minimax-speech-2.8-turbo,详见处理决定,,范围外/待确认,尚未登记,尚未登记,视频/音频/3D/嵌入专用，超出本轮科研图工作流。,视频/音频/3D/嵌入专用，超出本轮科研图工作流。,未接入,"{""productVision"":0}",false,false,,{},"{""status"":""待确认""}",广州入口；新加坡独立密钥及型号目录待确认,Bearer API Key；账号权限未实测,同步结果未知停止；已保存 URL 仅重试下载,2026-09-22,https://cloud.tencent.com/document/product/1823/130051,,
tokenhub,待确认,MiniMax-Speech-2.6-HD,minimax-speech-2.6-hd,详见处理决定,,范围外/待确认,尚未登记,尚未登记,视频/音频/3D/嵌入专用，超出本轮科研图工作流。,视频/音频/3D/嵌入专用，超出本轮科研图工作流。,未接入,"{""productVision"":0}",false,false,,{},"{""status"":""待确认""}",广州入口；新加坡独立密钥及型号目录待确认,Bearer API Key；账号权限未实测,同步结果未知停止；已保存 URL 仅重试下载,2026-09-22,https://cloud.tencent.com/document/product/1823/130051,,
tokenhub,待确认,MiniMax-Speech-2.6-Turbo,minimax-speech-2.6-turbo,详见处理决定,,范围外/待确认,尚未登记,尚未登记,视频/音频/3D/嵌入专用，超出本轮科研图工作流。,视频/音频/3D/嵌入专用，超出本轮科研图工作流。,未接入,"{""productVision"":0}",false,false,,{},"{""status"":""待确认""}",广州入口；新加坡独立密钥及型号目录待确认,Bearer API Key；账号权限未实测,同步结果未知停止；已保存 URL 仅重试下载,2026-09-22,https://cloud.tencent.com/document/product/1823/130051,,
tokenhub,待确认,MiniMax-Speech-02-HD,minimax-speech-02-hd,详见处理决定,,范围外/待确认,尚未登记,尚未登记,视频/音频/3D/嵌入专用，超出本轮科研图工作流。,视频/音频/3D/嵌入专用，超出本轮科研图工作流。,未接入,"{""productVision"":0}",false,false,,{},"{""status"":""待确认""}",广州入口；新加坡独立密钥及型号目录待确认,Bearer API Key；账号权限未实测,同步结果未知停止；已保存 URL 仅重试下载,2026-09-22,https://cloud.tencent.com/document/product/1823/130051,,
tokenhub,待确认,MiniMax-Speech-02-Turbo,minimax-speech-02-turbo,详见处理决定,,范围外/待确认,尚未登记,尚未登记,视频/音频/3D/嵌入专用，超出本轮科研图工作流。,视频/音频/3D/嵌入专用，超出本轮科研图工作流。,未接入,"{""productVision"":0}",false,false,,{},"{""status"":""待确认""}",广州入口；新加坡独立密钥及型号目录待确认,Bearer API Key；账号权限未实测,同步结果未知停止；已保存 URL 仅重试下载,2026-09-22,https://cloud.tencent.com/document/product/1823/130051,,
tokenhub,待确认,MiniMax-Voice-Clone,minimax-voice-clone,详见处理决定,,范围外/待确认,尚未登记,尚未登记,视频/音频/3D/嵌入专用，超出本轮科研图工作流。,视频/音频/3D/嵌入专用，超出本轮科研图工作流。,未接入,"{""productVision"":0}",false,false,,{},"{""status"":""待确认""}",广州入口；新加坡独立密钥及型号目录待确认,Bearer API Key；账号权限未实测,同步结果未知停止；已保存 URL 仅重试下载,2026-09-22,https://cloud.tencent.com/document/product/1823/130051,,
tokenhub,待确认,MiniMax-Voice-Design,minimax-voice-design,详见处理决定,,范围外/待确认,尚未登记,尚未登记,视频/音频/3D/嵌入专用，超出本轮科研图工作流。,视频/音频/3D/嵌入专用，超出本轮科研图工作流。,未接入,"{""productVision"":0}",false,false,,{},"{""status"":""待确认""}",广州入口；新加坡独立密钥及型号目录待确认,Bearer API Key；账号权限未实测,同步结果未知停止；已保存 URL 仅重试下载,2026-09-22,https://cloud.tencent.com/document/product/1823/130051,,
tokenhub,待确认,WAND-Dubbing-Clone-v1,wand-dubbing-clone-v1,详见处理决定,,范围外/待确认,尚未登记,尚未登记,视频/音频/3D/嵌入专用，超出本轮科研图工作流。,视频/音频/3D/嵌入专用，超出本轮科研图工作流。,未接入,"{""productVision"":0}",false,false,,{},"{""status"":""待确认""}",广州入口；新加坡独立密钥及型号目录待确认,Bearer API Key；账号权限未实测,同步结果未知停止；已保存 URL 仅重试下载,2026-09-22,https://cloud.tencent.com/document/product/1823/130051,,
tokenhub,待确认,WAND-Dubbing-Clone-v2,wand-dubbing-clone-v2,详见处理决定,,范围外/待确认,尚未登记,尚未登记,视频/音频/3D/嵌入专用，超出本轮科研图工作流。,视频/音频/3D/嵌入专用，超出本轮科研图工作流。,未接入,"{""productVision"":0}",false,false,,{},"{""status"":""待确认""}",广州入口；新加坡独立密钥及型号目录待确认,Bearer API Key；账号权限未实测,同步结果未知停止；已保存 URL 仅重试下载,2026-09-22,https://cloud.tencent.com/document/product/1823/130051,,
tokenhub,待确认,WAND-Dubbing-STS-v1,wand-dubbing-sts-v1,详见处理决定,,范围外/待确认,尚未登记,尚未登记,视频/音频/3D/嵌入专用，超出本轮科研图工作流。,视频/音频/3D/嵌入专用，超出本轮科研图工作流。,未接入,"{""productVision"":0}",false,false,,{},"{""status"":""待确认""}",广州入口；新加坡独立密钥及型号目录待确认,Bearer API Key；账号权限未实测,同步结果未知停止；已保存 URL 仅重试下载,2026-09-22,https://cloud.tencent.com/document/product/1823/130051,,
tokenhub,待确认,WAND-ASR-v1,wand-asr-v1,详见处理决定,,范围外/待确认,尚未登记,尚未登记,视频/音频/3D/嵌入专用，超出本轮科研图工作流。,视频/音频/3D/嵌入专用，超出本轮科研图工作流。,未接入,"{""productVision"":0}",false,false,,{},"{""status"":""待确认""}",广州入口；新加坡独立密钥及型号目录待确认,Bearer API Key；账号权限未实测,同步结果未知停止；已保存 URL 仅重试下载,2026-09-22,https://cloud.tencent.com/document/product/1823/130051,,
tokenhub,待确认,Hy-ASR-3.0-Preview,hy-asr-3.0-preview,详见处理决定,,范围外/待确认,尚未登记,尚未登记,视频/音频/3D/嵌入专用，超出本轮科研图工作流。,视频/音频/3D/嵌入专用，超出本轮科研图工作流。,未接入,"{""productVision"":0}",false,false,,{},"{""status"":""待确认""}",广州入口；新加坡独立密钥及型号目录待确认,Bearer API Key；账号权限未实测,同步结果未知停止；已保存 URL 仅重试下载,2026-09-22,https://cloud.tencent.com/document/product/1823/130051,,
tokenhub,tencent,YT-VITA,youtu-vita,stable,,vision,尚未登记,适配链路已完成但真实调用未验证,真实账号权限、真实推理、账单与质量待确认；,按具体文本/视觉协议补齐；不自动替换同系列别名。,chat,"{""productVision"":3}",false,false,,{},"{""source"":""https://cloud.tencent.com/document/product/1823/130055"",""checkedAt"":""2026-09-22"",""amount"":null,""currency"":""CNY"",""unit"":""million tokens"",""market"":""Guangzhou online postpaid"",""accountTariffConfirmed"":false,""status"":""待确认""}",广州入口；新加坡独立密钥及型号目录待确认,Bearer API Key；账号权限未实测,同步结果未知停止；已保存 URL 仅重试下载,2026-09-22,https://cloud.tencent.com/document/product/1823/130051,https://cloud.tencent.com/document/product/1823/136956,
tokenhub,tencent,HY-Vision-2.0-Instruct,hy-vision-2.0-instruct,stable,,main / vision,适配链路已完成但真实调用未验证,适配链路已完成但真实调用未验证,真实账号权限、真实推理、账单与质量待确认；,按具体文本/视觉协议补齐；不自动替换同系列别名。,chat,"{""productVision"":3}",false,false,,{},"{""source"":""https://cloud.tencent.com/document/product/1823/130055"",""checkedAt"":""2026-09-22"",""amount"":null,""currency"":""CNY"",""unit"":""million tokens"",""market"":""Guangzhou online postpaid"",""accountTariffConfirmed"":false,""perMillionTokens"":{""currency"":""CNY"",""market"":""Guangzhou"",""input"":7.5,""output"":17.5}}",广州入口；新加坡独立密钥及型号目录待确认,Bearer API Key；账号权限未实测,同步结果未知停止；已保存 URL 仅重试下载,2026-09-22,https://cloud.tencent.com/document/product/1823/130051,https://cloud.tencent.com/document/product/1823/136956,
tokenhub,tencent,HY-Vision-1.5-Thinking,hunyuan-t1-vision-20250916,stable,,main / vision,尚未登记,适配链路已完成但真实调用未验证,真实账号权限、真实推理、账单与质量待确认；,按具体文本/视觉协议补齐；不自动替换同系列别名。,chat,"{""productVision"":3}",false,false,,{},"{""source"":""https://cloud.tencent.com/document/product/1823/130055"",""checkedAt"":""2026-09-22"",""amount"":null,""currency"":""CNY"",""unit"":""million tokens"",""market"":""Guangzhou online postpaid"",""accountTariffConfirmed"":false,""status"":""待确认""}",广州入口；新加坡独立密钥及型号目录待确认,Bearer API Key；账号权限未实测,同步结果未知停止；已保存 URL 仅重试下载,2026-09-22,https://cloud.tencent.com/document/product/1823/130051,https://cloud.tencent.com/document/product/1823/136956,
tokenhub,待确认,HY-Vision-Video,hunyuan-turbos-vision-video-20250728,详见处理决定,,范围外/待确认,尚未登记,尚未登记,视频/音频/3D/嵌入专用，超出本轮科研图工作流。,视频/音频/3D/嵌入专用，超出本轮科研图工作流。,未接入,"{""productVision"":0}",false,false,,{},"{""status"":""待确认""}",广州入口；新加坡独立密钥及型号目录待确认,Bearer API Key；账号权限未实测,同步结果未知停止；已保存 URL 仅重试下载,2026-09-22,https://cloud.tencent.com/document/product/1823/130051,,
tokenhub,待确认,Kinfra-Text-Embedding-0.6b,kinfra-text-embedding-0.6b,详见处理决定,,范围外/待确认,尚未登记,尚未登记,视频/音频/3D/嵌入专用，超出本轮科研图工作流。,视频/音频/3D/嵌入专用，超出本轮科研图工作流。,未接入,"{""productVision"":0}",false,false,,{},"{""status"":""待确认""}",广州入口；新加坡独立密钥及型号目录待确认,Bearer API Key；账号权限未实测,同步结果未知停止；已保存 URL 仅重试下载,2026-09-22,https://cloud.tencent.com/document/product/1823/130051,,
tokenhub,待确认,Kinfra-Text-Embedding-4b,kinfra-text-embedding-4b,详见处理决定,,范围外/待确认,尚未登记,尚未登记,视频/音频/3D/嵌入专用，超出本轮科研图工作流。,视频/音频/3D/嵌入专用，超出本轮科研图工作流。,未接入,"{""productVision"":0}",false,false,,{},"{""status"":""待确认""}",广州入口；新加坡独立密钥及型号目录待确认,Bearer API Key；账号权限未实测,同步结果未知停止；已保存 URL 仅重试下载,2026-09-22,https://cloud.tencent.com/document/product/1823/130051,,
tokenhub,待确认,Kinfra-VL-Embedding-2b,kinfra-vl-embedding-2b,详见处理决定,,范围外/待确认,尚未登记,尚未登记,视频/音频/3D/嵌入专用，超出本轮科研图工作流。,视频/音频/3D/嵌入专用，超出本轮科研图工作流。,未接入,"{""productVision"":0}",false,false,,{},"{""status"":""待确认""}",广州入口；新加坡独立密钥及型号目录待确认,Bearer API Key；账号权限未实测,同步结果未知停止；已保存 URL 仅重试下载,2026-09-22,https://cloud.tencent.com/document/product/1823/130051,,
tokenhub,待确认,Kinfra-VL-Embedding-8b,kinfra-vl-embedding-8b,详见处理决定,,范围外/待确认,尚未登记,尚未登记,视频/音频/3D/嵌入专用，超出本轮科研图工作流。,视频/音频/3D/嵌入专用，超出本轮科研图工作流。,未接入,"{""productVision"":0}",false,false,,{},"{""status"":""待确认""}",广州入口；新加坡独立密钥及型号目录待确认,Bearer API Key；账号权限未实测,同步结果未知停止；已保存 URL 仅重试下载,2026-09-22,https://cloud.tencent.com/document/product/1823/130051,,
tokenhub,tencent,hy-image-v3.5-preview,hy-image-v3.5-preview,preview,,image,尚未登记,适配链路已完成但真实调用未验证,真实账号权限、真实推理、账单与质量待确认；,补齐专用接口、尺寸、图片名额与结果恢复。,hy35,"{""model"":20,""productAuxiliary"":8,""sourceCounts"":true}",false,false,,"{""generation"":{""mode"":""pixels"",""tiers"":{""1K"":{""targetPixels"":1048576},""2K"":{""targetPixels"":4194304},""4K"":{""targetPixels"":16777216}},""minSide"":256,""maxSide"":8192,""maxPixels"":16777216,""alignment"":1,""auto"":""square""},""editing"":{""mode"":""pixels"",""tiers"":{""1K"":{""targetPixels"":1048576},""2K"":{""targetPixels"":4194304},""4K"":{""targetPixels"":16777216}},""minSide"":256,""maxSide"":8192,""maxPixels"":16777216,""alignment"":1,""auto"":""square""}}","{""source"":""https://cloud.tencent.com/document/product/1823/130055"",""checkedAt"":""2026-09-22"",""amount"":null,""status"":""待确认：价格页尚未列出3.5，不沿用3.0价格""}",广州入口；新加坡独立密钥及型号目录待确认,Bearer API Key；账号权限未实测,同步结果未知停止；已保存 URL 仅重试下载,2026-09-22,https://cloud.tencent.com/document/product/1823/135745,https://cloud.tencent.com/document/product/1823/135745,
xiaomi,xiaomi,mimo-v2.6-pro,mimo-v2.6-pro,stable,,main / vision,适配链路已完成但真实调用未验证,适配链路已完成但真实调用未验证,真实账号权限、真实推理、账单与质量待确认；,文本和识图适配；保留历史ID。,chat,"{""productVision"":3}",false,false,,{},"{""source"":""https://mimo.mi.com/docs/zh-CN/price/pay-as-you-go"",""checkedAt"":""2026-09-22"",""amount"":null,""unit"":""million tokens; real-time ordinary API key, not Token Plan"",""accountTariffConfirmed"":false,""perMillionTokens"":{""currency"":""CNY"",""market"":""mainland-list"",""input"":3,""output"":6,""cachedInput"":0.025},""overseasPerMillionTokens"":{""currency"":""USD"",""input"":0.435,""output"":0.87,""cachedInput"":0.0036}}",统一端点；账号地区准入待确认,Bearer API Key；账号权限未实测,同步结果未知停止；已保存 URL 仅重试下载,2026-09-22,https://mimo.mi.com/docs/zh-CN/quick-start/summary/model,https://mimo.mi.com/docs/zh-CN/quick-start/summary/model,
xiaomi,xiaomi,mimo-v2.6-flash,mimo-v2.6-flash,stable,,main / vision,适配链路已完成但真实调用未验证,适配链路已完成但真实调用未验证,真实账号权限、真实推理、账单与质量待确认；,文本和识图适配；保留历史ID。,chat,"{""productVision"":3}",false,false,,{},"{""source"":""https://mimo.mi.com/docs/zh-CN/price/pay-as-you-go"",""checkedAt"":""2026-09-22"",""amount"":null,""unit"":""million tokens; real-time ordinary API key, not Token Plan"",""accountTariffConfirmed"":false,""perMillionTokens"":{""currency"":""CNY"",""market"":""mainland-list"",""input"":1,""output"":2,""cachedInput"":0.02},""overseasPerMillionTokens"":{""currency"":""USD"",""input"":0.14,""output"":0.28,""cachedInput"":0.0028}}",统一端点；账号地区准入待确认,Bearer API Key；账号权限未实测,同步结果未知停止；已保存 URL 仅重试下载,2026-09-22,https://mimo.mi.com/docs/zh-CN/quick-start/summary/model,https://mimo.mi.com/docs/zh-CN/quick-start/summary/model,
xiaomi,待确认,mimo-v2.6-pro-ultraspeed,mimo-v2.6-pro-ultraspeed,详见处理决定,,范围外/待确认,尚未登记,尚未登记,需联系商务/技术支持定制开通；不伪装普通API Key可调用。,需联系商务/技术支持定制开通；不伪装普通API Key可调用。,未接入,"{""productVision"":0}",false,false,,{},"{""status"":""待确认""}",统一端点；账号地区准入待确认,Bearer API Key；账号权限未实测,同步结果未知停止；已保存 URL 仅重试下载,2026-09-22,https://mimo.mi.com/docs/zh-CN/quick-start/summary/model,,
xiaomi,xiaomi,mimo-v2.5-pro,mimo-v2.5-pro,legacy,2026-10-21T10:00:00+08:00,main,尚未登记,适配链路已完成但真实调用未验证,真实账号权限、真实推理、账单与质量待确认；,逐型号适配，V2.5 Pro 仅文本，不继承V2.6视觉能力。,chat,"{""productVision"":0}",false,false,,{},"{""source"":""https://mimo.mi.com/docs/zh-CN/price/pay-as-you-go"",""checkedAt"":""2026-09-22"",""amount"":null,""unit"":""million tokens; real-time ordinary API key, not Token Plan"",""accountTariffConfirmed"":false,""perMillionTokens"":{""currency"":""CNY"",""market"":""mainland-list"",""input"":3,""output"":6,""cachedInput"":0.025},""overseasPerMillionTokens"":{""currency"":""USD"",""input"":0.435,""output"":0.87,""cachedInput"":0.0036}}",统一端点；账号地区准入待确认,Bearer API Key；账号权限未实测,同步结果未知停止；已保存 URL 仅重试下载,2026-09-22,https://mimo.mi.com/docs/zh-CN/quick-start/summary/model,https://mimo.mi.com/docs/zh-CN/quick-start/summary/model,
xiaomi,xiaomi,mimo-v2.5,mimo-v2.5,legacy,2026-10-21T10:00:00+08:00,main / vision,尚未登记,适配链路已完成但真实调用未验证,真实账号权限、真实推理、账单与质量待确认；,文本和识图适配；保留历史ID。,chat,"{""productVision"":3}",false,false,,{},"{""source"":""https://mimo.mi.com/docs/zh-CN/price/pay-as-you-go"",""checkedAt"":""2026-09-22"",""amount"":null,""unit"":""million tokens; real-time ordinary API key, not Token Plan"",""accountTariffConfirmed"":false,""perMillionTokens"":{""currency"":""CNY"",""market"":""mainland-list"",""input"":1,""output"":2,""cachedInput"":0.02},""overseasPerMillionTokens"":{""currency"":""USD"",""input"":0.14,""output"":0.28,""cachedInput"":0.0028}}",统一端点；账号地区准入待确认,Bearer API Key；账号权限未实测,同步结果未知停止；已保存 URL 仅重试下载,2026-09-22,https://mimo.mi.com/docs/zh-CN/quick-start/summary/model,https://mimo.mi.com/docs/zh-CN/quick-start/summary/model,
xiaomi,待确认,mimo-v2.5-asr,mimo-v2.5-asr,详见处理决定,,范围外/待确认,尚未登记,尚未登记,音频识别/合成/克隆/设计，超出本轮科研图用途。,音频识别/合成/克隆/设计，超出本轮科研图用途。,未接入,"{""productVision"":0}",false,false,,{},"{""status"":""待确认""}",统一端点；账号地区准入待确认,Bearer API Key；账号权限未实测,同步结果未知停止；已保存 URL 仅重试下载,2026-09-22,https://mimo.mi.com/docs/zh-CN/quick-start/summary/model,,
xiaomi,待确认,mimo-v2.5-tts,mimo-v2.5-tts,详见处理决定,,范围外/待确认,尚未登记,尚未登记,音频识别/合成/克隆/设计，超出本轮科研图用途。,音频识别/合成/克隆/设计，超出本轮科研图用途。,未接入,"{""productVision"":0}",false,false,,{},"{""status"":""待确认""}",统一端点；账号地区准入待确认,Bearer API Key；账号权限未实测,同步结果未知停止；已保存 URL 仅重试下载,2026-09-22,https://mimo.mi.com/docs/zh-CN/quick-start/summary/model,,
xiaomi,待确认,mimo-v2.5-tts-voiceclone,mimo-v2.5-tts-voiceclone,详见处理决定,,范围外/待确认,尚未登记,尚未登记,音频识别/合成/克隆/设计，超出本轮科研图用途。,音频识别/合成/克隆/设计，超出本轮科研图用途。,未接入,"{""productVision"":0}",false,false,,{},"{""status"":""待确认""}",统一端点；账号地区准入待确认,Bearer API Key；账号权限未实测,同步结果未知停止；已保存 URL 仅重试下载,2026-09-22,https://mimo.mi.com/docs/zh-CN/quick-start/summary/model,,
xiaomi,待确认,mimo-v2.5-tts-voicedesign,mimo-v2.5-tts-voicedesign,详见处理决定,,范围外/待确认,尚未登记,尚未登记,音频识别/合成/克隆/设计，超出本轮科研图用途。,音频识别/合成/克隆/设计，超出本轮科研图用途。,未接入,"{""productVision"":0}",false,false,,{},"{""status"":""待确认""}",统一端点；账号地区准入待确认,Bearer API Key；账号权限未实测,同步结果未知停止；已保存 URL 仅重试下载,2026-09-22,https://mimo.mi.com/docs/zh-CN/quick-start/summary/model,,
runware,Pruna AI,P-Video-2-Pro,prunaai:p-video@2-pro,live,,范围外/待确认,尚未登记,尚未登记,"超出当前文本规划/图文理解/单张位图生成精修：videoInference（text-to-video,image-to-video,checkpoint,audio）。","超出当前文本规划/图文理解/单张位图生成精修：videoInference（text-to-video,image-to-video,checkpoint,audio）。",未接入,"{""productVision"":0}",false,false,,{},"{""examples"":[{""configuration"":""first-frame · 768p · 5s"",""price"":""$0.0904"",""latencyMs"":17686,""exampleId"":""tidal-accordion-music-video""},{""configuration"":""text-to-video · 1344×768 · 10s"",""price"":""$0.38"",""latencyMs"":68689,""exampleId"":""bronze-foundry-art-pop-music-video""},{""configuration"":""text-to-video · 1344×768 · 10s"",""price"":""$0.38"",""latencyMs"":82645,""exampleId"":""self-rising-flood-barrier-demo""},{""configuration"":""first-last-frame · 768p · 15s"",""price"":""$0.539"",""latencyMs"":63223,""exampleId"":""cryogenic-seed-vault-b-roll""}]}",统一端点；账号地区准入待确认,Bearer API Key；账号权限未实测,提交前保存 UUID；仅 getResponse 查询,2026-09-22,https://runware.ai/docs/models/prunaai-p-video-2-pro,https://runware.ai/docs/models/prunaai-p-video-2-pro/schema.json,07adb3be1f95b2dc9b43f96d3c076f995a25ffe39e3a9586aed77c9efb494b71
runware,Pruna AI,P-Video-2,prunaai:p-video@2,live,,范围外/待确认,尚未登记,尚未登记,"超出当前文本规划/图文理解/单张位图生成精修：videoInference（text-to-video,image-to-video,audio-to-video,checkpoint,audio）。","超出当前文本规划/图文理解/单张位图生成精修：videoInference（text-to-video,image-to-video,audio-to-video,checkpoint,audio）。",未接入,"{""productVision"":0}",false,false,,{},"{""examples"":[{""configuration"":""draft-preview · 720p · 4s"",""price"":""$0.0606"",""latencyMs"":15515,""exampleId"":""tomato-grafting-tool-demo-clip""},{""configuration"":""first-last-frame · 720p · 8s"",""price"":""$0.201"",""latencyMs"":20233,""exampleId"":""mechanical-watch-assembly-b-roll""},{""configuration"":""first-frame · 1080p · 5s"",""price"":""$0.252"",""latencyMs"":72176,""exampleId"":""maritime-archaeology-logo-ident""},{""configuration"":""text-to-video · 1080p · 6s"",""price"":""$0.302"",""latencyMs"":64833,""exampleId"":""arctic-seed-vault-presenter""},{""configuration"":""audio-driven-image-animation · 1080p"",""price"":""$0.802"",""latencyMs"":106366,""exampleId"":""lithium-battery-safety-avatar-clip""},{""configuration"":""audio-driven · 1080p"",""price"":""$1.00"",""latencyMs"":103287,""exampleId"":""doorway-flood-barrier-explainer-clip""}]}",统一端点；账号地区准入待确认,Bearer API Key；账号权限未实测,提交前保存 UUID；仅 getResponse 查询,2026-09-22,https://runware.ai/docs/models/prunaai-p-video-2,https://runware.ai/docs/models/prunaai-p-video-2/schema.json,7e134ee7bfc46f25f53f5cb2f755493e9798c263d89d3df4fd49f80bdc3f0dbc
runware,Black Forest Labs,FLUX Video Edit [fast],bfl:flux@video-edit-fast,live,,范围外/待确认,尚未登记,尚未登记,"超出当前文本规划/图文理解/单张位图生成精修：videoInference（video-to-video,edit,checkpoint）。","超出当前文本规划/图文理解/单张位图生成精修：videoInference（video-to-video,edit,checkpoint）。",未接入,"{""productVision"":0}",false,false,,{},"{""examples"":[{""configuration"":""video-edit"",""price"":""$0.181"",""latencyMs"":54317,""exampleId"":""municipal-water-documentary-title-sequence""},{""configuration"":""video-edit"",""price"":""$0.181"",""latencyMs"":44866,""exampleId"":""widescreen-ceramic-workshop-outpaint""},{""configuration"":""video-edit"",""price"":""$0.181"",""latencyMs"":178240,""exampleId"":""lighthouse-archive-film-restoration""},{""configuration"":""video-edit"",""price"":""$0.181"",""latencyMs"":47663,""exampleId"":""falconry-exhibition-miniature-reel""}]}",统一端点；账号地区准入待确认,Bearer API Key；账号权限未实测,提交前保存 UUID；仅 getResponse 查询,2026-09-22,https://runware.ai/docs/models/bfl-flux-video-edit-fast,https://runware.ai/docs/models/bfl-flux-video-edit-fast/schema.json,df08401839e17403a052ef692aedfae3d2e7a0366d37801748362bf24541847d
runware,OpenAI,GPT-Image-2.5 Flare,openai:gpt-image@2.5-flare,live,,image,尚未登记,适配链路已完成但真实调用未验证,真实账号权限、真实推理、账单与质量待确认；可选高级参数未全部开放；本轮不调用真实服务。,补齐型号专用调用、选择器与恢复。,imageInference,"{""model"":16,""productAuxiliary"":8,""sourceCounts"":true}",true,true,,"{""generation"":{""mode"":""pixels"",""tiers"":{""1K"":{""targetPixels"":1048576},""1.5K"":{""targetPixels"":2359296},""2K"":{""targetPixels"":4194304},""auto"":{}},""minSide"":16,""maxSide"":3840,""minPixels"":655360,""maxPixels"":8294400,""maxRatio"":3,""alignment"":16,""auto"":""square""},""editing"":{""mode"":""pixels"",""tiers"":{""1K"":{""targetPixels"":1048576},""1.5K"":{""targetPixels"":2359296},""2K"":{""targetPixels"":4194304},""auto"":{}},""minSide"":16,""maxSide"":3840,""minPixels"":655360,""maxPixels"":8294400,""maxRatio"":3,""alignment"":16,""auto"":""square""}}","{""source"":""https://runware.ai/docs/models/openai-gpt-image-2-5-flare"",""checkedAt"":""2026-09-22"",""currency"":""USD"",""amount"":null,""accountTariffConfirmed"":false,""quote"":{""examples"":[{""configuration"":""inpaint"",""price"":""$0.0228"",""latencyMs"":20009,""exampleId"":""portable-microscope-colorway-product-image""},{""configuration"":""reference-to-image"",""price"":""$0.0241"",""latencyMs"":19152,""exampleId"":""adaptive-rainwear-lookbook-editorial""},{""configuration"":""text-to-image"",""price"":""$0.0431"",""latencyMs"":21147,""exampleId"":""circular-laundry-campaign-key-visual""},{""configuration"":""transparent-background"",""price"":""$0.0471"",""latencyMs"":22767,""exampleId"":""forensic-entomologist-exhibit-persona""}]}}",统一端点；账号地区准入待确认,Bearer API Key；账号权限未实测,提交前保存 UUID；仅 getResponse 查询,2026-09-22,https://runware.ai/docs/models/openai-gpt-image-2-5-flare,https://runware.ai/docs/models/openai-gpt-image-2-5-flare/schema.json,3791c26b1df016f12a282debd55a5eca44a2f372790b5737529e738b48450614
runware,OpenAI,GPT-Image-2.5 Sunburst,openai:gpt-image@2.5-sunburst,live,,image,尚未登记,适配链路已完成但真实调用未验证,真实账号权限、真实推理、账单与质量待确认；可选高级参数未全部开放；本轮不调用真实服务。,补齐型号专用调用、选择器与恢复。,imageInference,"{""model"":16,""productAuxiliary"":8,""sourceCounts"":true}",true,true,,"{""generation"":{""mode"":""pixels"",""tiers"":{""1K"":{""targetPixels"":1048576},""1.5K"":{""targetPixels"":2359296},""2K"":{""targetPixels"":4194304},""auto"":{}},""minSide"":16,""maxSide"":3840,""minPixels"":655360,""maxPixels"":8294400,""maxRatio"":3,""alignment"":16,""auto"":""square""},""editing"":{""mode"":""pixels"",""tiers"":{""1K"":{""targetPixels"":1048576},""1.5K"":{""targetPixels"":2359296},""2K"":{""targetPixels"":4194304},""auto"":{}},""minSide"":16,""maxSide"":3840,""minPixels"":655360,""maxPixels"":8294400,""maxRatio"":3,""alignment"":16,""auto"":""square""}}","{""source"":""https://runware.ai/docs/models/openai-gpt-image-2-5-sunburst"",""checkedAt"":""2026-09-22"",""currency"":""USD"",""amount"":null,""accountTariffConfirmed"":false,""quote"":{""examples"":[{""configuration"":""inpaint"",""price"":""$0.0152"",""latencyMs"":20447,""exampleId"":""dance-festival-risograph-portrait""},{""configuration"":""transparent-background"",""price"":""$0.0541"",""latencyMs"":40408,""exampleId"":""maritime-mystery-streaming-series-poster""},{""configuration"":""reference-to-image"",""price"":""$0.0682"",""latencyMs"":33604,""exampleId"":""museum-textile-conservator-editorial-portrait""},{""configuration"":""text-to-image"",""price"":""$0.167"",""latencyMs"":67608,""exampleId"":""industrial-thermal-camera-colorways""}]}}",统一端点；账号地区准入待确认,Bearer API Key；账号权限未实测,提交前保存 UUID；仅 getResponse 查询,2026-09-22,https://runware.ai/docs/models/openai-gpt-image-2-5-sunburst,https://runware.ai/docs/models/openai-gpt-image-2-5-sunburst/schema.json,cf39dc129058a7c3b17d71e814d5d0d68757770180ec4c0c5232122bbe233df1
runware,MiniMax,MiniMax H3 Fast,minimax:h3@fast,live,,范围外/待确认,尚未登记,尚未登记,"超出当前文本规划/图文理解/单张位图生成精修：videoInference（text-to-video,image-to-video,video-to-video,audio-to-video,checkpoint）。","超出当前文本规划/图文理解/单张位图生成精修：videoInference（text-to-video,image-to-video,video-to-video,audio-to-video,checkpoint）。",未接入,"{""productVision"":0}",false,false,,{},"{""examples"":[{""configuration"":""text-to-video · 480p · 6s"",""price"":""$0.276"",""latencyMs"":12853,""exampleId"":""couture-apiary-suit-showcase-reel""},{""configuration"":""first-frame · 8s"",""price"":""$0.368"",""latencyMs"":34427,""exampleId"":""pigeon-anthem-music-video-segment""},{""configuration"":""first-last-frame · 10s"",""price"":""$0.46"",""latencyMs"":25106,""exampleId"":""water-rights-documentary-title-sequence""},{""configuration"":""reference-to-video · 480p · 12s"",""price"":""$0.884"",""latencyMs"":58501,""exampleId"":""freeport-crime-series-title-teaser""}]}",统一端点；账号地区准入待确认,Bearer API Key；账号权限未实测,提交前保存 UUID；仅 getResponse 查询,2026-09-22,https://runware.ai/docs/models/minimax-h3-fast,https://runware.ai/docs/models/minimax-h3-fast/schema.json,ad0a5ac9dac11176b9bb17e180c7344cc173745ee998b315833cee6ada61561f
runware,Pruna AI,P-Video-Edit,prunaai:p-video@edit,live,,范围外/待确认,尚未登记,尚未登记,"超出当前文本规划/图文理解/单张位图生成精修：videoInference（video-to-video,edit,checkpoint）。","超出当前文本规划/图文理解/单张位图生成精修：videoInference（video-to-video,edit,checkpoint）。",未接入,"{""productVision"":0}",false,false,,{},"{""examples"":[{""configuration"":""reference-to-video"",""price"":""$0.204"",""latencyMs"":111728,""exampleId"":""seaweed-hatchery-inspection-b-roll""},{""configuration"":""video-edit"",""price"":""$0.204"",""latencyMs"":89611,""exampleId"":""sage-espresso-machine-colorway-film""},{""configuration"":""video-edit"",""price"":""$0.204"",""latencyMs"":93043,""exampleId"":""architectural-prosthetic-cover-showcase-reel""},{""configuration"":""reference-to-video"",""price"":""$0.204"",""latencyMs"":103751,""exampleId"":""pearlescent-fencing-mask-colorway-reel""}]}",统一端点；账号地区准入待确认,Bearer API Key；账号权限未实测,提交前保存 UUID；仅 getResponse 查询,2026-09-22,https://runware.ai/docs/models/prunaai-p-video-edit,https://runware.ai/docs/models/prunaai-p-video-edit/schema.json,c672024aab62d83bdf9de4c6c442c5a15ebc3eb07045116680fd44e8fefb4bbb
runware,MiniMax,MiniMax H3 Max Turbo,minimax:h3@max-turbo,live,,范围外/待确认,尚未登记,尚未登记,"超出当前文本规划/图文理解/单张位图生成精修：videoInference（text-to-video,image-to-video,checkpoint）。","超出当前文本规划/图文理解/单张位图生成精修：videoInference（text-to-video,image-to-video,checkpoint）。",未接入,"{""productVision"":0}",false,false,,{},"{""examples"":[{""configuration"":""first-frame · 768p · 6s"",""price"":""$0.12"",""latencyMs"":13301,""exampleId"":""textile-conservator-exhibition-briefing""},{""configuration"":""text-to-video · 768×1344 · 8s"",""price"":""$0.16"",""latencyMs"":43776,""exampleId"":""semiconductor-wafer-transfer-b-roll""},{""configuration"":""text-to-video · 768×1344 · 8s"",""price"":""$0.16"",""latencyMs"":34612,""exampleId"":""vertical-specialty-mushroom-harvest-b-roll""},{""configuration"":""first-last-frame · 768p · 10s"",""price"":""$0.20"",""latencyMs"":25912,""exampleId"":""seed-vault-art-pop-music-video""}]}",统一端点；账号地区准入待确认,Bearer API Key；账号权限未实测,提交前保存 UUID；仅 getResponse 查询,2026-09-22,https://runware.ai/docs/models/minimax-h3-max-turbo,https://runware.ai/docs/models/minimax-h3-max-turbo/schema.json,86402a59b4ff774fb5f5df04e6d34e5932e19eb1d057dc2efbb90b252ca65055
runware,Google,Gemini Omni Flash 1.1,google:gemini@omni-flash-1.1,live,,范围外/待确认,尚未登记,尚未登记,"超出当前文本规划/图文理解/单张位图生成精修：videoInference（text-to-video,image-to-video,video-to-video,edit,extend,checkpoint,audio）。","超出当前文本规划/图文理解/单张位图生成精修：videoInference（text-to-video,image-to-video,video-to-video,edit,extend,checkpoint,audio）。",未接入,"{""productVision"":0}",false,false,,{},"{""examples"":[{""configuration"":""first-frame · 5s"",""price"":""$0.503"",""latencyMs"":39007,""exampleId"":""manuscript-scanner-product-demo""},{""configuration"":""reference-to-video · 7s"",""price"":""$0.729"",""latencyMs"":57394,""exampleId"":""arctic-seed-vault-winter-relight""},{""configuration"":""text-to-video · 6s"",""price"":""$0.903"",""latencyMs"":69752,""exampleId"":""wildfire-meteorologist-video-headshot""},{""configuration"":""video-extend · 5s"",""price"":""$1.15"",""latencyMs"":84326,""exampleId"":""sewer-robot-environment-swap""},{""configuration"":""first-last-frame · 8s"",""price"":""$1.20"",""latencyMs"":83461,""exampleId"":""theatrical-wig-artisan-headshot-retouch""},{""configuration"":""video-edit · 6s"",""price"":""$1.85"",""latencyMs"":119483,""exampleId"":""luxury-apiary-suit-showcase-reel""}]}",统一端点；账号地区准入待确认,Bearer API Key；账号权限未实测,提交前保存 UUID；仅 getResponse 查询,2026-09-22,https://runware.ai/docs/models/google-gemini-omni-flash-1-1,https://runware.ai/docs/models/google-gemini-omni-flash-1-1/schema.json,e4e74c7fd3b59088becbb10c33607cd2a7b7b08726a47abfce295a534559d24e
runware,MiniMax,MiniMax H3 Max,minimax:h3@max,live,,范围外/待确认,尚未登记,尚未登记,"超出当前文本规划/图文理解/单张位图生成精修：videoInference（text-to-video,image-to-video,checkpoint,audio）。","超出当前文本规划/图文理解/单张位图生成精修：videoInference（text-to-video,image-to-video,checkpoint,audio）。",未接入,"{""productVision"":0}",false,false,,{},"{""examples"":[{""configuration"":""first-frame · 768p · 5s"",""price"":""$0.40"",""latencyMs"":23476,""exampleId"":""vineyard-falconry-social-video-ad""},{""configuration"":""first-last-frame · 480p · 15s"",""price"":""$0.75"",""latencyMs"":25360,""exampleId"":""accordion-restoration-reel-ad""},{""configuration"":""text-to-video · 1344×768 · 10s"",""price"":""$0.80"",""latencyMs"":23978,""exampleId"":""mycelium-biomaterial-lab-b-roll""},{""configuration"":""text-to-video · 1344×768 · 10s"",""price"":""$0.80"",""latencyMs"":23452,""exampleId"":""museum-seismic-plinth-explainer""}]}",统一端点；账号地区准入待确认,Bearer API Key；账号权限未实测,提交前保存 UUID；仅 getResponse 查询,2026-09-22,https://runware.ai/docs/models/minimax-h3-max,https://runware.ai/docs/models/minimax-h3-max/schema.json,246bccc0f6e57a84ef601e70ce6c0e044e9ce52a7859e4ab10cab3fe495b6efd
runware,Alibaba,Wan3.0,alibaba:wan@3.0,live,,范围外/待确认,尚未登记,尚未登记,"超出当前文本规划/图文理解/单张位图生成精修：videoInference（text-to-video,image-to-video,video-to-video,audio-to-video,edit,extend,checkpoint,audio）。","超出当前文本规划/图文理解/单张位图生成精修：videoInference（text-to-video,image-to-video,video-to-video,audio-to-video,edit,extend,checkpoint,audio）。",未接入,"{""productVision"":0}",false,false,,{},"{""examples"":[{""configuration"":""first-frame · 720p · 5s"",""price"":""$0.504"",""latencyMs"":127753,""exampleId"":""mycelium-packaging-factory-b-roll""},{""configuration"":""text-to-video · 720p · 6s · audio"",""price"":""$0.604"",""latencyMs"":185663,""exampleId"":""restaurant-knife-sharpening-service-reel""},{""configuration"":""url-grounded · 960×960 · 7s"",""price"":""$0.704"",""latencyMs"":523292,""exampleId"":""climbing-helmet-colorway-reveal""},{""configuration"":""first-last-frame · 1080p · 8s"",""price"":""$1.62"",""latencyMs"":192264,""exampleId"":""airport-falconry-team-introduction""},{""configuration"":""reference-to-video · 1080p · 10s"",""price"":""$2.01"",""latencyMs"":423554,""exampleId"":""hospital-tube-network-documentary-teaser""}]}",统一端点；账号地区准入待确认,Bearer API Key；账号权限未实测,提交前保存 UUID；仅 getResponse 查询,2026-09-22,https://runware.ai/docs/models/alibaba-wan3-0,https://runware.ai/docs/models/alibaba-wan3-0/schema.json,fcf0e93c3e3d27cf6c8fd9a0a2f56abd9b524b8ecad014c854a4de66052904fe
runware,Alibaba,Wan3.0 Prime,alibaba:wan@3.0-prime,live,,范围外/待确认,尚未登记,尚未登记,"超出当前文本规划/图文理解/单张位图生成精修：videoInference（text-to-video,image-to-video,video-to-video,audio-to-video,edit,extend,checkpoint,audio）。","超出当前文本规划/图文理解/单张位图生成精修：videoInference（text-to-video,image-to-video,video-to-video,audio-to-video,edit,extend,checkpoint,audio）。",未接入,"{""productVision"":0}",false,false,,{},"{""examples"":[{""configuration"":""url-grounded · 960×960 · 4s"",""price"":""$0.566"",""latencyMs"":536689,""exampleId"":""thermal-camera-safety-colorway-reel""},{""configuration"":""first-frame · 720p · 5s"",""price"":""$0.705"",""latencyMs"":49600,""exampleId"":""rare-seed-vault-retrieval-b-roll""},{""configuration"":""reference-to-video · 832×1104 · 6s"",""price"":""$0.845"",""latencyMs"":99183,""exampleId"":""watchmaker-demagnetizer-product-demo""},{""configuration"":""text-to-video · 1080p · 6s · audio"",""price"":""$1.69"",""latencyMs"":253462,""exampleId"":""archival-market-widescreen-expansion""},{""configuration"":""first-last-frame · 1080p · 7s"",""price"":""$1.98"",""latencyMs"":462474,""exampleId"":""ballast-compliance-avatar-briefing""}]}",统一端点；账号地区准入待确认,Bearer API Key；账号权限未实测,提交前保存 UUID；仅 getResponse 查询,2026-09-22,https://runware.ai/docs/models/alibaba-wan3-0-prime,https://runware.ai/docs/models/alibaba-wan3-0-prime/schema.json,ce6bc96ac2af1f0635858f020a745f23e14456b618fc02303e7d5b955e401bc5
runware,Black Forest Labs,FLUX Video Upscale,bfl:flux@video-upscale,live,,范围外/待确认,尚未登记,尚未登记,"超出当前文本规划/图文理解/单张位图生成精修：upscale（video-to-video,upscale,checkpoint）。","超出当前文本规划/图文理解/单张位图生成精修：upscale（video-to-video,upscale,checkpoint）。",未接入,"{""productVision"":0}",false,false,,{},"{""overview"":""Precise: $0.075/Megapixel-second\nCreative: $0.105/Megapixel-second"",""examples"":[{""configuration"":""upscale"",""price"":""$2.23"",""latencyMs"":192690,""exampleId"":""marquetry-workshop-archive-restoration""},{""configuration"":""upscale"",""price"":""$2.23"",""latencyMs"":110844,""exampleId"":""bunraku-puppeteer-editorial-portrait""},{""configuration"":""upscale"",""price"":""$2.23"",""latencyMs"":187539,""exampleId"":""mycelium-leather-lab-b-roll""},{""configuration"":""upscale"",""price"":""$2.23"",""latencyMs"":113288,""exampleId"":""subsea-cable-docuseries-titles""}]}",统一端点；账号地区准入待确认,Bearer API Key；账号权限未实测,提交前保存 UUID；仅 getResponse 查询,2026-09-22,https://runware.ai/docs/models/bfl-flux-video-upscale,https://runware.ai/docs/models/bfl-flux-video-upscale/schema.json,90e1445f11c0a8f3b5d107321a1306c4bbae55c852ef6b8ee4d6f3d1b380f027
runware,Recraft,Recraft V4 Styles Pro Vector,recraft:v4@styles-pro-vector,live,,范围外/待确认,尚未登记,尚未登记,"超出当前文本规划/图文理解/单张位图生成精修：vectorize（text-to-image,vectorize,checkpoint）。","超出当前文本规划/图文理解/单张位图生成精修：vectorize（text-to-image,vectorize,checkpoint）。",未接入,"{""productVision"":0}",false,false,,{},"{""examples"":[{""configuration"":""vectorize"",""price"":""$0.125"",""latencyMs"":40551,""exampleId"":""food-spectrometer-lifestyle-illustration""},{""configuration"":""vectorize"",""price"":""$0.125"",""latencyMs"":41414,""exampleId"":""street-sweeper-recruitment-campaign-illustration""},{""configuration"":""vectorize"",""price"":""$0.125"",""latencyMs"":35143,""exampleId"":""subsea-cable-crew-shirt-graphic""},{""configuration"":""vectorize"",""price"":""$0.125"",""latencyMs"":105183,""exampleId"":""wastewater-outbreak-detection-explainer""}]}",统一端点；账号地区准入待确认,Bearer API Key；账号权限未实测,提交前保存 UUID；仅 getResponse 查询,2026-09-22,https://runware.ai/docs/models/recraft-v4-styles-pro-vector,https://runware.ai/docs/models/recraft-v4-styles-pro-vector/schema.json,bc62ff584d88f16ae4b7a47f726c0e7b387b2d359118091504a98663feb55534
runware,Recraft,Recraft V4 Styles Vector,recraft:v4@styles-vector,live,,范围外/待确认,尚未登记,尚未登记,"超出当前文本规划/图文理解/单张位图生成精修：vectorize（text-to-image,vectorize,checkpoint）。","超出当前文本规划/图文理解/单张位图生成精修：vectorize（text-to-image,vectorize,checkpoint）。",未接入,"{""productVision"":0}",false,false,,{},"{""examples"":[{""configuration"":""vectorize"",""price"":""$0.055"",""latencyMs"":35850,""exampleId"":""arctic-radio-drama-series-poster""},{""configuration"":""vectorize"",""price"":""$0.055"",""latencyMs"":26550,""exampleId"":""ultrasonic-bat-detector-packshot""},{""configuration"":""vectorize"",""price"":""$0.055"",""latencyMs"":30846,""exampleId"":""artisan-violin-rosin-tin-label""},{""configuration"":""vectorize"",""price"":""$0.055"",""latencyMs"":28675,""exampleId"":""kelp-seed-to-sea-process-infographic""}]}",统一端点；账号地区准入待确认,Bearer API Key；账号权限未实测,提交前保存 UUID；仅 getResponse 查询,2026-09-22,https://runware.ai/docs/models/recraft-v4-styles-vector,https://runware.ai/docs/models/recraft-v4-styles-vector/schema.json,8f1b0692ad59107ca895d0d861a53aedbe4491de47d4dec1b4711f254326734e
runware,Recraft,Recraft V4 Styles,recraft:v4@styles,live,,范围外/待确认,尚未登记,尚未登记,仅从参考图片提取风格再生图，不保证保持待精修原图；需要独立风格生图输入契约，当前不作为原图精修显示。,仅从参考图片提取风格再生图，不保证保持待精修原图；需要独立风格生图输入契约，当前不作为原图精修显示。,未接入,"{""productVision"":0}",false,false,,{},"{""examples"":[{""configuration"":""reference-to-image"",""price"":""$0.04"",""latencyMs"":25144,""exampleId"":""nocturnal-navigation-magazine-cover""},{""configuration"":""reference-to-image"",""price"":""$0.04"",""latencyMs"":113088,""exampleId"":""marine-archaeologist-personal-portrait""},{""configuration"":""reference-to-image"",""price"":""$0.04"",""latencyMs"":26178,""exampleId"":""artisan-perfumer-editorial-press-portrait""},{""configuration"":""reference-to-image"",""price"":""$0.04"",""latencyMs"":26377,""exampleId"":""cold-storage-field-recording-cover""}]}",统一端点；账号地区准入待确认,Bearer API Key；账号权限未实测,提交前保存 UUID；仅 getResponse 查询,2026-09-22,https://runware.ai/docs/models/recraft-v4-styles,https://runware.ai/docs/models/recraft-v4-styles/schema.json,b4b9f969cddee7355963ce720fb8d6a0b94bd4a5a264e6622ffe546da99d28c6
runware,Recraft,Recraft V4 Styles Pro,recraft:v4@styles-pro,live,,范围外/待确认,尚未登记,尚未登记,仅从参考图片提取风格再生图，不保证保持待精修原图；需要独立风格生图输入契约，当前不作为原图精修显示。,仅从参考图片提取风格再生图，不保证保持待精修原图；需要独立风格生图输入契约，当前不作为原图精修显示。,未接入,"{""productVision"":0}",false,false,,{},"{""examples"":[{""configuration"":""reference-to-image"",""price"":""$0.105"",""latencyMs"":36291,""exampleId"":""aquaphonic-music-festival-poster""},{""configuration"":""reference-to-image"",""price"":""$0.105"",""latencyMs"":34190,""exampleId"":""cold-storage-retrofit-campaign-visual""},{""configuration"":""reference-to-image"",""price"":""$0.105"",""latencyMs"":34896,""exampleId"":""pediatric-hospital-picturebook-spread""},{""configuration"":""reference-to-image"",""price"":""$0.105"",""latencyMs"":37611,""exampleId"":""fermentation-science-quarterly-cover""}]}",统一端点；账号地区准入待确认,Bearer API Key；账号权限未实测,提交前保存 UUID；仅 getResponse 查询,2026-09-22,https://runware.ai/docs/models/recraft-v4-styles-pro,https://runware.ai/docs/models/recraft-v4-styles-pro/schema.json,2e40dfb37f0a3fdd49544839e724f60adf347fca88ab41728ec740d0bc027584
runware,Lightricks,LTX-2.5 Fast,lightricks:ltx@2.5-fast,live,,范围外/待确认,尚未登记,尚未登记,"超出当前文本规划/图文理解/单张位图生成精修：videoInference（text-to-video,image-to-video,checkpoint,audio）。","超出当前文本规划/图文理解/单张位图生成精修：videoInference（text-to-video,image-to-video,checkpoint,audio）。",未接入,"{""productVision"":0}",false,false,,{},"{""overview"":""Pricing starts at $0.09 per second for 720p "",""examples"":[{""configuration"":""audio-driven · 1080p"",""price"":""$0.78"",""latencyMs"":34442,""exampleId"":""volcanology-museum-sonic-logo-loop""},{""configuration"":""first-last-frame · 1080p · 8s"",""price"":""$1.04"",""latencyMs"":53250,""exampleId"":""pneumatic-flood-barrier-deployment-demo""},{""configuration"":""text-to-video · 720p · 12s · audio"",""price"":""$1.08"",""latencyMs"":28528,""exampleId"":""rooftop-apiary-honey-harvest-ad""},{""configuration"":""first-frame · 1440p · 10s"",""price"":""$1.90"",""latencyMs"":63818,""exampleId"":""hydrographic-survey-studio-logo-loop""}]}",统一端点；账号地区准入待确认,Bearer API Key；账号权限未实测,提交前保存 UUID；仅 getResponse 查询,2026-09-22,https://runware.ai/docs/models/lightricks-ltx-2-5-fast,https://runware.ai/docs/models/lightricks-ltx-2-5-fast/schema.json,7acff4cf0a240a2c2f425bda5dafe91d1f3d226d8d7a5165d4aa14831c666dcc
runware,Lightricks,LTX-2.5 Pro,lightricks:ltx@2.5-pro,live,,范围外/待确认,尚未登记,尚未登记,"超出当前文本规划/图文理解/单张位图生成精修：videoInference（text-to-video,image-to-video,video-to-video,audio-to-video,edit,extend,checkpoint,audio）。","超出当前文本规划/图文理解/单张位图生成精修：videoInference（text-to-video,image-to-video,video-to-video,audio-to-video,edit,extend,checkpoint,audio）。",未接入,"{""productVision"":0}",false,false,,{},"{""overview"":""Pricing starts at $0.12 per second at 720p"",""examples"":[{""configuration"":""text-to-video · 720p · 6s · audio"",""price"":""$0.72"",""latencyMs"":21656,""exampleId"":""roller-derby-rink-background-replacement""},{""configuration"":""first-frame · 720p · 8s"",""price"":""$0.96"",""latencyMs"":25234,""exampleId"":""technical-beekeeping-jacket-showcase-reel""},{""configuration"":""audio-driven · 1080p"",""price"":""$1.20"",""latencyMs"":30204,""exampleId"":""kelp-nursery-safety-presenter""},{""configuration"":""first-last-frame · 1080p · 10s"",""price"":""$1.70"",""latencyMs"":40195,""exampleId"":""courtroom-sketch-artist-headshot-retouch""}]}",统一端点；账号地区准入待确认,Bearer API Key；账号权限未实测,提交前保存 UUID；仅 getResponse 查询,2026-09-22,https://runware.ai/docs/models/lightricks-ltx-2-5-pro,https://runware.ai/docs/models/lightricks-ltx-2-5-pro/schema.json,c6d7037091b7ee516402d6b3b3abb11814e52dc60187765fc007e679beab833f
runware,Topaz Labs,Topaz Labs Wonder 3.5,topazlabs:wonder@3.5,live,,范围外/待确认,尚未登记,尚未登记,"超出当前文本规划/图文理解/单张位图生成精修：upscale（image-to-image,upscale,checkpoint）。","超出当前文本规划/图文理解/单张位图生成精修：upscale（image-to-image,upscale,checkpoint）。",未接入,"{""productVision"":0}",false,false,,{},"{""examples"":[{""configuration"":""upscale"",""price"":""$0.0428"",""latencyMs"":15453,""exampleId"":""anodized-marine-winch-colorway-master""},{""configuration"":""upscale"",""price"":""$0.0428"",""latencyMs"":15274,""exampleId"":""terrazzo-medallion-reference-image-cleanup""},{""configuration"":""upscale"",""price"":""$0.0428"",""latencyMs"":10723,""exampleId"":""kakapo-habitat-report-opener""},{""configuration"":""upscale"",""price"":""$0.0428"",""latencyMs"":23518,""exampleId"":""planetarium-director-press-headshot""}]}",统一端点；账号地区准入待确认,Bearer API Key；账号权限未实测,提交前保存 UUID；仅 getResponse 查询,2026-09-22,https://runware.ai/docs/models/topazlabs-wonder-3-5,https://runware.ai/docs/models/topazlabs-wonder-3-5/schema.json,8923ca2e77071dfa7594832d1871300e0e32ea79a4dd6d320aeeba90227cf013
runware,xAI,Grok Imagine Image 2.0,xai:grok-imagine@image-2.0,live,,image,尚未登记,适配链路已完成但真实调用未验证,真实账号权限、真实推理、账单与质量待确认；可选高级参数未全部开放；本轮不调用真实服务。,补齐型号专用调用、选择器与恢复。,imageInference,"{""model"":3,""productAuxiliary"":8,""sourceCounts"":true}",false,false,,"{""generation"":{""mode"":""table"",""tiers"":{""1K"":{""sizes"":{""1:1"":""1024x1024"",""3:4"":""864x1152"",""4:3"":""1152x864"",""9:16"":""720x1280"",""16:9"":""1280x720"",""2:3"":""832x1248"",""3:2"":""1248x832"",""9:19.5"":""576x1248"",""19.5:9"":""1248x576"",""9:20"":""576x1280"",""20:9"":""1280x576"",""1:2"":""704x1408"",""2:1"":""1408x704""}},""2K"":{""sizes"":{""1:1"":""2048x2048"",""3:4"":""1776x2368"",""4:3"":""2368x1776"",""9:16"":""1584x2816"",""16:9"":""2816x1584"",""2:3"":""1664x2496"",""3:2"":""2496x1664"",""9:19.5"":""1344x2912"",""19.5:9"":""2912x1344"",""9:20"":""1440x3200"",""20:9"":""3200x1440"",""1:2"":""1456x2912"",""2:1"":""2912x1456""}}},""auto"":""square""},""editing"":{""mode"":""table"",""tiers"":{""1K"":{""sizes"":{""1:1"":""1024x1024"",""3:4"":""864x1152"",""4:3"":""1152x864"",""9:16"":""720x1280"",""16:9"":""1280x720"",""2:3"":""832x1248"",""3:2"":""1248x832"",""9:19.5"":""576x1248"",""19.5:9"":""1248x576"",""9:20"":""576x1280"",""20:9"":""1280x576"",""1:2"":""704x1408"",""2:1"":""1408x704""}},""2K"":{""sizes"":{""1:1"":""2048x2048"",""3:4"":""1776x2368"",""4:3"":""2368x1776"",""9:16"":""1584x2816"",""16:9"":""2816x1584"",""2:3"":""1664x2496"",""3:2"":""2496x1664"",""9:19.5"":""1344x2912"",""19.5:9"":""2912x1344"",""9:20"":""1440x3200"",""20:9"":""3200x1440"",""1:2"":""1456x2912"",""2:1"":""2912x1456""}}},""auto"":""square""}}","{""source"":""https://runware.ai/docs/models/xai-grok-imagine-image-2-0"",""checkedAt"":""2026-09-22"",""currency"":""USD"",""amount"":null,""accountTariffConfirmed"":false,""quote"":{""overview"":""Price per generated image with an additional $0.01 per input image for edits. "",""examples"":[{""configuration"":""text-to-image · 1248×832 · quality medium"",""price"":""$0.06"",""latencyMs"":113874,""exampleId"":""concert-harp-auction-cutout""},{""configuration"":""text-to-image · 1248×832 · quality medium"",""price"":""$0.06"",""latencyMs"":103974,""exampleId"":""underground-cycling-tourism-campaign-image""},{""configuration"":""reference-to-image · 2K · quality low"",""price"":""$0.08"",""latencyMs"":22779,""exampleId"":""ammonite-exhibition-gala-invitation""},{""configuration"":""reference-to-image · 2K · quality low"",""price"":""$0.08"",""latencyMs"":22216,""exampleId"":""national-seed-curator-persona-portrait""}]}}",统一端点；账号地区准入待确认,Bearer API Key；账号权限未实测,提交前保存 UUID；仅 getResponse 查询,2026-09-22,https://runware.ai/docs/models/xai-grok-imagine-image-2-0,https://runware.ai/docs/models/xai-grok-imagine-image-2-0/schema.json,4a803bbd6a8d18c7eee78e0985661e99993a754a9ab36bcb34dd06c1abd88633
runware,ByteDance,Seedance 2.5,bytedance:seedance@2.5,live,,范围外/待确认,尚未登记,尚未登记,"超出当前文本规划/图文理解/单张位图生成精修：videoInference（text-to-video,image-to-video,edit,checkpoint,audio）。","超出当前文本规划/图文理解/单张位图生成精修：videoInference（text-to-video,image-to-video,edit,checkpoint,audio）。",未接入,"{""productVision"":0}",false,false,,{},"{""overview"":""$10.7/M Token for Text/Image to Video at 480p and 720p; \n$12.52/M Token for Text/Image to Video at 1080p;\n$6.848/M Token for Video-to-Video at 480p and 720p; \n$7.49/M Token for Video-to-Video  at 1080p;\n"",""examples"":[{""configuration"":""text-to-video · 720p · 5s · audio"",""price"":""$1.17"",""latencyMs"":143889,""exampleId"":""midwifery-archive-restoration-reveal""},{""configuration"":""video-edit · 720p · autos"",""price"":""$1.78"",""latencyMs"":175929,""exampleId"":""wildlife-tracking-collar-cleanup""},{""configuration"":""reference-to-video · 720p · 8s"",""price"":""$1.86"",""latencyMs"":232972,""exampleId"":""rooftop-apiary-scene-replacement""},{""configuration"":""first-last-frame · 720p · 10s"",""price"":""$2.32"",""latencyMs"":104832,""exampleId"":""four-track-recorder-colorway-reveal-film""},{""configuration"":""first-frame · 1080p · 6s"",""price"":""$3.67"",""latencyMs"":176184,""exampleId"":""geothermal-spa-equipment-cleanup""},{""configuration"":""video-extend · 1080p · 6s"",""price"":""$4.37"",""latencyMs"":201781,""exampleId"":""quarry-photo-linocut-transition""}]}",统一端点；账号地区准入待确认,Bearer API Key；账号权限未实测,提交前保存 UUID；仅 getResponse 查询,2026-09-22,https://runware.ai/docs/models/bytedance-seedance-2-5,https://runware.ai/docs/models/bytedance-seedance-2-5/schema.json,2ec71fdd239dd4206e7b0058d5bc12a932ba81a61d5bf2d93d146e0f3c9a481d
runware,Black Forest Labs,FLUX 3 Video,bfl:flux@3-video,live,,范围外/待确认,尚未登记,尚未登记,"超出当前文本规划/图文理解/单张位图生成精修：videoInference（text-to-video,image-to-video,video-to-video,checkpoint,audio）。","超出当前文本规划/图文理解/单张位图生成精修：videoInference（text-to-video,image-to-video,video-to-video,checkpoint,audio）。",未接入,"{""productVision"":0}",false,false,,{},"{""examples"":[{""configuration"":""draft-preview · 720p · 5s"",""price"":""$0.202"",""latencyMs"":155516,""exampleId"":""urban-bat-nonprofit-logo-ident""},{""configuration"":""first-frame · 720p · 7s"",""price"":""$1.20"",""latencyMs"":87042,""exampleId"":""field-water-photometer-demo""},{""configuration"":""text-to-video · 720p · 8s · audio"",""price"":""$1.37"",""latencyMs"":142139,""exampleId"":""autonomous-pipe-crawler-product-demo""},{""configuration"":""multiple-keyframes · 1088×800 · 12s"",""price"":""$2.05"",""latencyMs"":249224,""exampleId"":""inflatable-marine-beacon-deployment-demo""},{""configuration"":""video-extend · 720p · 6s"",""price"":""$2.58"",""latencyMs"":179536,""exampleId"":""mycelium-packaging-social-launch-reel""},{""configuration"":""first-last-frame · 1080p · 10s"",""price"":""$2.91"",""latencyMs"":226914,""exampleId"":""observatory-chart-lyric-video""}]}",统一端点；账号地区准入待确认,Bearer API Key；账号权限未实测,提交前保存 UUID；仅 getResponse 查询,2026-09-22,https://runware.ai/docs/models/bfl-flux-3-video,https://runware.ai/docs/models/bfl-flux-3-video/schema.json,ba910f434203f820d1f405f93b410ef1bbbeaffb1c247dff95d2051afdd1a84c
runware,Alibaba,Qwen-Image-3.0,alibaba:qwen-image@3.0,live,,image,尚未登记,适配链路已完成但真实调用未验证,真实账号权限、真实推理、账单与质量待确认；可选高级参数未全部开放；本轮不调用真实服务。,补齐型号专用调用、选择器与恢复。,imageInference,"{""model"":3,""productAuxiliary"":8,""sourceCounts"":true}",false,false,,"{""generation"":{""mode"":""pixels"",""tiers"":{""512"":{""targetPixels"":262144},""1K"":{""targetPixels"":1048576},""1.5K"":{""targetPixels"":2359296},""2K"":{""targetPixels"":4194304},""auto"":{}},""minSide"":1,""maxSide"":4096,""minPixels"":262144,""maxPixels"":4194304,""maxRatio"":8,""alignment"":1,""auto"":""square""},""editing"":{""mode"":""pixels"",""tiers"":{""512"":{""targetPixels"":262144},""1K"":{""targetPixels"":1048576},""1.5K"":{""targetPixels"":2359296},""2K"":{""targetPixels"":4194304},""auto"":{}},""minSide"":1,""maxSide"":4096,""minPixels"":262144,""maxPixels"":4194304,""maxRatio"":8,""alignment"":1,""auto"":""square""}}","{""source"":""https://runware.ai/docs/models/alibaba-qwen-image-3-0"",""checkedAt"":""2026-09-22"",""currency"":""USD"",""amount"":null,""accountTariffConfirmed"":false,""quote"":{""overview"":""$0.03 per image output, with an additional $0.003 per input image"",""examples"":[{""configuration"":""text-to-image · 1536×1024"",""price"":""$0.03"",""latencyMs"":86937,""exampleId"":""tidal-turbine-linocut-wall-art""},{""configuration"":""text-to-image · 1536×1024"",""price"":""$0.03"",""latencyMs"":79086,""exampleId"":""adaptive-beach-wheelchair-lifestyle-hero""},{""configuration"":""reference-to-image · 1024×1536"",""price"":""$0.036"",""latencyMs"":76942,""exampleId"":""curbside-compost-pickup-pinterest-ad""},{""configuration"":""reference-to-image · 1024×1536"",""price"":""$0.036"",""latencyMs"":89394,""exampleId"":""horseshoe-crab-volunteer-social-post""}]}}",统一端点；账号地区准入待确认,Bearer API Key；账号权限未实测,提交前保存 UUID；仅 getResponse 查询,2026-09-22,https://runware.ai/docs/models/alibaba-qwen-image-3-0,https://runware.ai/docs/models/alibaba-qwen-image-3-0/schema.json,9a03c34767bbcbf063407ec2b6ec924f2a613d134eb58fcda2f7dfc4759837b3
runware,Alibaba,Qwen-Image-3.0-Pro,alibaba:qwen-image@3.0-pro,live,,image,尚未登记,适配链路已完成但真实调用未验证,真实账号权限、真实推理、账单与质量待确认；可选高级参数未全部开放；本轮不调用真实服务。,补齐型号专用调用、选择器与恢复。,imageInference,"{""model"":3,""productAuxiliary"":8,""sourceCounts"":true}",false,false,,"{""generation"":{""mode"":""pixels"",""tiers"":{""512"":{""targetPixels"":262144},""1K"":{""targetPixels"":1048576},""1.5K"":{""targetPixels"":2359296},""2K"":{""targetPixels"":4194304},""auto"":{}},""minSide"":1,""maxSide"":4096,""minPixels"":262144,""maxPixels"":4194304,""maxRatio"":8,""alignment"":1,""auto"":""square""},""editing"":{""mode"":""pixels"",""tiers"":{""512"":{""targetPixels"":262144},""1K"":{""targetPixels"":1048576},""1.5K"":{""targetPixels"":2359296},""2K"":{""targetPixels"":4194304},""auto"":{}},""minSide"":1,""maxSide"":4096,""minPixels"":262144,""maxPixels"":4194304,""maxRatio"":8,""alignment"":1,""auto"":""square""}}","{""source"":""https://runware.ai/docs/models/alibaba-qwen-image-3-0-pro"",""checkedAt"":""2026-09-22"",""currency"":""USD"",""amount"":null,""accountTariffConfirmed"":false,""quote"":{""overview"":""Starts at $0.04 per image output. With an additional $0.003 per input image"",""examples"":[{""configuration"":""text-to-image · 1536×1024"",""price"":""$0.04"",""latencyMs"":11777,""exampleId"":""municipal-geothermal-campaign-key-visual""},{""configuration"":""text-to-image · 1536×1024"",""price"":""$0.04"",""latencyMs"":10828,""exampleId"":""colorized-cable-ship-archive-photograph""},{""configuration"":""reference-to-image · 1024×1536"",""price"":""$0.046"",""latencyMs"":153610,""exampleId"":""museum-pest-investigation-blog-hero""},{""configuration"":""reference-to-image · 1024×1536"",""price"":""$0.046"",""latencyMs"":127289,""exampleId"":""atlantic-dulse-carton-packaging""}]}}",统一端点；账号地区准入待确认,Bearer API Key；账号权限未实测,提交前保存 UUID；仅 getResponse 查询,2026-09-22,https://runware.ai/docs/models/alibaba-qwen-image-3-0-pro,https://runware.ai/docs/models/alibaba-qwen-image-3-0-pro/schema.json,af22f407c4c4a900b359b6ba267e8cb60ffa756b81723025054747e86b459464
runware,DeepSeek,DeepSeek-V4-Flash-0731,deepseek:v4@flash,live,,main,尚未登记,适配链路已完成但真实调用未验证,真实账号权限、真实推理、账单与质量待确认；可选高级参数未全部开放；本轮不调用真实服务。,补齐型号专用调用、选择器与恢复。,textInference,"{""productVision"":0}",false,false,,{},"{""source"":""https://runware.ai/docs/models/deepseek-v4-flash"",""checkedAt"":""2026-09-22"",""currency"":""USD"",""amount"":null,""accountTariffConfirmed"":false,""quote"":{""examples"":[{""configuration"":""tool-calling"",""price"":""$0.0000283"",""latencyMs"":1305,""exampleId"":""treasury-cutoff-function-call""},{""configuration"":""text-generation"",""price"":""$0.000373"",""latencyMs"":30468,""exampleId"":""tour-cancellation-coverage-appeal""},{""configuration"":""structured-output"",""price"":""$0.000485"",""latencyMs"":55642,""exampleId"":""literary-festival-sponsorship-brief""},{""configuration"":""text-generation"",""price"":""$0.00128"",""latencyMs"":97650,""exampleId"":""specialty-pharmacy-acquisition-committee-memo""}]}}",统一端点；账号地区准入待确认,Bearer API Key；账号权限未实测,提交前保存 UUID；仅 getResponse 查询,2026-09-22,https://runware.ai/docs/models/deepseek-v4-flash,https://runware.ai/docs/models/deepseek-v4-flash/schema.json,06566a200ee383d4f8655da5412b581a126d29bea0586f35e8a685db9e51f415
runware,MiniMax,MiniMax H3,minimax:h3@0,live,,范围外/待确认,尚未登记,尚未登记,"超出当前文本规划/图文理解/单张位图生成精修：videoInference（text-to-video,image-to-video,video-to-video,audio-to-video,edit,checkpoint,audio）。","超出当前文本规划/图文理解/单张位图生成精修：videoInference（text-to-video,image-to-video,video-to-video,audio-to-video,edit,checkpoint,audio）。",未接入,"{""productVision"":0}",false,false,,{},"{""overview"":""Output video costs $0.08 per second at 768p and $0.13 per second at 2K. Input video costs $0.13/s of uploaded video. The first 5 input images are free then it is $0.04 for any additional ones. Input audio is free."",""examples"":[{""configuration"":""text-to-video · 1344×768 · 6s"",""price"":""$0.48"",""latencyMs"":146756,""exampleId"":""avalanche-patrol-team-portrait""},{""configuration"":""first-frame · 768p · 8s"",""price"":""$0.64"",""latencyMs"":174046,""exampleId"":""indoor-wasabi-farm-b-roll""},{""configuration"":""first-last-frame · 1440p · 10s"",""price"":""$1.30"",""latencyMs"":446530,""exampleId"":""underwater-scooter-colorway-reveal-film""},{""configuration"":""reference-to-video · 768p · 12s"",""price"":""$1.74"",""latencyMs"":441866,""exampleId"":""wastewater-lab-public-health-briefing""}]}",统一端点；账号地区准入待确认,Bearer API Key；账号权限未实测,提交前保存 UUID；仅 getResponse 查询,2026-09-22,https://runware.ai/docs/models/minimax-h3,https://runware.ai/docs/models/minimax-h3/schema.json,12817882b730f4601bf579ca95a27db69318590d9c93d0fbef243f4bd9ada2a3
runware,Pruna AI,P-Image-Ideogram,prunaai:p-image@ideogram,live,,image,尚未登记,适配链路已完成但真实调用未验证,真实账号权限、真实推理、账单与质量待确认；可选高级参数未全部开放；本轮不调用真实服务。,补齐型号专用调用、选择器与恢复。,imageInference,"{""model"":1,""productAuxiliary"":8,""sourceCounts"":true}",false,false,,"{""generation"":{""mode"":""pixels"",""tiers"":{""512"":{""targetPixels"":262144},""1K"":{""targetPixels"":1048576},""1.5K"":{""targetPixels"":2359296},""2K"":{""targetPixels"":4194304}},""minSide"":64,""maxSide"":2560,""minPixels"":1024,""maxPixels"":4194304,""maxRatio"":16,""alignment"":16,""auto"":""square""}}","{""source"":""https://runware.ai/docs/models/prunaai-p-image-ideogram"",""checkedAt"":""2026-09-22"",""currency"":""USD"",""amount"":null,""accountTariffConfirmed"":false,""quote"":{""examples"":[{""configuration"":""text-to-image"",""price"":""$0.0225"",""latencyMs"":16427,""exampleId"":""stage-backdrop-conservation-book-cover""},{""configuration"":""text-to-image"",""price"":""$0.0225"",""latencyMs"":12378,""exampleId"":""sake-brewery-process-icon-set""},{""configuration"":""text-to-image"",""price"":""$0.0225"",""latencyMs"":12078,""exampleId"":""ceramics-studio-air-monitor-lifestyle""},{""configuration"":""text-to-image"",""price"":""$0.0225"",""latencyMs"":13939,""exampleId"":""childrens-water-infrastructure-book-cover""}]}}",统一端点；账号地区准入待确认,Bearer API Key；账号权限未实测,提交前保存 UUID；仅 getResponse 查询,2026-09-22,https://runware.ai/docs/models/prunaai-p-image-ideogram,https://runware.ai/docs/models/prunaai-p-image-ideogram/schema.json,7484d544c2b6398b1a767fbdaa1c1ca167fe6fa8a471a15b1b0e7e99e14efd9d
runware,Ideogram,Ideogram Object Remover,ideogram:object-remover@0,live,,范围外/待确认,尚未登记,尚未登记,仅物体移除，无提示词字段；需要独立擦除操作。,仅物体移除，无提示词字段；需要独立擦除操作。,未接入,"{""productVision"":0}",false,false,,{},"{""examples"":[{""configuration"":""inpaint"",""price"":""$0.03"",""latencyMs"":10137,""exampleId"":""woodblock-oyster-farm-editorial""},{""configuration"":""inpaint"",""price"":""$0.03"",""latencyMs"":8951,""exampleId"":""coffee-packaging-texture-cleanup""},{""configuration"":""inpaint"",""price"":""$0.03"",""latencyMs"":9302,""exampleId"":""cyanotype-wind-farm-cover-art""},{""configuration"":""inpaint"",""price"":""$0.03"",""latencyMs"":8346,""exampleId"":""museum-gallery-photograph-cleanup""}]}",统一端点；账号地区准入待确认,Bearer API Key；账号权限未实测,提交前保存 UUID；仅 getResponse 查询,2026-09-22,https://runware.ai/docs/models/ideogram-object-remover,https://runware.ai/docs/models/ideogram-object-remover/schema.json,33f34f7d3c5692f36f9e2736245fa74b935cec6fcade66bd657220322d5d0256
runware,待确认,FLUX.1 [dev] Style LoRA Training,runware:flux-1-dev@style-lora-training,live,,范围外/待确认,尚未登记,尚未登记,超出当前文本规划/图文理解/单张位图生成精修：training（train）。,超出当前文本规划/图文理解/单张位图生成精修：training（train）。,未接入,"{""productVision"":0}",false,false,,{},"{""overview"":""Pricing is $0.00145 per step""}",统一端点；账号地区准入待确认,Bearer API Key；账号权限未实测,提交前保存 UUID；仅 getResponse 查询,2026-09-22,https://runware.ai/docs/models/runware-flux-1-dev-style-lora-training,https://runware.ai/docs/models/runware-flux-1-dev-style-lora-training/schema.json,620f635517c379fde96b15efead6da787db2fc84dbe440620d59549f3e364223
runware,待确认,FLUX.2 [klein] 4B Style LoRA Training,runware:flux-2-klein-4b@style-lora-training,live,,范围外/待确认,尚未登记,尚未登记,超出当前文本规划/图文理解/单张位图生成精修：training（train）。,超出当前文本规划/图文理解/单张位图生成精修：training（train）。,未接入,"{""productVision"":0}",false,false,,{},"{""overview"":""Pricing is $0.0035 per step""}",统一端点；账号地区准入待确认,Bearer API Key；账号权限未实测,提交前保存 UUID；仅 getResponse 查询,2026-09-22,https://runware.ai/docs/models/runware-flux-2-klein-4b-style-lora-training,https://runware.ai/docs/models/runware-flux-2-klein-4b-style-lora-training/schema.json,362f64a3d3e7a2766ce3224c40696ef02fbdd044abc313dbb225f4e39f515c25
runware,待确认,FLUX.2 [klein] 9B Style LoRA Training,runware:flux-2-klein-9b@style-lora-training,live,,范围外/待确认,尚未登记,尚未登记,超出当前文本规划/图文理解/单张位图生成精修：training（train）。,超出当前文本规划/图文理解/单张位图生成精修：training（train）。,未接入,"{""productVision"":0}",false,false,,{},"{""overview"":""Pricing is $0.00301 per step""}",统一端点；账号地区准入待确认,Bearer API Key；账号权限未实测,提交前保存 UUID；仅 getResponse 查询,2026-09-22,https://runware.ai/docs/models/runware-flux-2-klein-9b-style-lora-training,https://runware.ai/docs/models/runware-flux-2-klein-9b-style-lora-training/schema.json,dd7c2f1061339783e6b3fd669f6ac47a6e132bcea49cbfa64ce549561cadf031
runware,待确认,Qwen-Image Style LoRA Training,runware:qwen-image@style-lora-training,live,,范围外/待确认,尚未登记,尚未登记,超出当前文本规划/图文理解/单张位图生成精修：training（train）。,超出当前文本规划/图文理解/单张位图生成精修：training（train）。,未接入,"{""productVision"":0}",false,false,,{},"{""overview"":""Pricing is $0.00105 per step""}",统一端点；账号地区准入待确认,Bearer API Key；账号权限未实测,提交前保存 UUID；仅 getResponse 查询,2026-09-22,https://runware.ai/docs/models/runware-qwen-image-style-lora-training,https://runware.ai/docs/models/runware-qwen-image-style-lora-training/schema.json,ae26beb687f4d2b58e8b7986c3271d3a29a6c96e89f2c0a4611e0f821dacff01
runware,待确认,Z-Image Style LoRA Training,runware:z-image@style-lora-training,live,,范围外/待确认,尚未登记,尚未登记,超出当前文本规划/图文理解/单张位图生成精修：training（train）。,超出当前文本规划/图文理解/单张位图生成精修：training（train）。,未接入,"{""productVision"":0}",false,false,,{},"{""overview"":""Pricing is $0.00182 per step""}",统一端点；账号地区准入待确认,Bearer API Key；账号权限未实测,提交前保存 UUID；仅 getResponse 查询,2026-09-22,https://runware.ai/docs/models/runware-z-image-style-lora-training,https://runware.ai/docs/models/runware-z-image-style-lora-training/schema.json,e7a6c3a407a884aa0a4f16fc8e2fb211d2b207cb7299311bea823115aa54190c
runware,Krea,Krea 2 Turbo,krea:krea@2-turbo,live,,image,尚未登记,适配链路已完成但真实调用未验证,真实账号权限、真实推理、账单与质量待确认；可选高级参数未全部开放；本轮不调用真实服务。,补齐型号专用调用、选择器与恢复。仅生图；官方参考图仅作风格引导，不冒充保留原图的精修。,imageInference,"{""model"":4,""productAuxiliary"":8,""sourceCounts"":true}",false,false,,"{""generation"":{""mode"":""pixels"",""tiers"":{""512"":{""targetPixels"":262144},""1K"":{""targetPixels"":1048576},""1.5K"":{""targetPixels"":2359296},""2K"":{""targetPixels"":4194304}},""minSide"":64,""maxSide"":2048,""minPixels"":4096,""maxPixels"":4194304,""maxRatio"":16,""alignment"":16,""auto"":""square""}}","{""source"":""https://runware.ai/docs/models/krea-2-turbo"",""checkedAt"":""2026-09-22"",""currency"":""USD"",""amount"":null,""accountTariffConfirmed"":false,""quote"":{""examples"":[{""configuration"":""text-to-image"",""price"":""$0.015"",""latencyMs"":4335,""exampleId"":""coastal-engineering-book-cover""},{""configuration"":""text-to-image"",""price"":""$0.015"",""latencyMs"":4283,""exampleId"":""mine-water-heating-explainer""},{""configuration"":""text-to-image"",""price"":""$0.015"",""latencyMs"":3959,""exampleId"":""converted-water-tower-living-room""},{""configuration"":""text-to-image"",""price"":""$0.015"",""latencyMs"":4813,""exampleId"":""nitrate-film-preservation-blog-hero""}]}}",统一端点；账号地区准入待确认,Bearer API Key；账号权限未实测,提交前保存 UUID；仅 getResponse 查询,2026-09-22,https://runware.ai/docs/models/krea-2-turbo,https://runware.ai/docs/models/krea-2-turbo/schema.json,eff469ea82151343e395b36c41d7c29a98e172ee9a5c2a38ec06512e70b8ee8b
runware,ByteDance,Seedream 5.0 Pro,bytedance:seedream@5.0-pro,live,,image,尚未登记,适配链路已完成但真实调用未验证,真实账号权限、真实推理、账单与质量待确认；可选高级参数未全部开放；本轮不调用真实服务。,补齐型号专用调用、选择器与恢复。,imageInference,"{""model"":10,""productAuxiliary"":8,""sourceCounts"":true}",false,false,,"{""generation"":{""mode"":""pixels"",""tiers"":{""1K"":{""targetPixels"":1048576},""1.5K"":{""targetPixels"":2359296},""2K"":{""targetPixels"":4194304},""auto"":{}},""minSide"":256,""maxSide"":16383,""minPixels"":921600,""maxPixels"":4624220,""maxRatio"":16,""alignment"":1,""auto"":""square""},""editing"":{""mode"":""pixels"",""tiers"":{""1K"":{""targetPixels"":1048576},""1.5K"":{""targetPixels"":2359296},""2K"":{""targetPixels"":4194304},""auto"":{}},""minSide"":256,""maxSide"":16383,""minPixels"":921600,""maxPixels"":4624220,""maxRatio"":16,""alignment"":1,""auto"":""square""}}","{""source"":""https://runware.ai/docs/models/bytedance-seedream-5-0-pro"",""checkedAt"":""2026-09-22"",""currency"":""USD"",""amount"":null,""accountTariffConfirmed"":false,""quote"":{""overview"":""Pricing starts at $0.04815 per image generated (1.5K output image that is smaller or equal to (<=) 2.36 MP) to $0.0963 per image (2K output image that is bigger than (>) 2.36 MP). First input image is free and any additional input image is $0.00321 per image."",""examples"":[{""configuration"":""text-to-image · 1536×1024"",""price"":""$0.0481"",""latencyMs"":80196,""exampleId"":""edwardian-station-vfx-clean-plate""},{""configuration"":""text-to-image · 1536×1024"",""price"":""$0.0481"",""latencyMs"":79834,""exampleId"":""bioluminescent-algae-culture-kit-packaging""},{""configuration"":""reference-to-image"",""price"":""$0.0514"",""latencyMs"":103756,""exampleId"":""urban-beekeeper-linocut-profile-avatar""},{""configuration"":""reference-to-image"",""price"":""$0.0514"",""latencyMs"":131089,""exampleId"":""museum-astrolabe-catalog-cleanup""}]}}",统一端点；账号地区准入待确认,Bearer API Key；账号权限未实测,提交前保存 UUID；仅 getResponse 查询,2026-09-22,https://runware.ai/docs/models/bytedance-seedream-5-0-pro,https://runware.ai/docs/models/bytedance-seedream-5-0-pro/schema.json,3afdb531fcc5b2c50a63d671f33598b6d779fa13660d43cd891c0f03c568b921
runware,Meta,Muse Image,meta:muse@image,live,,image,尚未登记,适配链路已完成但真实调用未验证,真实账号权限、真实推理、账单与质量待确认；可选高级参数未全部开放；本轮不调用真实服务。,补齐型号专用调用、选择器与恢复。,imageInference,"{""model"":10,""productAuxiliary"":8,""sourceCounts"":true}",false,false,,"{""generation"":{""mode"":""table"",""tiers"":{""2K"":{""sizes"":{""1:1"":""1600x1600"",""3:2"":""1920x1280"",""2:3"":""1280x1920"",""4:3"":""1792x1344"",""3:4"":""1344x1792"",""16:9"":""2048x1152"",""9:16"":""1152x2048"",""21:9"":""2352x1008""}}},""auto"":""square""},""editing"":{""mode"":""table"",""tiers"":{""2K"":{""sizes"":{""1:1"":""1600x1600"",""3:2"":""1920x1280"",""2:3"":""1280x1920"",""4:3"":""1792x1344"",""3:4"":""1344x1792"",""16:9"":""2048x1152"",""9:16"":""1152x2048"",""21:9"":""2352x1008""}}},""auto"":""square""}}","{""source"":""https://runware.ai/docs/models/meta-muse-image"",""checkedAt"":""2026-09-22"",""currency"":""USD"",""amount"":null,""accountTariffConfirmed"":false,""quote"":{""examples"":[{""configuration"":""reference-to-image · 1344×1792"",""price"":""$0.01"",""latencyMs"":17992,""exampleId"":""beekeeping-swarm-crew-shirt-graphic""},{""configuration"":""text-to-image · 2048×1152"",""price"":""$0.01"",""latencyMs"":18847,""exampleId"":""deep-sea-research-mission-icon-set""},{""configuration"":""reference-to-image · 1344×1792"",""price"":""$0.01"",""latencyMs"":18212,""exampleId"":""cello-restoration-social-media-ad""},{""configuration"":""text-to-image · 2048×1152"",""price"":""$0.01"",""latencyMs"":26209,""exampleId"":""railway-signal-engineer-profile-avatar""}]}}",统一端点；账号地区准入待确认,Bearer API Key；账号权限未实测,提交前保存 UUID；仅 getResponse 查询,2026-09-22,https://runware.ai/docs/models/meta-muse-image,https://runware.ai/docs/models/meta-muse-image/schema.json,280c11a35cab9c833bf9384ffb5b888d31de1b696f597bcced7935c5fc298e07
runware,Google,Gemini Omni Flash,google:gemini@omni-flash,live,,范围外/待确认,尚未登记,尚未登记,"超出当前文本规划/图文理解/单张位图生成精修：videoInference（text-to-video,image-to-video,video-to-video,edit,checkpoint,audio）。","超出当前文本规划/图文理解/单张位图生成精修：videoInference（text-to-video,image-to-video,video-to-video,edit,checkpoint,audio）。",未接入,"{""productVision"":0}",false,false,,{},"{""overview"":""Gemini Omni Flash charges 2040 tokens per image, 32 tokens per audio second, and 5792 tokens per video second for input. For video output, Gemini Omni Flash charges 5792 per second of 720p video output (with audio)"",""examples"":[{""configuration"":""first-frame · 720p · 5s"",""price"":""$0.503"",""latencyMs"":35478,""exampleId"":""falconry-gauntlet-field-demonstration""},{""configuration"":""reference-to-video · 720p · 6s"",""price"":""$0.605"",""latencyMs"":42845,""exampleId"":""abyssal-research-portrait-expansion""},{""configuration"":""video-edit"",""price"":""$0.655"",""latencyMs"":66094,""exampleId"":""mobility-exoskeleton-airport-demo-clip""},{""configuration"":""text-to-video · 720p · 8s"",""price"":""$0.80"",""latencyMs"":38629,""exampleId"":""forensic-moth-thriller-teaser""}]}",统一端点；账号地区准入待确认,Bearer API Key；账号权限未实测,提交前保存 UUID；仅 getResponse 查询,2026-09-22,https://runware.ai/docs/models/google-gemini-omni-flash,https://runware.ai/docs/models/google-gemini-omni-flash/schema.json,adb1f6220c339eb8bf40256e3e03a13a8cd117885bbda728220a557c709110da
runware,Google,Nano Banana 2 Lite,google:nano-banana@2-lite,live,,image,尚未登记,适配链路已完成但真实调用未验证,真实账号权限、真实推理、账单与质量待确认；可选高级参数未全部开放；本轮不调用真实服务。,补齐型号专用调用、选择器与恢复。,imageInference,"{""model"":14,""productAuxiliary"":8,""sourceCounts"":true}",false,false,,"{""generation"":{""mode"":""table"",""tiers"":{""1K"":{""sizes"":{""1:1"":""1024x1024"",""3:2"":""1264x848"",""2:3"":""848x1264"",""4:3"":""1200x896"",""3:4"":""896x1200"",""4:5"":""928x1152"",""5:4"":""1152x928"",""9:16"":""768x1376"",""16:9"":""1376x768"",""21:9"":""1584x672"",""4:1"":""2048x512"",""1:4"":""512x2048"",""8:1"":""3072x384"",""1:8"":""384x3072""}}},""auto"":""square""},""editing"":{""mode"":""table"",""tiers"":{""1K"":{""sizes"":{""1:1"":""1024x1024"",""3:2"":""1264x848"",""2:3"":""848x1264"",""4:3"":""1200x896"",""3:4"":""896x1200"",""4:5"":""928x1152"",""5:4"":""1152x928"",""9:16"":""768x1376"",""16:9"":""1376x768"",""21:9"":""1584x672"",""4:1"":""2048x512"",""1:4"":""512x2048"",""8:1"":""3072x384"",""1:8"":""384x3072""}}},""auto"":""square""}}","{""source"":""https://runware.ai/docs/models/google-nano-banana-2-lite"",""checkedAt"":""2026-09-22"",""currency"":""USD"",""amount"":null,""accountTariffConfirmed"":false,""quote"":{""examples"":[{""configuration"":""text-to-image · 1376×768"",""price"":""$0.0338"",""latencyMs"":3992,""exampleId"":""historic-dry-dock-lighting-visualization""},{""configuration"":""text-to-image · 1376×768"",""price"":""$0.0338"",""latencyMs"":4305,""exampleId"":""airport-wildlife-biologist-picture-book-spread""},{""configuration"":""reference-to-image · 1024×1024"",""price"":""$0.0344"",""latencyMs"":6508,""exampleId"":""mineral-saltworks-square-wall-print""},{""configuration"":""reference-to-image · 1024×1024"",""price"":""$0.0344"",""latencyMs"":6939,""exampleId"":""textile-conservation-journal-cover""}]}}",统一端点；账号地区准入待确认,Bearer API Key；账号权限未实测,提交前保存 UUID；仅 getResponse 查询,2026-09-22,https://runware.ai/docs/models/google-nano-banana-2-lite,https://runware.ai/docs/models/google-nano-banana-2-lite/schema.json,dc8040a7fccf2affec5f1a90ce6795e712dbf9ac865b25894d9736979f2c90d1
runware,ByteDance,Seedance 2.0 Mini,bytedance:seedance@2.0-mini,live,,范围外/待确认,尚未登记,尚未登记,"超出当前文本规划/图文理解/单张位图生成精修：videoInference（text-to-video,image-to-video,checkpoint,audio）。","超出当前文本规划/图文理解/单张位图生成精修：videoInference（text-to-video,image-to-video,checkpoint,audio）。",未接入,"{""productVision"":0}",false,false,,{},"{""overview"":""Pricing is $0.036 per second of video at 480p and $0.081 per second of video at 720p for text/image to video.\nPricing is $0.043 per second of video at 480p and $0.096 per second of video at 720p for video to video.\n"",""examples"":[{""configuration"":""first-last-frame · 480p · 8s"",""price"":""$0.303"",""latencyMs"":92394,""exampleId"":""flood-forecasting-platform-logo-ident""},{""configuration"":""text-to-video · 720p · 5s · audio"",""price"":""$0.408"",""latencyMs"":106283,""exampleId"":""hospital-pneumatic-tube-logistics-b-roll""},{""configuration"":""first-frame · 720p · 6s · audio"",""price"":""$0.489"",""latencyMs"":110386,""exampleId"":""sculptural-hearing-jewelry-reel""},{""configuration"":""reference-to-video · 720p · 10s · audio"",""price"":""$0.813"",""latencyMs"":115065,""exampleId"":""planetary-science-curator-update""}]}",统一端点；账号地区准入待确认,Bearer API Key；账号权限未实测,提交前保存 UUID；仅 getResponse 查询,2026-09-22,https://runware.ai/docs/models/bytedance-seedance-2-0-mini,https://runware.ai/docs/models/bytedance-seedance-2-0-mini/schema.json,cf670cc7e7084992a8afe86ea313f75b5263b84c9c12269e52651e6c9d86f60a
runware,Alibaba,HappyHorse 1.1,alibaba:happyhorse@1.1,live,,范围外/待确认,尚未登记,尚未登记,"超出当前文本规划/图文理解/单张位图生成精修：videoInference（text-to-video,image-to-video,checkpoint,audio）。","超出当前文本规划/图文理解/单张位图生成精修：videoInference（text-to-video,image-to-video,checkpoint,audio）。",未接入,"{""productVision"":0}",false,false,,{},"{""overview"":""Pricing starts at $0.14 per second of video at 720p. Which means $0.42 for the minimum 3 seconds output. Pricing starts at $0.18 per second of video at 1080p. Which means $0.54 for the minimum 3 seconds output."",""examples"":[{""configuration"":""text-to-video · 1080p · 5s"",""price"":""$0.929"",""latencyMs"":108928,""exampleId"":""seaweed-bioplastic-extrusion-b-roll""},{""configuration"":""text-to-video · 1080p · 5s"",""price"":""$0.929"",""latencyMs"":112634,""exampleId"":""bat-acoustics-network-logo-loop""},{""configuration"":""first-frame · 1080p · 8s"",""price"":""$1.46"",""latencyMs"":141416,""exampleId"":""volcanology-heat-suit-showcase-reel""},{""configuration"":""reference-to-video · 720p · 12s"",""price"":""$1.70"",""latencyMs"":156929,""exampleId"":""after-hours-laundromat-music-video-segment""}]}",统一端点；账号地区准入待确认,Bearer API Key；账号权限未实测,提交前保存 UUID；仅 getResponse 查询,2026-09-22,https://runware.ai/docs/models/alibaba-happyhorse-1-1,https://runware.ai/docs/models/alibaba-happyhorse-1-1/schema.json,7af54aca0f9ca9c6ad82cbdf1250dac8145aa36593f67802a390e9b09c850412
runware,Krea,Krea 2 Raw,krea:krea@2-raw,live,,image,尚未登记,适配链路已完成但真实调用未验证,真实账号权限、真实推理、账单与质量待确认；可选高级参数未全部开放；本轮不调用真实服务。,补齐型号专用调用、选择器与恢复。仅生图；官方参考图仅作风格引导，不冒充保留原图的精修。,imageInference,"{""model"":4,""productAuxiliary"":8,""sourceCounts"":true}",false,false,,"{""generation"":{""mode"":""pixels"",""tiers"":{""512"":{""targetPixels"":262144},""1K"":{""targetPixels"":1048576},""1.5K"":{""targetPixels"":2359296},""2K"":{""targetPixels"":4194304}},""minSide"":64,""maxSide"":2048,""minPixels"":4096,""maxPixels"":4194304,""maxRatio"":16,""alignment"":16,""auto"":""square""}}","{""source"":""https://runware.ai/docs/models/krea-2-raw"",""checkedAt"":""2026-09-22"",""currency"":""USD"",""amount"":null,""accountTariffConfirmed"":false,""quote"":{""examples"":[{""configuration"":""text-to-image"",""price"":""$0.015"",""latencyMs"":35167,""exampleId"":""water-tower-listening-lounge""},{""configuration"":""text-to-image"",""price"":""$0.015"",""latencyMs"":21910,""exampleId"":""night-pollinator-festival-shirt-graphic""},{""configuration"":""text-to-image"",""price"":""$0.015"",""latencyMs"":34976,""exampleId"":""luxury-watchmaker-oiler-kit-packshot""},{""configuration"":""text-to-image"",""price"":""$0.015"",""latencyMs"":51704,""exampleId"":""subsea-cable-repair-video-thumbnail""}]}}",统一端点；账号地区准入待确认,Bearer API Key；账号权限未实测,提交前保存 UUID；仅 getResponse 查询,2026-09-22,https://runware.ai/docs/models/krea-2-raw,https://runware.ai/docs/models/krea-2-raw/schema.json,46340cac7ac899c39a6b0e40b6e0c274d113972534d4f4656d76df26bd61293d
runware,Pruna AI,P-Image-Try-On,prunaai:p-image@try-on,live,,范围外/待确认,尚未登记,尚未登记,服装试穿专用，超出科研图工作流。,服装试穿专用，超出科研图工作流。,未接入,"{""productVision"":0}",false,false,,{},"{""overview"":""$0.015 for the first garment, $0.008 for each additional one"",""examples"":[{""configuration"":""pose-guided-try-on"",""price"":""$0.0069"",""latencyMs"":24925,""exampleId"":""pipe-organ-technician-editorial-portrait""},{""configuration"":""virtual-try-on"",""price"":""$0.0069"",""latencyMs"":13978,""exampleId"":""polar-expedition-uniform-preview""},{""configuration"":""pose-guided-try-on"",""price"":""$0.0069"",""latencyMs"":22883,""exampleId"":""celadon-ceramicist-workwear-colorway""},{""configuration"":""virtual-try-on"",""price"":""$0.0093"",""latencyMs"":21406,""exampleId"":""lighthouse-costume-continuity-cleanup""}]}",统一端点；账号地区准入待确认,Bearer API Key；账号权限未实测,提交前保存 UUID；仅 getResponse 查询,2026-09-22,https://runware.ai/docs/models/prunaai-p-image-try-on,https://runware.ai/docs/models/prunaai-p-image-try-on/schema.json,3dc19eb174ceaffba85866f3ec3174c07ca02ba79e7d069cf122d2e5fbb2fb75
runware,Kling AI,Kling VIDEO 3.0 Turbo,klingai:kling-video@3.0-turbo,live,,范围外/待确认,尚未登记,尚未登记,"超出当前文本规划/图文理解/单张位图生成精修：videoInference（text-to-video,image-to-video,checkpoint,audio）。","超出当前文本规划/图文理解/单张位图生成精修：videoInference（text-to-video,image-to-video,checkpoint,audio）。",未接入,"{""productVision"":0}",false,false,,{},"{""overview"":""Pricing is at $0.112 per second of video at 720p with native audio. Starting at $0.336 for 3 seconds"",""examples"":[{""configuration"":""text-to-video · 1080p · 5s"",""price"":""$0.70"",""latencyMs"":136056,""exampleId"":""luxury-apiary-outerwear-showcase-reel""},{""configuration"":""text-to-video · 1080p · 5s"",""price"":""$0.70"",""latencyMs"":84700,""exampleId"":""forensic-accounting-docuseries-teaser""},{""configuration"":""first-frame · 720p · 8s"",""price"":""$0.896"",""latencyMs"":127881,""exampleId"":""pipe-freeze-clamp-explainer-clip""},{""configuration"":""multi-shot · 960×960 · 12s"",""price"":""$1.34"",""latencyMs"":106631,""exampleId"":""waterworks-cumbia-music-video""}]}",统一端点；账号地区准入待确认,Bearer API Key；账号权限未实测,提交前保存 UUID；仅 getResponse 查询,2026-09-22,https://runware.ai/docs/models/klingai-video-3-0-turbo,https://runware.ai/docs/models/klingai-video-3-0-turbo/schema.json,b4985330683a931e1d280a6a5014ebffbdea3d0ebdffe4c35c7177af55106f70
runware,RunDiffusion,Juggernaut Z Fast,rundiffusion:300@100,live,,image,尚未登记,适配链路已完成但真实调用未验证,真实账号权限、真实推理、账单与质量待确认；可选高级参数未全部开放；本轮不调用真实服务。,补齐型号专用调用、选择器与恢复。,imageInference,"{""model"":1,""productAuxiliary"":8,""sourceCounts"":true}",true,false,,"{""generation"":{""mode"":""pixels"",""tiers"":{""512"":{""targetPixels"":262144},""1K"":{""targetPixels"":1048576},""1.5K"":{""targetPixels"":2359296},""2K"":{""targetPixels"":4194304}},""minSide"":128,""maxSide"":2048,""minPixels"":16384,""maxPixels"":4194304,""maxRatio"":16,""alignment"":16,""auto"":""square""},""editing"":{""mode"":""pixels"",""tiers"":{""512"":{""targetPixels"":262144},""1K"":{""targetPixels"":1048576},""1.5K"":{""targetPixels"":2359296},""2K"":{""targetPixels"":4194304}},""minSide"":128,""maxSide"":2048,""minPixels"":16384,""maxPixels"":4194304,""maxRatio"":16,""alignment"":16,""auto"":""square""}}","{""source"":""https://runware.ai/docs/models/rundiffusion-juggernaut-z-fast"",""checkedAt"":""2026-09-22"",""currency"":""USD"",""amount"":null,""accountTariffConfirmed"":false,""quote"":{""examples"":[{""configuration"":""text-to-image · 1024×1024"",""price"":""$0.00169"",""latencyMs"":2899,""exampleId"":""maritime-museum-scene-composite""},{""configuration"":""image-to-image · 1280×768"",""price"":""$0.00169"",""latencyMs"":3188,""exampleId"":""constructed-wetland-process-infographic""},{""configuration"":""inpaint · 768×1024"",""price"":""$0.00247"",""latencyMs"":13995,""exampleId"":""airport-sensory-booth-visualization""},{""configuration"":""expand · 1536×1024"",""price"":""$0.00338"",""latencyMs"":7026,""exampleId"":""agrivoltaic-energy-campaign-key-visual""}]}}",统一端点；账号地区准入待确认,Bearer API Key；账号权限未实测,提交前保存 UUID；仅 getResponse 查询,2026-09-22,https://runware.ai/docs/models/rundiffusion-juggernaut-z-fast,https://runware.ai/docs/models/rundiffusion-juggernaut-z-fast/schema.json,209b2b8eebc17a085c10039c8ea745a3ba4f86a1bcc55b8ecad0c08713138fcf
runware,Anthropic,Claude Fable 5,anthropic:claude@fable-5,live,,main / vision,尚未登记,适配链路已完成但真实调用未验证,真实账号权限、真实推理、账单与质量待确认；可选高级参数未全部开放；本轮不调用真实服务。,补齐型号专用调用、选择器与恢复。,textInference,"{""productVision"":3}",false,false,,{},"{""source"":""https://runware.ai/docs/models/anthropic-claude-fable-5"",""checkedAt"":""2026-09-22"",""currency"":""USD"",""amount"":null,""accountTariffConfirmed"":false,""quote"":{""examples"":[{""configuration"":""split-thinking"",""price"":""$0.0347"",""latencyMs"":10709,""exampleId"":""commercial-solar-bid-recommendation""},{""configuration"":""text-generation"",""price"":""$0.119"",""latencyMs"":35389,""exampleId"":""library-capital-campaign-case-statement""},{""configuration"":""structured-output"",""price"":""$0.14"",""latencyMs"":33445,""exampleId"":""mobile-prenatal-clinic-siting-brief""},{""configuration"":""reference-to-text"",""price"":""$0.271"",""latencyMs"":84501,""exampleId"":""freight-damage-claims-assessment""}]}}",统一端点；账号地区准入待确认,Bearer API Key；账号权限未实测,提交前保存 UUID；仅 getResponse 查询,2026-09-22,https://runware.ai/docs/models/anthropic-claude-fable-5,https://runware.ai/docs/models/anthropic-claude-fable-5/schema.json,2ff05f4903ad08370a4571829c0b36fd75ed29ac67c2b9c084d6c2aa2413cb00
runware,Luma,Ray3.2,luma:ray@3.2,live,,范围外/待确认,尚未登记,尚未登记,"超出当前文本规划/图文理解/单张位图生成精修：videoInference（text-to-video,image-to-video,video-to-video,edit,checkpoint）。","超出当前文本规划/图文理解/单张位图生成精修：videoInference（text-to-video,image-to-video,video-to-video,edit,checkpoint）。",未接入,"{""productVision"":0}",false,false,,{},"{""overview"":""Video generation and Video Edit have different pricing.\nVideo generation:\nPricing is highly affected by resolution starting at $0.06 for 5s at 360p. Duration available are 5s and 10s. \nHDR and HDR + EXR are only for 5s and increase costs ($0.60/$0.90 at 720p and $2.40/$3.60 at 1080p).\nExtend is standard dynamic range only. It always bills as one 5-second block, even if video.duration is present on the request. it costs $0.15 at 540p, $0.30 at 720p and $1.20 at 1080p.\nReframe is standard dynamic range only and bills per second. $0.03/s at 320p, $0.06/s at 540p, $0.12/s at 720p, and $0.36/s at 1080p.\n\nVideo Edit:\nVideo edits use their own rate table. HDR, and HDR + EXR edits increase costs. Each have separate 5-second and 10-second totals. HDR: from $1.08 (360p) to $4.32 (1080p) for 5s. HDR+EXR: from $1.62 (360p) to $6.48 (1080p) for 5s\n"",""examples"":[{""configuration"":""first-last-frame · 540p · 5s"",""price"":""$0.15"",""latencyMs"":36984,""exampleId"":""geothermal-network-logo-sting""},{""configuration"":""multiple-keyframes · 720p · 5s"",""price"":""$0.30"",""latencyMs"":61651,""exampleId"":""artisan-paper-marbling-b-roll""},{""configuration"":""video-reframe · 720p"",""price"":""$0.725"",""latencyMs"":83166,""exampleId"":""planetarium-archive-frame-restoration""},{""configuration"":""text-to-video · 720p · 5s"",""price"":""$0.90"",""latencyMs"":86663,""exampleId"":""colorized-apiary-newsreel-restoration""},{""configuration"":""video-edit · 720p"",""price"":""$1.08"",""latencyMs"":193595,""exampleId"":""veterinary-ultrasound-field-demo""},{""configuration"":""first-frame · 1080p · 5s"",""price"":""$1.20"",""latencyMs"":509020,""exampleId"":""chamber-orchestra-group-portrait-clip""}]}",统一端点；账号地区准入待确认,Bearer API Key；账号权限未实测,提交前保存 UUID；仅 getResponse 查询,2026-09-22,https://runware.ai/docs/models/luma-ray3-2,https://runware.ai/docs/models/luma-ray3-2/schema.json,0826cad0515c664a9138a8e617635e3c6f58fd0cf1f51188ce5c9e0689f07466
runware,Sourceful,Riverflow 2.5 Fast,sourceful:riverflow-2.5@fast,live,,image,尚未登记,适配链路已完成但真实调用未验证,真实账号权限、真实推理、账单与质量待确认；可选高级参数未全部开放；本轮不调用真实服务。,补齐型号专用调用、选择器与恢复。,imageInference,"{""model"":4,""productAuxiliary"":8,""sourceCounts"":true}",false,false,,"{""generation"":{""mode"":""table"",""tiers"":{""1K"":{""sizes"":{""1:1"":""1024x1024"",""21:9"":""1344x576"",""16:9"":""1024x576"",""3:2"":""1152x768"",""4:3"":""1024x768"",""5:4"":""960x768"",""4:5"":""768x960"",""3:4"":""768x1024"",""2:3"":""768x1152"",""9:16"":""576x1024""}},""2K"":{""sizes"":{""1:1"":""2048x2048"",""21:9"":""2688x1152"",""16:9"":""2048x1152"",""3:2"":""2304x1536"",""4:3"":""2048x1536"",""5:4"":""1920x1536"",""4:5"":""1536x1920"",""3:4"":""1536x2048"",""2:3"":""1536x2304"",""9:16"":""1152x2048""}}},""auto"":""square""},""editing"":{""mode"":""table"",""tiers"":{""1K"":{""sizes"":{""1:1"":""1024x1024"",""21:9"":""1344x576"",""16:9"":""1024x576"",""3:2"":""1152x768"",""4:3"":""1024x768"",""5:4"":""960x768"",""4:5"":""768x960"",""3:4"":""768x1024"",""2:3"":""768x1152"",""9:16"":""576x1024""}},""2K"":{""sizes"":{""1:1"":""2048x2048"",""21:9"":""2688x1152"",""16:9"":""2048x1152"",""3:2"":""2304x1536"",""4:3"":""2048x1536"",""5:4"":""1920x1536"",""4:5"":""1536x1920"",""3:4"":""1536x2048"",""2:3"":""1536x2304"",""9:16"":""1152x2048""}}},""auto"":""square""}}","{""source"":""https://runware.ai/docs/models/sourceful-riverflow-2-5-fast"",""checkedAt"":""2026-09-22"",""currency"":""USD"",""amount"":null,""accountTariffConfirmed"":false,""quote"":{""overview"":""Pricing starts at $0.021 per image generated. Pricing is dependent on thinking effort (low, medium, high)"",""examples"":[{""configuration"":""text-to-image · 1024×1024"",""price"":""$0.0226"",""latencyMs"":26926,""exampleId"":""underground-waste-network-explainer""},{""configuration"":""transparent-background · 768×1024"",""price"":""$0.0237"",""latencyMs"":33831,""exampleId"":""bhutan-cultural-tourism-hero-portrait""},{""configuration"":""solid-background · 2048×1536"",""price"":""$0.0239"",""latencyMs"":41277,""exampleId"":""polar-night-weather-station-visualization""},{""configuration"":""reference-to-image · 2K"",""price"":""$0.059"",""latencyMs"":118587,""exampleId"":""forensic-botanist-risograph-avatar""},{""configuration"":""custom-font-rendering · 1152×768"",""price"":""$0.10"",""latencyMs"":253875,""exampleId"":""railway-archive-restoration-poster""}]}}",统一端点；账号地区准入待确认,Bearer API Key；账号权限未实测,提交前保存 UUID；仅 getResponse 查询,2026-09-22,https://runware.ai/docs/models/sourceful-riverflow-2-5-fast,https://runware.ai/docs/models/sourceful-riverflow-2-5-fast/schema.json,cbe5c6616daf79d0b4abf0a0ff1814b20c99c038ed8e191cc83aee25e68c43e0
runware,Sourceful,Riverflow 2.5 Pro,sourceful:riverflow-2.5@pro,live,,image,尚未登记,适配链路已完成但真实调用未验证,真实账号权限、真实推理、账单与质量待确认；可选高级参数未全部开放；本轮不调用真实服务。,补齐型号专用调用、选择器与恢复。,imageInference,"{""model"":10,""productAuxiliary"":8,""sourceCounts"":true}",false,false,,"{""generation"":{""mode"":""table"",""tiers"":{""1K"":{""sizes"":{""1:1"":""1024x1024"",""21:9"":""1456x624"",""16:9"":""1280x720"",""3:2"":""1248x832"",""4:3"":""1152x864"",""5:4"":""1120x896"",""4:5"":""896x1120"",""3:4"":""864x1152"",""2:3"":""832x1248"",""9:16"":""720x1280""}},""2K"":{""sizes"":{""1:1"":""2048x2048"",""21:9"":""3024x1296"",""16:9"":""2560x1440"",""3:2"":""2496x1664"",""4:3"":""2304x1728"",""5:4"":""2240x1792"",""4:5"":""1792x2240"",""3:4"":""1728x2304"",""2:3"":""1664x2496"",""9:16"":""1440x2560""}},""4K"":{""sizes"":{""1:1"":""2880x2880"",""21:9"":""3808x1632"",""16:9"":""3840x2160"",""3:2"":""3504x2336"",""4:3"":""3264x2448"",""5:4"":""3200x2560"",""4:5"":""2560x3200"",""3:4"":""2448x3264"",""2:3"":""2336x3504"",""9:16"":""2160x3840""}}},""auto"":""square""},""editing"":{""mode"":""table"",""tiers"":{""1K"":{""sizes"":{""1:1"":""1024x1024"",""21:9"":""1456x624"",""16:9"":""1280x720"",""3:2"":""1248x832"",""4:3"":""1152x864"",""5:4"":""1120x896"",""4:5"":""896x1120"",""3:4"":""864x1152"",""2:3"":""832x1248"",""9:16"":""720x1280""}},""2K"":{""sizes"":{""1:1"":""2048x2048"",""21:9"":""3024x1296"",""16:9"":""2560x1440"",""3:2"":""2496x1664"",""4:3"":""2304x1728"",""5:4"":""2240x1792"",""4:5"":""1792x2240"",""3:4"":""1728x2304"",""2:3"":""1664x2496"",""9:16"":""1440x2560""}},""4K"":{""sizes"":{""1:1"":""2880x2880"",""21:9"":""3808x1632"",""16:9"":""3840x2160"",""3:2"":""3504x2336"",""4:3"":""3264x2448"",""5:4"":""3200x2560"",""4:5"":""2560x3200"",""3:4"":""2448x3264"",""2:3"":""2336x3504"",""9:16"":""2160x3840""}}},""auto"":""square""}}","{""source"":""https://runware.ai/docs/models/sourceful-riverflow-2-5-pro"",""checkedAt"":""2026-09-22"",""currency"":""USD"",""amount"":null,""accountTariffConfirmed"":false,""quote"":{""overview"":""Pricing starts at $0.235 per image generated. Pricing is dependent on thinking effort (low, medium, high, xhigh)"",""examples"":[{""configuration"":""text-to-image · 1248×832"",""price"":""$0.179"",""latencyMs"":158332,""exampleId"":""historic-cemetery-flood-adaptation-visualization""},{""configuration"":""solid-background · 896×1120"",""price"":""$0.203"",""latencyMs"":121478,""exampleId"":""savory-tomato-cocktail-menu-portrait""},{""configuration"":""transparent-background · 1024×1024"",""price"":""$0.253"",""latencyMs"":150239,""exampleId"":""luna-moth-pastry-menu-cutout""},{""configuration"":""reference-to-image · 2K"",""price"":""$0.72"",""latencyMs"":179955,""exampleId"":""tidal-aquaculture-operations-icon-set""}]}}",统一端点；账号地区准入待确认,Bearer API Key；账号权限未实测,提交前保存 UUID；仅 getResponse 查询,2026-09-22,https://runware.ai/docs/models/sourceful-riverflow-2-5-pro,https://runware.ai/docs/models/sourceful-riverflow-2-5-pro/schema.json,7a4438c79544090059d4e1584dfd620d7783538881b81b0707e1eb73c9092815
runware,Pruna AI,P-Video-Replace,prunaai:p-video@replace,live,,范围外/待确认,尚未登记,尚未登记,"超出当前文本规划/图文理解/单张位图生成精修：videoInference（image-to-video,video-to-video,edit,checkpoint）。","超出当前文本规划/图文理解/单张位图生成精修：videoInference（image-to-video,video-to-video,edit,checkpoint）。",未接入,"{""productVision"":0}",false,false,,{},"{""overview"":""Pricing starts at $0.03 per second of output at 720p and $0.06 at 1080p"",""examples"":[{""configuration"":""video-edit"",""price"":""$0.362"",""latencyMs"":182001,""exampleId"":""cut-paper-curator-exhibition-teaser""},{""configuration"":""video-edit"",""price"":""$0.362"",""latencyMs"":61504,""exampleId"":""coral-dive-computer-colorway-video""},{""configuration"":""video-edit"",""price"":""$0.362"",""latencyMs"":104693,""exampleId"":""night-rail-technician-recruitment-clip""},{""configuration"":""video-edit"",""price"":""$0.362"",""latencyMs"":108435,""exampleId"":""indoor-mushroom-farm-b-roll""}]}",统一端点；账号地区准入待确认,Bearer API Key；账号权限未实测,提交前保存 UUID；仅 getResponse 查询,2026-09-22,https://runware.ai/docs/models/prunaai-p-video-replace,https://runware.ai/docs/models/prunaai-p-video-replace/schema.json,e3ee16b93f8e9ade328afd73b1d2210bc8742e738ddb2c6999c0b2f028041a90
runware,Ideogram,Ideogram 4.0,ideogram:4@0,live,,image,尚未登记,适配链路已完成但真实调用未验证,真实账号权限、真实推理、账单与质量待确认；可选高级参数未全部开放；本轮不调用真实服务。,补齐型号专用调用、选择器与恢复。,imageInference,"{""model"":1,""productAuxiliary"":8,""sourceCounts"":true}",false,false,,"{""generation"":{""mode"":""table"",""tiers"":{""2K"":{""sizes"":{""1:1"":""2048x2048"",""1:2"":""1440x2880"",""2:1"":""2880x1440"",""2:3"":""1664x2496"",""3:2"":""2496x1664"",""4:5"":""1792x2240"",""5:4"":""2240x1792"",""9:16"":""1440x2560"",""16:9"":""2560x1440"",""5:8"":""1600x2560"",""8:5"":""2560x1600"",""3:4"":""1728x2304"",""4:3"":""2304x1728"",""9:22"":""1296x3168"",""22:9"":""3168x1296"",""9:23"":""1152x2944"",""23:9"":""2944x1152"",""3:8"":""1248x3328"",""8:3"":""3328x1248"",""5:12"":""1280x3072"",""12:5"":""3072x1280"",""1:3"":""1024x3072"",""3:1"":""3072x1024""}}},""auto"":""square""}}","{""source"":""https://runware.ai/docs/models/ideogram-4-0"",""checkedAt"":""2026-09-22"",""currency"":""USD"",""amount"":null,""accountTariffConfirmed"":false,""quote"":{""overview"":""Pricing is $0.03 per image for Turbo, $0.06 per image for Default, and $0.10 per image for Quality\n"",""examples"":[{""configuration"":""text-to-image · 1440p"",""price"":""$0.06"",""latencyMs"":25159,""exampleId"":""municipal-sewer-crew-sticker-pack""},{""configuration"":""text-to-image · 1440p"",""price"":""$0.06"",""latencyMs"":18412,""exampleId"":""alpine-survival-game-key-art""},{""configuration"":""text-to-image · 1440p"",""price"":""$0.06"",""latencyMs"":18303,""exampleId"":""thermal-battery-video-thumbnail""},{""configuration"":""structured-prompt · 1792×2240"",""price"":""$0.10"",""latencyMs"":17874,""exampleId"":""community-radio-host-campaign-portrait""}]}}",统一端点；账号地区准入待确认,Bearer API Key；账号权限未实测,提交前保存 UUID；仅 getResponse 查询,2026-09-22,https://runware.ai/docs/models/ideogram-4-0,https://runware.ai/docs/models/ideogram-4-0/schema.json,8be22e502f03df6d7389e17e0cc46af58ffda8bbe709d2eaaab47cab76a76b9b
runware,Ideogram,Ideogram 4.0q,ideogram:4@q,live,,image,尚未登记,适配链路已完成但真实调用未验证,真实账号权限、真实推理、账单与质量待确认；可选高级参数未全部开放；本轮不调用真实服务。,补齐型号专用调用、选择器与恢复。,imageInference,"{""model"":1,""productAuxiliary"":8,""sourceCounts"":true}",false,false,,"{""generation"":{""mode"":""pixels"",""tiers"":{""512"":{""targetPixels"":262144},""1K"":{""targetPixels"":1048576},""1.5K"":{""targetPixels"":2359296},""2K"":{""targetPixels"":4194304}},""minSide"":64,""maxSide"":4096,""minPixels"":1024,""maxPixels"":4194304,""maxRatio"":4,""alignment"":16,""auto"":""square""}}","{""source"":""https://runware.ai/docs/models/ideogram-4-0q"",""checkedAt"":""2026-09-22"",""currency"":""USD"",""amount"":null,""accountTariffConfirmed"":false,""quote"":{""overview"":""Pricing is $0.03 per image for Turbo, $0.06 per image for Default, and $0.10 per image for Quality"",""examples"":[{""configuration"":""text-to-image · 1536×1024"",""price"":""$0.06"",""latencyMs"":26414,""exampleId"":""bell-foundry-ambient-album-cover""},{""configuration"":""text-to-image · 1536×1024"",""price"":""$0.06"",""latencyMs"":31916,""exampleId"":""pinball-technician-event-shirt-graphic""},{""configuration"":""text-to-image · 1536×1024"",""price"":""$0.06"",""latencyMs"":64860,""exampleId"":""livestock-auction-documentary-series-poster""},{""configuration"":""structured-prompt · 1024×1280"",""price"":""$0.10"",""latencyMs"":39639,""exampleId"":""nocturnal-pollinator-science-art-print""}]}}",统一端点；账号地区准入待确认,Bearer API Key；账号权限未实测,提交前保存 UUID；仅 getResponse 查询,2026-09-22,https://runware.ai/docs/models/ideogram-4-0q,https://runware.ai/docs/models/ideogram-4-0q/schema.json,729fd5f94eff03967952c7bb6b345f8d0b0afe2023a9a13ba4cf6be0a7a2fbc8
runware,Krea,Krea 2 Medium Turbo,krea:krea@2-medium-turbo,live,,image,尚未登记,适配链路已完成但真实调用未验证,真实账号权限、真实推理、账单与质量待确认；可选高级参数未全部开放；本轮不调用真实服务。,补齐型号专用调用、选择器与恢复。仅生图；官方参考图仅作风格引导，不冒充保留原图的精修。,imageInference,"{""model"":10,""productAuxiliary"":8,""sourceCounts"":true}",false,false,,"{""generation"":{""mode"":""table"",""tiers"":{""1K"":{""sizes"":{""1:1"":""1024x1024"",""4:3"":""1184x896"",""3:2"":""1248x832"",""16:9"":""1376x768"",""2.35:1"":""1568x672"",""4:5"":""928x1152"",""2:3"":""832x1248"",""9:16"":""768x1376""}}},""auto"":""square""}}","{""source"":""https://runware.ai/docs/models/krea-2-medium-turbo"",""checkedAt"":""2026-09-22"",""currency"":""USD"",""amount"":null,""accountTariffConfirmed"":false,""quote"":{""examples"":[{""configuration"":""reference-to-image · 928×1152"",""price"":""$0.0175"",""latencyMs"":12729,""exampleId"":""experimental-tidal-album-cover""},{""configuration"":""reference-to-image · 928×1152"",""price"":""$0.0175"",""latencyMs"":12703,""exampleId"":""ev-battery-recycling-blog-hero""},{""configuration"":""text-to-image · 1376×768"",""price"":""$0.02"",""latencyMs"":13100,""exampleId"":""rare-books-conservator-press-headshot""},{""configuration"":""text-to-image · 1376×768"",""price"":""$0.02"",""latencyMs"":13702,""exampleId"":""overnight-rail-campaign-key-visual""}]}}",统一端点；账号地区准入待确认,Bearer API Key；账号权限未实测,提交前保存 UUID；仅 getResponse 查询,2026-09-22,https://runware.ai/docs/models/krea-2-medium-turbo,https://runware.ai/docs/models/krea-2-medium-turbo/schema.json,f88bef1282f16aa04551b5737b3dfbbdb1100c11ac12ee1a74dc5fe0a292ec96
runware,ByteDance,BytePlus Video Enhancement Pro,bytedance:video-enhancement@pro,live,,范围外/待确认,尚未登记,尚未登记,"超出当前文本规划/图文理解/单张位图生成精修：upscale（video-to-video,upscale,checkpoint）。","超出当前文本规划/图文理解/单张位图生成精修：upscale（video-to-video,upscale,checkpoint）。",未接入,"{""productVision"":0}",false,false,,{},"{""examples"":[{""configuration"":""upscale"",""price"":""$0.836"",""latencyMs"":381109,""exampleId"":""antique-orrery-auction-product-clip""},{""configuration"":""upscale"",""price"":""$0.836"",""latencyMs"":543472,""exampleId"":""contemporary-dance-archive-restoration""},{""configuration"":""upscale"",""price"":""$0.836"",""latencyMs"":382577,""exampleId"":""ama-diver-museum-portrait""},{""configuration"":""upscale"",""price"":""$0.836"",""latencyMs"":360773,""exampleId"":""tattoo-machine-catalog-product-clip""}]}",统一端点；账号地区准入待确认,Bearer API Key；账号权限未实测,提交前保存 UUID；仅 getResponse 查询,2026-09-22,https://runware.ai/docs/models/bytedance-video-enhancement-pro,https://runware.ai/docs/models/bytedance-video-enhancement-pro/schema.json,1ca7785932f5ff48bb236f22ecdd126891035a7ad62dffcfaa9590cf24a3162c
runware,ByteDance,BytePlus Video Enhancement Standard,bytedance:video-enhancement@standard,live,,范围外/待确认,尚未登记,尚未登记,"超出当前文本规划/图文理解/单张位图生成精修：upscale（video-to-video,upscale,checkpoint）。","超出当前文本规划/图文理解/单张位图生成精修：upscale（video-to-video,upscale,checkpoint）。",未接入,"{""productVision"":0}",false,false,,{},"{""examples"":[{""configuration"":""upscale"",""price"":""$0.0418"",""latencyMs"":117216,""exampleId"":""adaptive-beach-mobility-social-reel""},{""configuration"":""upscale"",""price"":""$0.0418"",""latencyMs"":167836,""exampleId"":""aquaculture-biosecurity-presenter-briefing""},{""configuration"":""upscale"",""price"":""$0.0418"",""latencyMs"":150158,""exampleId"":""planetarium-projector-maintenance-b-roll""},{""configuration"":""upscale"",""price"":""$0.0418"",""latencyMs"":117487,""exampleId"":""cryogenic-biobank-retrieval-b-roll""}]}",统一端点；账号地区准入待确认,Bearer API Key；账号权限未实测,提交前保存 UUID；仅 getResponse 查询,2026-09-22,https://runware.ai/docs/models/bytedance-video-enhancement-standard,https://runware.ai/docs/models/bytedance-video-enhancement-standard/schema.json,e772a48c51d76ad2a8288d02ed6bff25f1d519503af9d11c308d70e47819e304
runware,Ideogram,Ideogram 4.0 Remix,ideogram:4@remix,live,,image,尚未登记,适配链路已完成但真实调用未验证,真实账号权限、真实推理、账单与质量待确认；可选高级参数未全部开放；本轮不调用真实服务。,补齐型号专用调用、选择器与恢复。,imageInference,"{""model"":1,""productAuxiliary"":8,""sourceCounts"":true}",false,false,,"{""editing"":{""mode"":""table"",""tiers"":{""2K"":{""sizes"":{""1:1"":""2048x2048"",""1:2"":""1440x2880"",""2:1"":""2880x1440"",""2:3"":""1664x2496"",""3:2"":""2496x1664"",""4:5"":""1792x2240"",""5:4"":""2240x1792"",""9:16"":""1440x2560"",""16:9"":""2560x1440"",""5:8"":""1600x2560"",""8:5"":""2560x1600"",""3:4"":""1728x2304"",""4:3"":""2304x1728"",""9:22"":""1296x3168"",""22:9"":""3168x1296"",""9:23"":""1152x2944"",""23:9"":""2944x1152"",""3:8"":""1248x3328"",""8:3"":""3328x1248"",""5:12"":""1280x3072"",""12:5"":""3072x1280"",""1:3"":""1024x3072"",""3:1"":""3072x1024""}}},""auto"":""square""}}","{""source"":""https://runware.ai/docs/models/ideogram-4-0-remix"",""checkedAt"":""2026-09-22"",""currency"":""USD"",""amount"":null,""accountTariffConfirmed"":false,""quote"":{""overview"":""Pricing is $0.03 per image for Turbo, $0.06 per image for Default, and $0.10 per image for Quality"",""examples"":[{""configuration"":""image-to-image"",""price"":""$0.10"",""latencyMs"":36508,""exampleId"":""diving-helmet-auction-hero""},{""configuration"":""image-to-image"",""price"":""$0.10"",""latencyMs"":54862,""exampleId"":""neon-archive-campaign-outpaint""},{""configuration"":""image-to-image"",""price"":""$0.10"",""latencyMs"":35857,""exampleId"":""polar-rov-colorway-variant""},{""configuration"":""image-to-image"",""price"":""$0.10"",""latencyMs"":50141,""exampleId"":""gasworks-courtyard-evening-visualization""}]}}",统一端点；账号地区准入待确认,Bearer API Key；账号权限未实测,提交前保存 UUID；仅 getResponse 查询,2026-09-22,https://runware.ai/docs/models/ideogram-4-0-remix,https://runware.ai/docs/models/ideogram-4-0-remix/schema.json,aea18604764790aa66499cd96a52dd1e22e7eb8a3669806fa5792b4a3d742abf
runware,Ideogram,Ideogram Background Remover,ideogram:remove-background@0,live,,范围外/待确认,尚未登记,尚未登记,"超出当前文本规划/图文理解/单张位图生成精修：removeBackground（image-to-image,remove-background,checkpoint,transparency）。","超出当前文本规划/图文理解/单张位图生成精修：removeBackground（image-to-image,remove-background,checkpoint,transparency）。",未接入,"{""productVision"":0}",false,false,,{},"{""overview"":""Each request cost $0.01"",""examples"":[{""configuration"":""remove-background"",""price"":""$0.01"",""latencyMs"":11975,""exampleId"":""flood-damaged-radio-operator-cutout""},{""configuration"":""remove-background"",""price"":""$0.01"",""latencyMs"":31750,""exampleId"":""risograph-cellist-campaign-cutout""},{""configuration"":""remove-background"",""price"":""$0.01"",""latencyMs"":10326,""exampleId"":""lion-dance-head-cutout""},{""configuration"":""remove-background"",""price"":""$0.01"",""latencyMs"":8836,""exampleId"":""artisan-eyewear-virtual-try-on-asset""}]}",统一端点；账号地区准入待确认,Bearer API Key；账号权限未实测,提交前保存 UUID；仅 getResponse 查询,2026-09-22,https://runware.ai/docs/models/ideogram-remove-background,https://runware.ai/docs/models/ideogram-remove-background/schema.json,92b92bd93577daaa9069bc851c875154b01da3ba68b19a8f0d0fc573c6454581
runware,Runway,Runway Aleph 2.0,runway:aleph@2.0,live,,范围外/待确认,尚未登记,尚未登记,"超出当前文本规划/图文理解/单张位图生成精修：videoInference（video-to-video,edit,checkpoint）。","超出当前文本规划/图文理解/单张位图生成精修：videoInference（video-to-video,edit,checkpoint）。",未接入,"{""productVision"":0}",false,false,,{},"{""overview"":""Pricing starts at $0.28 per second"",""examples"":[{""configuration"":""first-frame"",""price"":""$1.70"",""latencyMs"":197441,""exampleId"":""subsea-turbine-background-replacement""},{""configuration"":""first-last-frame"",""price"":""$1.70"",""latencyMs"":179105,""exampleId"":""bacterial-cellulose-lab-b-roll""},{""configuration"":""video-edit"",""price"":""$1.70"",""latencyMs"":168606,""exampleId"":""risograph-ceramics-exhibition-interstitial""},{""configuration"":""multiple-keyframes"",""price"":""$1.70"",""latencyMs"":213999,""exampleId"":""pleistocene-mammoth-exhibit-backdrop""}]}",统一端点；账号地区准入待确认,Bearer API Key；账号权限未实测,提交前保存 UUID；仅 getResponse 查询,2026-09-22,https://runware.ai/docs/models/runway-aleph-2-0,https://runware.ai/docs/models/runway-aleph-2-0/schema.json,4f325573b30c5d9244081212b854d2a795fab7c62cb9bc2d78f3e7668a97822d
runware,Fish Audio,Fish Audio S2.1 Pro,fishaudio:s2.1@pro,live,,范围外/待确认,尚未登记,尚未登记,"超出当前文本规划/图文理解/单张位图生成精修：audioInference（text-to-audio,checkpoint）。","超出当前文本规划/图文理解/单张位图生成精修：audioInference（text-to-audio,checkpoint）。",未接入,"{""productVision"":0}",false,false,,{},"{""overview"":""Pricing is based on the size of input text, measured in millions of UTF-8 bytes. "",""examples"":[{""configuration"":""multi-speaker-dialogue"",""price"":""$0.00356"",""latencyMs"":3688,""exampleId"":""midnight-cinema-channel-vocal-stinger""},{""configuration"":""text-to-audio"",""price"":""$0.0168"",""latencyMs"":13740,""exampleId"":""reservoir-science-podcast-cold-open""},{""configuration"":""voice-cloning"",""price"":""$0.0171"",""latencyMs"":18082,""exampleId"":""bronze-bell-inspection-course-narration""},{""configuration"":""text-to-audio"",""price"":""$0.0227"",""latencyMs"":20299,""exampleId"":""forensic-entomology-training-narration""}]}",统一端点；账号地区准入待确认,Bearer API Key；账号权限未实测,提交前保存 UUID；仅 getResponse 查询,2026-09-22,https://runware.ai/docs/models/fish-audio-s2-1-pro,https://runware.ai/docs/models/fish-audio-s2-1-pro/schema.json,d957373467ae7a3e1d2b5cb13bcf7b3b54ee138b387fb465fc444c0f8eb37601
runware,MiniMax,MiniMax M3,minimax:m3@0,live,,main / vision,尚未登记,适配链路已完成但真实调用未验证,真实账号权限、真实推理、账单与质量待确认；可选高级参数未全部开放；本轮不调用真实服务。,补齐型号专用调用、选择器与恢复。,textInference,"{""productVision"":3}",false,false,,{},"{""source"":""https://runware.ai/docs/models/minimax-m3"",""checkedAt"":""2026-09-22"",""currency"":""USD"",""amount"":null,""accountTariffConfirmed"":false,""quote"":{""examples"":[{""configuration"":""tool-calling"",""price"":""$0.000136"",""latencyMs"":1230,""exampleId"":""forced-utc-time-function-call""},{""configuration"":""reference-to-text"",""price"":""$0.00724"",""latencyMs"":59710,""exampleId"":""warehouse-rack-incident-investigation-brief""},{""configuration"":""text-generation"",""price"":""$0.0107"",""latencyMs"":71581,""exampleId"":""boutique-hotel-investment-committee-memo""},{""configuration"":""text-generation"",""price"":""$0.012"",""latencyMs"":86425,""exampleId"":""hospital-ransomware-tabletop-exercise-package""}]}}",统一端点；账号地区准入待确认,Bearer API Key；账号权限未实测,提交前保存 UUID；仅 getResponse 查询,2026-09-22,https://runware.ai/docs/models/minimax-m3,https://runware.ai/docs/models/minimax-m3/schema.json,766c3763a20d7f2f2fe25f05521f0e7a3f85fc5a1d199e4d94efd31b1f0300b6
runware,Exactly AI,Exactly Illustrative Training,exactly:illustrative@training,live,,范围外/待确认,尚未登记,尚未登记,超出当前文本规划/图文理解/单张位图生成精修：training（train）。,超出当前文本规划/图文理解/单张位图生成精修：training（train）。,未接入,"{""productVision"":0}",false,false,,{},{},统一端点；账号地区准入待确认,Bearer API Key；账号权限未实测,提交前保存 UUID；仅 getResponse 查询,2026-09-22,https://runware.ai/docs/models/exactly-illustrative-training,https://runware.ai/docs/models/exactly-illustrative-training/schema.json,181a8b99e4dabb6ccb5e4dcf6d223a318f2235abca3c0149f46363c5fecc9164
runware,xAI,Grok Imagine Video 1.5,xai:grok-imagine@video-1.5,live,,范围外/待确认,尚未登记,尚未登记,"超出当前文本规划/图文理解/单张位图生成精修：videoInference（image-to-video,checkpoint,audio）。","超出当前文本规划/图文理解/单张位图生成精修：videoInference（image-to-video,checkpoint,audio）。",未接入,"{""productVision"":0}",false,false,,{},"{""overview"":""Pricing starts at $0.08 per second of output at 480p, $0.14 per second of output at 720p, and $0.25 per second of output at 1080p. Reference image for I2V costs $0.01 per image on top.\n"",""examples"":[{""configuration"":""reference-to-video · 720p · 5s"",""price"":""$0.73"",""latencyMs"":43388,""exampleId"":""avalanche-forecast-center-logo-loop""},{""configuration"":""first-frame · 720p · 7s"",""price"":""$0.99"",""latencyMs"":41676,""exampleId"":""mobile-knife-sharpening-social-reel""},{""configuration"":""multi-speaker-dialogue · 720p · 10s"",""price"":""$1.40"",""latencyMs"":55451,""exampleId"":""vertical-oyster-hatchery-b-roll""},{""configuration"":""text-to-video · 1080p · 6s"",""price"":""$1.50"",""latencyMs"":222127,""exampleId"":""raku-workshop-social-video-ad""}]}",统一端点；账号地区准入待确认,Bearer API Key；账号权限未实测,提交前保存 UUID；仅 getResponse 查询,2026-09-22,https://runware.ai/docs/models/xai-grok-imagine-video-1-5,https://runware.ai/docs/models/xai-grok-imagine-video-1-5/schema.json,9fd9544ca26be2ecf6ee4d7a49a458d1eb359442b6c90d7b5b5428a08c1a425f
runware,Anthropic,Claude Opus 4.8,anthropic:claude@opus-4.8,live,,main / vision,尚未登记,适配链路已完成但真实调用未验证,真实账号权限、真实推理、账单与质量待确认；可选高级参数未全部开放；本轮不调用真实服务。,补齐型号专用调用、选择器与恢复。,textInference,"{""productVision"":3}",false,false,,{},"{""source"":""https://runware.ai/docs/models/anthropic-claude-opus-4-8"",""checkedAt"":""2026-09-22"",""currency"":""USD"",""amount"":null,""accountTariffConfirmed"":false,""quote"":{""examples"":[{""configuration"":""reference-to-text"",""price"":""$0.0849"",""latencyMs"":51604,""exampleId"":""marathon-sponsorship-visibility-audit""},{""configuration"":""reference-to-text"",""price"":""$0.0851"",""latencyMs"":47996,""exampleId"":""electrical-panel-commissioning-punch-list""},{""configuration"":""text-generation"",""price"":""$0.158"",""latencyMs"":63234,""exampleId"":""food-recall-communications-package""},{""configuration"":""text-generation"",""price"":""$0.165"",""latencyMs"":102329,""exampleId"":""prestige-feature-script-coverage""}]}}",统一端点；账号地区准入待确认,Bearer API Key；账号权限未实测,提交前保存 UUID；仅 getResponse 查询,2026-09-22,https://runware.ai/docs/models/anthropic-claude-opus-4-8,https://runware.ai/docs/models/anthropic-claude-opus-4-8/schema.json,7e14fa845d7dab7854e7c9f5e296bd5eb3c981fcc2d6f1cd4a3718b68e7ede0c
runware,Black Forest Labs,FLUX Virtual Try-On,bfl:flux@vto,live,,范围外/待确认,尚未登记,尚未登记,服装试穿专用，原图与服饰角色不等于科研精修原图与辅助参考。,服装试穿专用，原图与服饰角色不等于科研精修原图与辅助参考。,未接入,"{""productVision"":0}",false,false,,{},"{""overview"":""Pricing starts at $0.0375 for the first input MP, then $0.005 per subsequent input MP. In addition it is priced at $0.005 per output MP"",""examples"":[{""configuration"":""virtual-try-on"",""price"":""$0.0475"",""latencyMs"":9027,""exampleId"":""lava-tube-surveyor-portrait-composite""},{""configuration"":""virtual-try-on · steps 4"",""price"":""$0.0475"",""latencyMs"":9391,""exampleId"":""winery-guide-banner-expansion""},{""configuration"":""virtual-try-on"",""price"":""$0.0475"",""latencyMs"":10506,""exampleId"":""rooftop-apiary-uniform-composite""},{""configuration"":""virtual-try-on · steps 4"",""price"":""$0.0625"",""latencyMs"":10108,""exampleId"":""opera-tailcoat-costume-fitting""}]}",统一端点；账号地区准入待确认,Bearer API Key；账号权限未实测,提交前保存 UUID；仅 getResponse 查询,2026-09-22,https://runware.ai/docs/models/bfl-flux-virtual-try-on,https://runware.ai/docs/models/bfl-flux-virtual-try-on/schema.json,4462beacadaae1c1a73478d1cfb411b35f055916fdc4fc8f608eb3b1ce5bb1c2
runware,Pruna AI,P-Video-Animate,prunaai:p-video@animate,live,,范围外/待确认,尚未登记,尚未登记,"超出当前文本规划/图文理解/单张位图生成精修：videoInference（image-to-video,video-to-video,checkpoint）。","超出当前文本规划/图文理解/单张位图生成精修：videoInference（image-to-video,video-to-video,checkpoint）。",未接入,"{""productVision"":0}",false,false,,{},"{""overview"":""Pricing starts at $0.03 per second of output video at 720p and $0.06 per second of output video at 1080p"",""examples"":[{""configuration"":""reference-to-video"",""price"":""$0.181"",""latencyMs"":36856,""exampleId"":""cleanroom-transfer-port-explainer""},{""configuration"":""reference-to-video"",""price"":""$0.181"",""latencyMs"":45983,""exampleId"":""risograph-botanist-music-video-segment""},{""configuration"":""reference-to-video"",""price"":""$0.181"",""latencyMs"":33146,""exampleId"":""iridescent-apiary-suit-fashion-reel""},{""configuration"":""reference-to-video"",""price"":""$0.181"",""latencyMs"":34974,""exampleId"":""maritime-museum-night-reel""}]}",统一端点；账号地区准入待确认,Bearer API Key；账号权限未实测,提交前保存 UUID；仅 getResponse 查询,2026-09-22,https://runware.ai/docs/models/prunaai-p-video-animate,https://runware.ai/docs/models/prunaai-p-video-animate/schema.json,6dee89f05e1ac9af4fb8c56160f587852a45eeee4538912bef603cc3cbe10e89
runware,Krea,Krea 2 Large,krea:krea@2-large,live,,image,尚未登记,适配链路已完成但真实调用未验证,真实账号权限、真实推理、账单与质量待确认；可选高级参数未全部开放；本轮不调用真实服务。,补齐型号专用调用、选择器与恢复。仅生图；官方参考图仅作风格引导，不冒充保留原图的精修。,imageInference,"{""model"":10,""productAuxiliary"":8,""sourceCounts"":true}",false,false,,"{""generation"":{""mode"":""table"",""tiers"":{""1K"":{""sizes"":{""1:1"":""1024x1024"",""4:3"":""1184x896"",""3:2"":""1248x832"",""16:9"":""1376x768"",""2.35:1"":""1568x672"",""4:5"":""928x1152"",""2:3"":""832x1248"",""9:16"":""768x1376""}}},""auto"":""square""}}","{""source"":""https://runware.ai/docs/models/krea-2-large"",""checkedAt"":""2026-09-22"",""currency"":""USD"",""amount"":null,""accountTariffConfirmed"":false,""quote"":{""overview"":""Pricing for a single image is $0.060. When using an image style reference, it's $0.065."",""examples"":[{""configuration"":""reference-to-image · 928×1152"",""price"":""$0.065"",""latencyMs"":34225,""exampleId"":""azores-geothermal-tourism-campaign-portrait""},{""configuration"":""reference-to-image · 928×1152"",""price"":""$0.065"",""latencyMs"":33507,""exampleId"":""saffron-fraud-investigation-hero""},{""configuration"":""text-to-image · 1248×832"",""price"":""$0.07"",""latencyMs"":35192,""exampleId"":""lighthouse-keeper-retirement-supper-invitation""},{""configuration"":""text-to-image · 1248×832"",""price"":""$0.07"",""latencyMs"":35395,""exampleId"":""carousel-horse-auction-hero-image""}]}}",统一端点；账号地区准入待确认,Bearer API Key；账号权限未实测,提交前保存 UUID；仅 getResponse 查询,2026-09-22,https://runware.ai/docs/models/krea-2-large,https://runware.ai/docs/models/krea-2-large/schema.json,05a937b2c93a641a0bad85e395973e5c42bccabd46060c3925fd85ff9e897134
runware,Krea,Krea 2 Medium,krea:krea@2-medium,live,,image,尚未登记,适配链路已完成但真实调用未验证,真实账号权限、真实推理、账单与质量待确认；可选高级参数未全部开放；本轮不调用真实服务。,补齐型号专用调用、选择器与恢复。仅生图；官方参考图仅作风格引导，不冒充保留原图的精修。,imageInference,"{""model"":10,""productAuxiliary"":8,""sourceCounts"":true}",false,false,,"{""generation"":{""mode"":""table"",""tiers"":{""1K"":{""sizes"":{""1:1"":""1024x1024"",""4:3"":""1184x896"",""3:2"":""1248x832"",""16:9"":""1376x768"",""2.35:1"":""1568x672"",""4:5"":""928x1152"",""2:3"":""832x1248"",""9:16"":""768x1376""}}},""auto"":""square""}}","{""source"":""https://runware.ai/docs/models/krea-2-medium"",""checkedAt"":""2026-09-22"",""currency"":""USD"",""amount"":null,""accountTariffConfirmed"":false,""quote"":{""overview"":""Pricing for a single image is $0.030. When using an image style reference, it's $0.035."",""examples"":[{""configuration"":""reference-to-image · 928×1152"",""price"":""$0.035"",""latencyMs"":21556,""exampleId"":""hydrothermal-vent-wall-print""},{""configuration"":""reference-to-image · 928×1152"",""price"":""$0.035"",""latencyMs"":29486,""exampleId"":""heritage-seed-bank-report-cover""},{""configuration"":""text-to-image · 1376×768"",""price"":""$0.04"",""latencyMs"":23383,""exampleId"":""orchid-conservatory-gala-invitation""},{""configuration"":""text-to-image · 1376×768"",""price"":""$0.04"",""latencyMs"":22239,""exampleId"":""hydrogen-hydrofoil-launch-key-visual""}]}}",统一端点；账号地区准入待确认,Bearer API Key；账号权限未实测,提交前保存 UUID；仅 getResponse 查询,2026-09-22,https://runware.ai/docs/models/krea-2-medium,https://runware.ai/docs/models/krea-2-medium/schema.json,57c79794ae784bf430066a14b83ca8f03529dc32ca580b8fa4a7518d255d1cbd
runware,Black Forest Labs,FLUX Erase,bfl:flux@erase,live,,范围外/待确认,尚未登记,尚未登记,仅擦除指定区域，无提示词字段；需要独立擦除操作，不能静默忽略自然语言。,仅擦除指定区域，无提示词字段；需要独立擦除操作，不能静默忽略自然语言。,未接入,"{""productVision"":0}",false,false,,{},"{""overview"":""Generated image: The first generated megapixel is charged $0.03. Each subsequent megapixel is charged $0.004. Reference image(s): $0.004 for each megapixel. For pricing, resolution is always rounded up to the next megapixel, separately for each reference image and for the generated image. 1 megapixel is counted as 1024x1024 pixels. For multiple reference images, each reference image is counted as 1 megapixel. Images exceeding 4 megapixels are resized to 4 megapixels."",""examples"":[{""configuration"":""inpaint"",""price"":""$0.034"",""latencyMs"":9726,""exampleId"":""art-deco-backdrop-clean-plate""},{""configuration"":""inpaint"",""price"":""$0.034"",""latencyMs"":10890,""exampleId"":""winter-lavender-farm-calendar-plate""},{""configuration"":""inpaint"",""price"":""$0.034"",""latencyMs"":10094,""exampleId"":""blue-hour-observatory-relight-plate""},{""configuration"":""inpaint"",""price"":""$0.042"",""latencyMs"":13301,""exampleId"":""vacant-aircraft-hangar-leasing-photo""}]}",统一端点；账号地区准入待确认,Bearer API Key；账号权限未实测,提交前保存 UUID；仅 getResponse 查询,2026-09-22,https://runware.ai/docs/models/bfl-flux-erase,https://runware.ai/docs/models/bfl-flux-erase/schema.json,536b98dcb35ed56e67ed198795a695ff880dd6bc35035e69f42795aa961b1900
runware,Google,Gemini 3.5 Flash,google:gemini@3.5-flash,live,,main / vision,尚未登记,适配链路已完成但真实调用未验证,真实账号权限、真实推理、账单与质量待确认；可选高级参数未全部开放；本轮不调用真实服务。,补齐型号专用调用、选择器与恢复。,textInference,"{""productVision"":3}",false,false,,{},"{""source"":""https://runware.ai/docs/models/google-gemini-3-5-flash"",""checkedAt"":""2026-09-22"",""currency"":""USD"",""amount"":null,""accountTariffConfirmed"":false,""quote"":{""examples"":[{""configuration"":""tool-calling"",""price"":""$0.00106"",""latencyMs"":13784,""exampleId"":""production-service-health-lookup""},{""configuration"":""audio-driven"",""price"":""$0.0148"",""latencyMs"":11729,""exampleId"":""wind-turbine-service-memo-summary""},{""configuration"":""text-generation"",""price"":""$0.033"",""latencyMs"":24369,""exampleId"":""saas-renewal-negotiation-brief""},{""configuration"":""structured-output"",""price"":""$0.0359"",""latencyMs"":25056,""exampleId"":""commercial-lease-risk-analysis""},{""configuration"":""reference-to-text"",""price"":""$0.0365"",""latencyMs"":33230,""exampleId"":""retail-planogram-compliance-report""},{""configuration"":""search-grounded"",""price"":""$0.307"",""latencyMs"":62232,""exampleId"":""savannah-container-terminal-status-brief""}]}}",统一端点；账号地区准入待确认,Bearer API Key；账号权限未实测,提交前保存 UUID；仅 getResponse 查询,2026-09-22,https://runware.ai/docs/models/google-gemini-3-5-flash,https://runware.ai/docs/models/google-gemini-3-5-flash/schema.json,f5b41a895ae5094c903cdf27f189e5460e9da22dad5acadb43f896765f5a902d
runware,Recraft,Recraft V4.1,recraft:v4.1@0,live,,image,尚未登记,适配链路已完成但真实调用未验证,真实账号权限、真实推理、账单与质量待确认；可选高级参数未全部开放；本轮不调用真实服务。,补齐型号专用调用、选择器与恢复。,imageInference,"{""model"":1,""productAuxiliary"":8,""sourceCounts"":true}",false,false,,"{""generation"":{""mode"":""table"",""tiers"":{""1K"":{""sizes"":{""1:1"":""1024x1024"",""2:1"":""1536x768"",""1:2"":""768x1536"",""3:2"":""1280x832"",""2:3"":""832x1280"",""4:3"":""1216x896"",""3:4"":""896x1216"",""5:4"":""1152x896"",""4:5"":""896x1152"",""6:10"":""832x1344"",""14:10"":""1280x896"",""10:14"":""896x1280"",""16:9"":""1344x768"",""9:16"":""768x1344""}}},""auto"":""square""}}","{""source"":""https://runware.ai/docs/models/recraft-v4-1"",""checkedAt"":""2026-09-22"",""currency"":""USD"",""amount"":null,""accountTariffConfirmed"":false,""quote"":{""examples"":[{""configuration"":""text-to-image"",""price"":""$0.035"",""latencyMs"":8621,""exampleId"":""geothermal-field-crew-sticker-pack""},{""configuration"":""text-to-image"",""price"":""$0.035"",""latencyMs"":15755,""exampleId"":""period-conspiracy-series-poster""},{""configuration"":""text-to-image"",""price"":""$0.035"",""latencyMs"":11139,""exampleId"":""artisan-glassworks-game-key-art""},{""configuration"":""text-to-image"",""price"":""$0.035"",""latencyMs"":7839,""exampleId"":""animated-adventure-streaming-poster""}]}}",统一端点；账号地区准入待确认,Bearer API Key；账号权限未实测,提交前保存 UUID；仅 getResponse 查询,2026-09-22,https://runware.ai/docs/models/recraft-v4-1,https://runware.ai/docs/models/recraft-v4-1/schema.json,546fa12c8238907c42683b4edea09fab47a553f5ebe751ccb88ea48f494689f0
runware,Recraft,Recraft V4.1 Pro,recraft:v4.1-pro@0,live,,image,尚未登记,适配链路已完成但真实调用未验证,真实账号权限、真实推理、账单与质量待确认；可选高级参数未全部开放；本轮不调用真实服务。,补齐型号专用调用、选择器与恢复。,imageInference,"{""model"":1,""productAuxiliary"":8,""sourceCounts"":true}",false,false,,"{""generation"":{""mode"":""table"",""tiers"":{""2K"":{""sizes"":{""1:1"":""2048x2048"",""2:1"":""3072x1536"",""1:2"":""1536x3072"",""3:2"":""2560x1664"",""2:3"":""1664x2560"",""4:3"":""2432x1792"",""3:4"":""1792x2432"",""5:4"":""2304x1792"",""4:5"":""1792x2304"",""6:10"":""1664x2688"",""14:10"":""2560x1792"",""10:14"":""1792x2560"",""16:9"":""2688x1536"",""9:16"":""1536x2688""}}},""auto"":""square""}}","{""source"":""https://runware.ai/docs/models/recraft-v4-1-pro"",""checkedAt"":""2026-09-22"",""currency"":""USD"",""amount"":null,""accountTariffConfirmed"":false,""quote"":{""examples"":[{""configuration"":""text-to-image"",""price"":""$0.21"",""latencyMs"":17678,""exampleId"":""marine-coating-campaign-key-visual""},{""configuration"":""text-to-image"",""price"":""$0.21"",""latencyMs"":12096,""exampleId"":""bank-vault-listening-lounge-interior""},{""configuration"":""text-to-image"",""price"":""$0.21"",""latencyMs"":18331,""exampleId"":""volcanologist-personal-brand-portrait""},{""configuration"":""text-to-image"",""price"":""$0.21"",""latencyMs"":13831,""exampleId"":""residential-geothermal-social-media-ad""}]}}",统一端点；账号地区准入待确认,Bearer API Key；账号权限未实测,提交前保存 UUID；仅 getResponse 查询,2026-09-22,https://runware.ai/docs/models/recraft-v4-1-pro,https://runware.ai/docs/models/recraft-v4-1-pro/schema.json,7d846b84cdf2e38153f32cda4621ccc4954d8b0b0f46558b968a0a6c38f4fb49
runware,Recraft,Recraft V4.1 Utility,recraft:v4.1-utility@0,live,,image,尚未登记,适配链路已完成但真实调用未验证,真实账号权限、真实推理、账单与质量待确认；可选高级参数未全部开放；本轮不调用真实服务。,补齐型号专用调用、选择器与恢复。,imageInference,"{""model"":1,""productAuxiliary"":8,""sourceCounts"":true}",false,false,,"{""generation"":{""mode"":""table"",""tiers"":{""1K"":{""sizes"":{""1:1"":""1024x1024"",""2:1"":""1536x768"",""1:2"":""768x1536"",""3:2"":""1280x832"",""2:3"":""832x1280"",""4:3"":""1216x896"",""3:4"":""896x1216"",""5:4"":""1152x896"",""4:5"":""896x1152"",""6:10"":""832x1344"",""14:10"":""1280x896"",""10:14"":""896x1280"",""16:9"":""1344x768"",""9:16"":""768x1344""}}},""auto"":""square""}}","{""source"":""https://runware.ai/docs/models/recraft-v4-1-utility"",""checkedAt"":""2026-09-22"",""currency"":""USD"",""amount"":null,""accountTariffConfirmed"":false,""quote"":{""examples"":[{""configuration"":""text-to-image"",""price"":""$0.035"",""latencyMs"":10493,""exampleId"":""urban-beekeeper-personal-brand-portrait""},{""configuration"":""text-to-image"",""price"":""$0.035"",""latencyMs"":12173,""exampleId"":""oceanographic-vessel-launch-invitation""},{""configuration"":""text-to-image"",""price"":""$0.035"",""latencyMs"":11894,""exampleId"":""crop-insurance-social-campaign-visual""},{""configuration"":""text-to-image"",""price"":""$0.035"",""latencyMs"":16786,""exampleId"":""pipe-organ-craft-journal-cover""}]}}",统一端点；账号地区准入待确认,Bearer API Key；账号权限未实测,提交前保存 UUID；仅 getResponse 查询,2026-09-22,https://runware.ai/docs/models/recraft-v4-1-utility,https://runware.ai/docs/models/recraft-v4-1-utility/schema.json,bd9242a6a14306e200f1ea9951dbb2c97942f9284c8a59a1b57b5f9d5ce9e627
runware,Recraft,Recraft V4.1 Utility Pro,recraft:v4.1-utility-pro@0,live,,image,尚未登记,适配链路已完成但真实调用未验证,真实账号权限、真实推理、账单与质量待确认；可选高级参数未全部开放；本轮不调用真实服务。,补齐型号专用调用、选择器与恢复。,imageInference,"{""model"":1,""productAuxiliary"":8,""sourceCounts"":true}",false,false,,"{""generation"":{""mode"":""table"",""tiers"":{""2K"":{""sizes"":{""1:1"":""2048x2048"",""2:1"":""3072x1536"",""1:2"":""1536x3072"",""3:2"":""2560x1664"",""2:3"":""1664x2560"",""4:3"":""2432x1792"",""3:4"":""1792x2432"",""5:4"":""2304x1792"",""4:5"":""1792x2304"",""6:10"":""1664x2688"",""14:10"":""2560x1792"",""10:14"":""1792x2560"",""16:9"":""2688x1536"",""9:16"":""1536x2688""}}},""auto"":""square""}}","{""source"":""https://runware.ai/docs/models/recraft-v4-1-utility-pro"",""checkedAt"":""2026-09-22"",""currency"":""USD"",""amount"":null,""accountTariffConfirmed"":false,""quote"":{""examples"":[{""configuration"":""text-to-image"",""price"":""$0.21"",""latencyMs"":25070,""exampleId"":""living-shoreline-storm-buffer-infographic""},{""configuration"":""text-to-image"",""price"":""$0.21"",""latencyMs"":17052,""exampleId"":""subsea-cable-technician-persona-portrait""},{""configuration"":""text-to-image"",""price"":""$0.21"",""latencyMs"":16170,""exampleId"":""space-toilet-science-book-spread""},{""configuration"":""text-to-image"",""price"":""$0.21"",""latencyMs"":17314,""exampleId"":""copper-beekeeping-smoker-product-packshot""}]}}",统一端点；账号地区准入待确认,Bearer API Key；账号权限未实测,提交前保存 UUID；仅 getResponse 查询,2026-09-22,https://runware.ai/docs/models/recraft-v4-1-utility-pro,https://runware.ai/docs/models/recraft-v4-1-utility-pro/schema.json,0aa43178d689ad675e1a7305853951c3765203f16f462cb423f9587745b12b79
runware,Black Forest Labs,FLUX Outpainting,bfl:flux@outpainting,live,,范围外/待确认,尚未登记,尚未登记,扩边专用；需要明确四边扩展像素的独立画布操作，当前尺寸/比例选项不能代替。,扩边专用；需要明确四边扩展像素的独立画布操作，当前尺寸/比例选项不能代替。,未接入,"{""productVision"":0}",false,false,,{},"{""overview"":""Pricing is $0.10 for each output megapixel. Output megapixel are defined by the height and width parameter in the API request. Input megapixels are not counted. For pricing, resolution is always rounded up to the next megapixel for the generated image. 1 megapixel is counted as 1024x1024 pixels. Output megapixels are determined by the output width and height. Images exceeding 4 megapixels are resized to 4 megapixels."",""examples"":[{""configuration"":""expand"",""price"":""$0.30"",""latencyMs"":68439,""exampleId"":""equestrian-fly-sheet-lifestyle-hero""},{""configuration"":""expand"",""price"":""$0.30"",""latencyMs"":68952,""exampleId"":""mokuhanga-kelp-restoration-report-cover""},{""configuration"":""expand"",""price"":""$0.30"",""latencyMs"":96386,""exampleId"":""rooftop-apiary-crew-portrait""},{""configuration"":""expand"",""price"":""$0.40"",""latencyMs"":146504,""exampleId"":""field-microscope-colorway-catalog-hero""}]}",统一端点；账号地区准入待确认,Bearer API Key；账号权限未实测,提交前保存 UUID；仅 getResponse 查询,2026-09-22,https://runware.ai/docs/models/bfl-flux-outpainting,https://runware.ai/docs/models/bfl-flux-outpainting/schema.json,70a85017c352eb553d36a06751e14010d67e4fe528b799ea1d65bff53bf4e218
runware,xAI,Grok Imagine Image Quality,xai:grok-imagine@image-quality,deprecated,2026-11-02T00:00:00Z,image,尚未登记,适配链路已完成但真实调用未验证,真实账号权限、真实推理、账单与质量待确认；可选高级参数未全部开放；本轮不调用真实服务。,补齐型号专用调用、选择器与恢复。,imageInference,"{""model"":3,""productAuxiliary"":8,""sourceCounts"":true}",false,false,,"{""generation"":{""mode"":""table"",""tiers"":{""1K"":{""sizes"":{""1:1"":""1024x1024"",""3:4"":""896x1280"",""4:3"":""1280x896"",""9:16"":""768x1408"",""16:9"":""1408x768"",""2:3"":""864x1296"",""3:2"":""1296x864"",""9:19.5"":""576x1248"",""19.5:9"":""1248x576"",""9:20"":""576x1280"",""20:9"":""1280x576"",""1:2"":""704x1408"",""2:1"":""1408x704""}},""2K"":{""sizes"":{""1:1"":""2048x2048"",""3:4"":""1712x2432"",""4:3"":""2432x1712"",""9:16"":""1504x2752"",""16:9"":""2752x1504"",""2:3"":""1664x2496"",""3:2"":""2496x1664"",""9:19.5"":""1376x2976"",""19.5:9"":""2976x1376"",""9:20"":""1360x3008"",""20:9"":""3008x1360"",""1:2"":""1440x2880"",""2:1"":""2880x1440""}}},""auto"":""square""},""editing"":{""mode"":""table"",""tiers"":{""1K"":{""sizes"":{""1:1"":""1024x1024"",""3:4"":""896x1280"",""4:3"":""1280x896"",""9:16"":""768x1408"",""16:9"":""1408x768"",""2:3"":""864x1296"",""3:2"":""1296x864"",""9:19.5"":""576x1248"",""19.5:9"":""1248x576"",""9:20"":""576x1280"",""20:9"":""1280x576"",""1:2"":""704x1408"",""2:1"":""1408x704""}},""2K"":{""sizes"":{""1:1"":""2048x2048"",""3:4"":""1712x2432"",""4:3"":""2432x1712"",""9:16"":""1504x2752"",""16:9"":""2752x1504"",""2:3"":""1664x2496"",""3:2"":""2496x1664"",""9:19.5"":""1376x2976"",""19.5:9"":""2976x1376"",""9:20"":""1360x3008"",""20:9"":""3008x1360"",""1:2"":""1440x2880"",""2:1"":""2880x1440""}}},""auto"":""square""}}","{""source"":""https://runware.ai/docs/models/xai-grok-imagine-image-quality"",""checkedAt"":""2026-09-22"",""currency"":""USD"",""amount"":null,""accountTariffConfirmed"":false,""quote"":{""overview"":""Pricing starts at $0.05 per image output for 1K and $0.07 per image output for 1K. Price will be $0.01 per image input on top of the output price."",""examples"":[{""configuration"":""text-to-image · 1408×768"",""price"":""$0.05"",""latencyMs"":7489,""exampleId"":""nordic-floating-sauna-menu-hero""},{""configuration"":""text-to-image · 1408×768"",""price"":""$0.05"",""latencyMs"":7569,""exampleId"":""tidal-restoration-banner-expansion""},{""configuration"":""reference-to-image · 2K"",""price"":""$0.08"",""latencyMs"":24427,""exampleId"":""night-street-sweeper-picture-book-spread""},{""configuration"":""reference-to-image · 2K"",""price"":""$0.08"",""latencyMs"":15064,""exampleId"":""avalanche-airbag-colorway-variant""}]}}",统一端点；账号地区准入待确认,Bearer API Key；账号权限未实测,提交前保存 UUID；仅 getResponse 查询,2026-09-22,https://runware.ai/docs/models/xai-grok-imagine-image-quality,https://runware.ai/docs/models/xai-grok-imagine-image-quality/schema.json,fd29d37181e9e2d96d4065df0dfcb41ee52f94608eb8bd288926494028dd9888
runware,Inworld AI,Inworld Realtime TTS-2,inworld:tts@2,live,,范围外/待确认,尚未登记,尚未登记,"超出当前文本规划/图文理解/单张位图生成精修：audioInference（text-to-audio,checkpoint）。","超出当前文本规划/图文理解/单张位图生成精修：audioInference（text-to-audio,checkpoint）。",未接入,"{""productVision"":0}",false,false,,{},"{""examples"":[{""configuration"":""text-to-audio"",""price"":""$0.00154"",""latencyMs"":2307,""exampleId"":""immersive-greenhouse-warning-cue""},{""configuration"":""text-to-audio"",""price"":""$0.00263"",""latencyMs"":1752,""exampleId"":""roller-derby-livestream-vocal-stinger""},{""configuration"":""text-to-audio"",""price"":""$0.00507"",""latencyMs"":3721,""exampleId"":""polish-numbers-station-voice-loop""},{""configuration"":""text-to-audio"",""price"":""$0.00577"",""latencyMs"":3711,""exampleId"":""italian-heritage-podcast-intro""}]}",统一端点；账号地区准入待确认,Bearer API Key；账号权限未实测,提交前保存 UUID；仅 getResponse 查询,2026-09-22,https://runware.ai/docs/models/inworld-tts-2,https://runware.ai/docs/models/inworld-tts-2/schema.json,8f81b0f0f7235428f085a7426e81d6b2f7c0227ce179b29d04b829a212d1cb28
runware,Luma,UNI-1,luma:uni@1,live,,image,尚未登记,适配链路已完成但真实调用未验证,真实账号权限、真实推理、账单与质量待确认；可选高级参数未全部开放；本轮不调用真实服务。,补齐型号专用调用、选择器与恢复。,imageInference,"{""model"":10,""productAuxiliary"":8,""sourceCounts"":true}",false,false,,"{""generation"":{""mode"":""table"",""tiers"":{""3K"":{""sizes"":{""3:1"":""3360x1248"",""2:1"":""2912x1440"",""16:9"":""2784x1504"",""3:2"":""2464x1696"",""1:1"":""2048x2048"",""2:3"":""1696x2464"",""9:16"":""1504x2784"",""1:2"":""1440x2912"",""1:3"":""1248x3360""}}},""auto"":""square""},""editing"":{""mode"":""table"",""tiers"":{""3K"":{""sizes"":{""3:1"":""3360x1248"",""2:1"":""2912x1440"",""16:9"":""2784x1504"",""3:2"":""2464x1696"",""1:1"":""2048x2048"",""2:3"":""1696x2464"",""9:16"":""1504x2784"",""1:2"":""1440x2912"",""1:3"":""1248x3360""}}},""auto"":""square""}}","{""source"":""https://runware.ai/docs/models/luma-uni-1"",""checkedAt"":""2026-09-22"",""currency"":""USD"",""amount"":null,""accountTariffConfirmed"":false,""quote"":{""overview"":""Pricing at 2048 pixels for Text to image is $0.0404, for Image edit (image to image) is $0.0434 and $0.003 more for each additional reference image : $0.0464 for 2 ref image, $0.0494 for 3 ref image, etc."",""examples"":[{""configuration"":""text-to-image · 1440p"",""price"":""$0.0404"",""latencyMs"":118817,""exampleId"":""big-bud-tractor-landscape-composite""},{""configuration"":""text-to-image · 1440p"",""price"":""$0.0404"",""latencyMs"":125761,""exampleId"":""shinkansen-ekiben-menu-hero""},{""configuration"":""image-to-image · 2464×1696"",""price"":""$0.0464"",""latencyMs"":95316,""exampleId"":""avalanche-field-recording-album-cover""},{""configuration"":""reference-to-image · 1504×2784"",""price"":""$0.0464"",""latencyMs"":83699,""exampleId"":""azores-geothermal-hiking-campaign-illustration""}]}}",统一端点；账号地区准入待确认,Bearer API Key；账号权限未实测,提交前保存 UUID；仅 getResponse 查询,2026-09-22,https://runware.ai/docs/models/luma-uni-1,https://runware.ai/docs/models/luma-uni-1/schema.json,72ee548613cdcf9ce48008a06266fc122fcc3deddc7a63c3cb2f557355c9249a
runware,Luma,UNI-1 Max,luma:uni@1-max,live,,image,尚未登记,适配链路已完成但真实调用未验证,真实账号权限、真实推理、账单与质量待确认；可选高级参数未全部开放；本轮不调用真实服务。,补齐型号专用调用、选择器与恢复。,imageInference,"{""model"":10,""productAuxiliary"":8,""sourceCounts"":true}",false,false,,"{""generation"":{""mode"":""table"",""tiers"":{""3K"":{""sizes"":{""3:1"":""3360x1248"",""2:1"":""2912x1440"",""16:9"":""2784x1504"",""3:2"":""2464x1696"",""1:1"":""2048x2048"",""2:3"":""1696x2464"",""9:16"":""1504x2784"",""1:2"":""1440x2912"",""1:3"":""1248x3360""}}},""auto"":""square""},""editing"":{""mode"":""table"",""tiers"":{""3K"":{""sizes"":{""3:1"":""3360x1248"",""2:1"":""2912x1440"",""16:9"":""2784x1504"",""3:2"":""2464x1696"",""1:1"":""2048x2048"",""2:3"":""1696x2464"",""9:16"":""1504x2784"",""1:2"":""1440x2912"",""1:3"":""1248x3360""}}},""auto"":""square""}}","{""source"":""https://runware.ai/docs/models/luma-uni-1-max"",""checkedAt"":""2026-09-22"",""currency"":""USD"",""amount"":null,""accountTariffConfirmed"":false,""quote"":{""overview"":""Pricing at 2048 pixels for Text to image is $0.1, for Image edit (image to image) is $0.103 and $0.003 more for each additional reference image : $0.106 for 2 ref image, $0.109 for 3 ref image, etc."",""examples"":[{""configuration"":""text-to-image · 2784×1504"",""price"":""$0.10"",""latencyMs"":165023,""exampleId"":""big-boy-locomotive-cutaway-plate""},{""configuration"":""text-to-image · 2784×1504"",""price"":""$0.10"",""latencyMs"":222348,""exampleId"":""adaptive-commuter-rainwear-lookbook""},{""configuration"":""reference-to-image · 1696×2464"",""price"":""$0.106"",""latencyMs"":146072,""exampleId"":""tidal-energy-manga-cover-expansion""},{""configuration"":""image-to-image · 2048×2048"",""price"":""$0.109"",""latencyMs"":188130,""exampleId"":""vieques-bioluminescent-bay-campaign""}]}}",统一端点；账号地区准入待确认,Bearer API Key；账号权限未实测,提交前保存 UUID；仅 getResponse 查询,2026-09-22,https://runware.ai/docs/models/luma-uni-1-max,https://runware.ai/docs/models/luma-uni-1-max/schema.json,f4add9e78a4a8899f3c637938c107b712784efc9d8271e8ef7d252c7594531ba
runware,xAI,Grok 4.3,xai:grok@4.3,live,,main / vision,尚未登记,适配链路已完成但真实调用未验证,真实账号权限、真实推理、账单与质量待确认；可选高级参数未全部开放；本轮不调用真实服务。,补齐型号专用调用、选择器与恢复。,textInference,"{""productVision"":3}",false,false,,{},"{""source"":""https://runware.ai/docs/models/xai-grok-4-3"",""checkedAt"":""2026-09-22"",""currency"":""USD"",""amount"":null,""accountTariffConfirmed"":false,""quote"":{""examples"":[{""configuration"":""tool-calling"",""price"":""$0.000206"",""latencyMs"":4469,""exampleId"":""newsroom-embargo-timestamp-lookup""},{""configuration"":""tool-calling"",""price"":""$0.000236"",""latencyMs"":4184,""exampleId"":""pharmaceutical-recall-timestamp-record""},{""configuration"":""text-generation"",""price"":""$0.00265"",""latencyMs"":14578,""exampleId"":""saas-pricing-migration-decision-memo""},{""configuration"":""text-generation"",""price"":""$0.00313"",""latencyMs"":12013,""exampleId"":""clinical-trial-consent-rewrite""}]}}",统一端点；账号地区准入待确认,Bearer API Key；账号权限未实测,提交前保存 UUID；仅 getResponse 查询,2026-09-22,https://runware.ai/docs/models/xai-grok-4-3,https://runware.ai/docs/models/xai-grok-4-3/schema.json,4da6ec3d70afba288c38ca595df67151afc2b40a90ec1217ca1ef730221b5e28
runware,HeyGen,HeyGen Avatar V,heygen:avatar@5,live,,范围外/待确认,尚未登记,尚未登记,"超出当前文本规划/图文理解/单张位图生成精修：videoInference（text-to-video,checkpoint,audio）。","超出当前文本规划/图文理解/单张位图生成精修：videoInference（text-to-video,checkpoint,audio）。",未接入,"{""productVision"":0}",false,false,,{},"{""overview"":""Each generation will cost $0.1/s"",""examples"":[{""configuration"":""background-replacement · 1080p"",""price"":""$1.14"",""latencyMs"":202726,""exampleId"":""rare-book-handling-stock-clip""},{""configuration"":""captioned-stock-avatar · 720p"",""price"":""$2.64"",""latencyMs"":540258,""exampleId"":""funeral-home-mystery-teaser""},{""configuration"":""scripted-stock-avatar · 1080p"",""price"":""$2.71"",""latencyMs"":186091,""exampleId"":""heritage-documentary-series-teaser""},{""configuration"":""audio-driven-stock-avatar · 1080p"",""price"":""$3.35"",""latencyMs"":157910,""exampleId"":""draft-line-hygiene-meter-demo""}]}",统一端点；账号地区准入待确认,Bearer API Key；账号权限未实测,提交前保存 UUID；仅 getResponse 查询,2026-09-22,https://runware.ai/docs/models/heygen-avatar-v,https://runware.ai/docs/models/heygen-avatar-v/schema.json,ed3950018c8f55cb1440f25e767af3b228da74b080af909f87975e032db95420
runware,Pruna AI,P-Video-Avatar,prunaai:p-video@avatar,live,,范围外/待确认,尚未登记,尚未登记,"超出当前文本规划/图文理解/单张位图生成精修：videoInference（text-to-video,image-to-video,audio-to-video,checkpoint,audio）。","超出当前文本规划/图文理解/单张位图生成精修：videoInference（text-to-video,image-to-video,audio-to-video,checkpoint,audio）。",未接入,"{""productVision"":0}",false,false,,{},"{""overview"":""0.025$ per second of output video at 720p and 0.045$ per second of output video at 1080p"",""examples"":[{""configuration"":""scripted-photo-avatar · 720p"",""price"":""$0.219"",""latencyMs"":26242,""exampleId"":""indigo-dyehouse-music-video-bridge""},{""configuration"":""scripted-photo-avatar · 720p"",""price"":""$0.423"",""latencyMs"":247988,""exampleId"":""airport-biosecurity-training-presenter""},{""configuration"":""audio-driven-photo-avatar · 1080p"",""price"":""$0.488"",""latencyMs"":64941,""exampleId"":""prestige-fragrance-mystery-teaser""},{""configuration"":""audio-driven-photo-avatar · 1080p"",""price"":""$0.50"",""latencyMs"":65880,""exampleId"":""seed-vault-thriller-teaser""}]}",统一端点；账号地区准入待确认,Bearer API Key；账号权限未实测,提交前保存 UUID；仅 getResponse 查询,2026-09-22,https://runware.ai/docs/models/prunaai-p-video-avatar,https://runware.ai/docs/models/prunaai-p-video-avatar/schema.json,0591b70a243932280226d3b46858c5606ca6e4b1fd0ac394f5f32befb5c6c875
runware,RunDiffusion,Juggernaut Z,rundiffusion:200@100,live,,image,尚未登记,适配链路已完成但真实调用未验证,真实账号权限、真实推理、账单与质量待确认；可选高级参数未全部开放；本轮不调用真实服务。,补齐型号专用调用、选择器与恢复。,imageInference,"{""model"":1,""productAuxiliary"":8,""sourceCounts"":true}",true,false,,"{""generation"":{""mode"":""pixels"",""tiers"":{""512"":{""targetPixels"":262144},""1K"":{""targetPixels"":1048576},""1.5K"":{""targetPixels"":2359296},""2K"":{""targetPixels"":4194304}},""minSide"":128,""maxSide"":2048,""minPixels"":16384,""maxPixels"":4194304,""maxRatio"":16,""alignment"":16,""auto"":""square""},""editing"":{""mode"":""pixels"",""tiers"":{""512"":{""targetPixels"":262144},""1K"":{""targetPixels"":1048576},""1.5K"":{""targetPixels"":2359296},""2K"":{""targetPixels"":4194304}},""minSide"":128,""maxSide"":2048,""minPixels"":16384,""maxPixels"":4194304,""maxRatio"":16,""alignment"":16,""auto"":""square""}}","{""source"":""https://runware.ai/docs/models/rundiffusion-juggernaut-z"",""checkedAt"":""2026-09-22"",""currency"":""USD"",""amount"":null,""accountTariffConfirmed"":false,""quote"":{""overview"":""Price depends on acceleration parameter. None: $ 0.01495, Low: $0.0117, Medium: $0.01248"",""examples"":[{""configuration"":""image-to-image · 1280×768 · steps 40"",""price"":""$0.00338"",""latencyMs"":5349,""exampleId"":""planetarium-anniversary-digital-invitation""},{""configuration"":""inpaint · 768×1024"",""price"":""$0.00416"",""latencyMs"":7123,""exampleId"":""urban-mushroom-farming-blog-hero""},{""configuration"":""text-to-image · 1024×1024 · steps 35"",""price"":""$0.00416"",""latencyMs"":5324,""exampleId"":""apiary-cooperative-team-portrait-composite""},{""configuration"":""expand · 720p"",""price"":""$0.00494"",""latencyMs"":8111,""exampleId"":""converted-lifeboat-station-listing-interior""}]}}",统一端点；账号地区准入待确认,Bearer API Key；账号权限未实测,提交前保存 UUID；仅 getResponse 查询,2026-09-22,https://runware.ai/docs/models/rundiffusion-juggernaut-z,https://runware.ai/docs/models/rundiffusion-juggernaut-z/schema.json,42f7c99e3896a271dfe025fa2bca0dfbae724f11903696688ac4825991f0f8fc
runware,Alibaba,HappyHorse-1.0,alibaba:happyhorse@1.0,live,,范围外/待确认,尚未登记,尚未登记,"超出当前文本规划/图文理解/单张位图生成精修：videoInference（text-to-video,image-to-video,edit,checkpoint,audio）。","超出当前文本规划/图文理解/单张位图生成精修：videoInference（text-to-video,image-to-video,edit,checkpoint,audio）。",未接入,"{""productVision"":0}",false,false,,{},"{""overview"":""text-to-video, image-to-video and ref-to-video is $0.14 / second (720p) and $0.24 / second (1080p). For video edit price is $0.14 / second (720p) and $0.24 / second (1080p) and both input and output video seconds will be charged.\n"",""examples"":[{""configuration"":""first-frame · 720p · 5s"",""price"":""$0.723"",""latencyMs"":96671,""exampleId"":""mycelium-packaging-drop-test-reel""},{""configuration"":""reference-to-video · 832×1088 · 6s"",""price"":""$0.857"",""latencyMs"":110838,""exampleId"":""manuscript-pigment-scanner-product-demo""},{""configuration"":""text-to-video · 1080p · 5s"",""price"":""$1.24"",""latencyMs"":154272,""exampleId"":""coral-restoration-cleanup-visualization""},{""configuration"":""video-edit · 5s · audio origin"",""price"":""$1.45"",""latencyMs"":140405,""exampleId"":""aviation-volcanologist-moving-headshot""}]}",统一端点；账号地区准入待确认,Bearer API Key；账号权限未实测,提交前保存 UUID；仅 getResponse 查询,2026-09-22,https://runware.ai/docs/models/alibaba-happyhorse-1-0,https://runware.ai/docs/models/alibaba-happyhorse-1-0/schema.json,cac68b2d4a432bb635feac70e3211d1e9340f8e11717b40a57d5b24b6dbc287e
runware,Skywork,SkyReels V4,skywork:skyreels@v4,live,,范围外/待确认,尚未登记,尚未登记,"超出当前文本规划/图文理解/单张位图生成精修：videoInference（text-to-video,image-to-video,video-to-video,audio-to-video,edit,extend,checkpoint,audio）。","超出当前文本规划/图文理解/单张位图生成精修：videoInference（text-to-video,image-to-video,video-to-video,audio-to-video,edit,extend,checkpoint,audio）。",未接入,"{""productVision"":0}",false,false,,{},"{""examples"":[{""configuration"":""first-frame · 720p · 5s · audio"",""price"":""$0.704"",""latencyMs"":145885,""exampleId"":""colorized-lighthouse-heritage-clip""},{""configuration"":""multiple-keyframes · 480p · 9s"",""price"":""$0.994"",""latencyMs"":243216,""exampleId"":""volcanologist-keynote-motion-headshot""},{""configuration"":""audio-driven · 720p · 8s"",""price"":""$1.12"",""latencyMs"":537609,""exampleId"":""vertical-seed-vault-technician-clip""},{""configuration"":""video-extend · 720p · 5s"",""price"":""$1.26"",""latencyMs"":567834,""exampleId"":""antique-auction-video-cleanup""},{""configuration"":""first-last-frame · 1080p · 6s"",""price"":""$2.11"",""latencyMs"":226331,""exampleId"":""vintage-neon-restoration-social-reel""},{""configuration"":""text-to-video · 1080p · 6s · audio"",""price"":""$2.11"",""latencyMs"":224099,""exampleId"":""subsea-cable-documentary-teaser""},{""configuration"":""reference-to-video · 1080p · 8s"",""price"":""$3.77"",""latencyMs"":534926,""exampleId"":""court-stenographer-thriller-title-sequence""}]}",统一端点；账号地区准入待确认,Bearer API Key；账号权限未实测,提交前保存 UUID；仅 getResponse 查询,2026-09-22,https://runware.ai/docs/models/skywork-skyreels-v4,https://runware.ai/docs/models/skywork-skyreels-v4/schema.json,53b42ea67dcceb640db872f081882bcbfc58f7b553c799845db8b6d2edff6b48
runware,OpenAI,GPT-5.5,openai:gpt@5.5,live,,main / vision,尚未登记,适配链路已完成但真实调用未验证,真实账号权限、真实推理、账单与质量待确认；可选高级参数未全部开放；本轮不调用真实服务。,补齐型号专用调用、选择器与恢复。,textInference,"{""productVision"":3}",false,false,,{},"{""source"":""https://runware.ai/docs/models/openai-gpt-5-5"",""checkedAt"":""2026-09-22"",""currency"":""USD"",""amount"":null,""accountTariffConfirmed"":false,""quote"":{""examples"":[{""configuration"":""tool-calling"",""price"":""$0.00128"",""latencyMs"":2475,""exampleId"":""location-shoot-weather-tool-handoff""},{""configuration"":""reference-to-text"",""price"":""$0.0699"",""latencyMs"":33795,""exampleId"":""vineyard-disease-scouting-report""},{""configuration"":""structured-output"",""price"":""$0.134"",""latencyMs"":43902,""exampleId"":""fleet-telematics-bid-evaluation""},{""configuration"":""text-generation"",""price"":""$0.808"",""latencyMs"":335148,""exampleId"":""biotech-licensing-decision-memo""}]}}",统一端点；账号地区准入待确认,Bearer API Key；账号权限未实测,提交前保存 UUID；仅 getResponse 查询,2026-09-22,https://runware.ai/docs/models/openai-gpt-5-5,https://runware.ai/docs/models/openai-gpt-5-5/schema.json,c5c991ff122ffd015d4e1cbb6d3e15fd9802e040bb9d99bfb4d56a7f6964f5ed
runware,Kling AI,Kling VIDEO 3.0 4K,klingai:kling-video@3-4k,live,,范围外/待确认,尚未登记,尚未登记,"超出当前文本规划/图文理解/单张位图生成精修：videoInference（text-to-video,image-to-video,checkpoint,audio）。","超出当前文本规划/图文理解/单张位图生成精修：videoInference（text-to-video,image-to-video,checkpoint,audio）。",未接入,"{""productVision"":0}",false,false,,{},"{""examples"":[{""configuration"":""text-to-video · 2160p · 5s"",""price"":""$2.10"",""latencyMs"":118496,""exampleId"":""oyster-farm-workwear-showcase-reel""},{""configuration"":""first-frame · 7s"",""price"":""$2.94"",""latencyMs"":197738,""exampleId"":""urban-bat-survey-logo-loop""},{""configuration"":""first-last-frame · 8s"",""price"":""$3.36"",""latencyMs"":183555,""exampleId"":""water-service-line-explainer""},{""configuration"":""multi-shot · 2880×2880 · 9s"",""price"":""$3.78"",""latencyMs"":179275,""exampleId"":""meteorite-conservation-curator-social-briefing""},{""configuration"":""elements · 10s"",""price"":""$4.20"",""latencyMs"":326482,""exampleId"":""sleeper-train-cabin-reel""}]}",统一端点；账号地区准入待确认,Bearer API Key；账号权限未实测,提交前保存 UUID；仅 getResponse 查询,2026-09-22,https://runware.ai/docs/models/klingai-video-3-0-4k,https://runware.ai/docs/models/klingai-video-3-0-4k/schema.json,3e35822bc73422d4915d6d05205c75cad653d6f75e4636f8d0d1fdcd27c7fa50
runware,Kling AI,Kling VIDEO 3.0 Omni 4K,klingai:kling-video@o3-4k,live,,范围外/待确认,尚未登记,尚未登记,"超出当前文本规划/图文理解/单张位图生成精修：videoInference（text-to-video,image-to-video,checkpoint,audio）。","超出当前文本规划/图文理解/单张位图生成精修：videoInference（text-to-video,image-to-video,checkpoint,audio）。",未接入,"{""productVision"":0}",false,false,,{},"{""examples"":[{""configuration"":""first-frame · 5s"",""price"":""$2.10"",""latencyMs"":102041,""exampleId"":""aquaculture-sensor-cleaning-demo""},{""configuration"":""video-edit · 4k"",""price"":""$2.52"",""latencyMs"":191057,""exampleId"":""bauhaus-acoustic-panel-social-reel""},{""configuration"":""text-to-video · 2160p · 6s"",""price"":""$2.52"",""latencyMs"":108931,""exampleId"":""fountain-pen-restoration-social-reel""},{""configuration"":""reference-to-video · 2160p · 7s"",""price"":""$2.94"",""latencyMs"":205452,""exampleId"":""urban-bat-ecologist-update""},{""configuration"":""first-last-frame · 8s"",""price"":""$3.36"",""latencyMs"":165484,""exampleId"":""portable-manuscript-scanner-explainer""},{""configuration"":""multi-shot · 2160p · 9s"",""price"":""$3.78"",""latencyMs"":436067,""exampleId"":""cathedral-pipe-organ-maintenance-b-roll""},{""configuration"":""elements · 2880×2880 · 10s"",""price"":""$4.20"",""latencyMs"":284581,""exampleId"":""mushroom-forager-workwear-fashion-reel""}]}",统一端点；账号地区准入待确认,Bearer API Key；账号权限未实测,提交前保存 UUID；仅 getResponse 查询,2026-09-22,https://runware.ai/docs/models/klingai-video-3-0-omni-4k,https://runware.ai/docs/models/klingai-video-3-0-omni-4k/schema.json,705590aba93d5050792a151153a086f68988f40336a90499cfc70fd1f181bce9
runware,OpenAI,GPT Image 2,openai:gpt-image@2,live,,image,尚未登记,适配链路已完成但真实调用未验证,真实账号权限、真实推理、账单与质量待确认；可选高级参数未全部开放；本轮不调用真实服务。,补齐型号专用调用、选择器与恢复。,imageInference,"{""model"":16,""productAuxiliary"":8,""sourceCounts"":true}",true,true,,"{""generation"":{""mode"":""pixels"",""tiers"":{""1K"":{""targetPixels"":1048576},""1.5K"":{""targetPixels"":2359296},""2K"":{""targetPixels"":4194304},""auto"":{}},""minSide"":16,""maxSide"":3840,""minPixels"":655360,""maxPixels"":8294400,""maxRatio"":3,""alignment"":16,""auto"":""square""},""editing"":{""mode"":""pixels"",""tiers"":{""1K"":{""targetPixels"":1048576},""1.5K"":{""targetPixels"":2359296},""2K"":{""targetPixels"":4194304},""auto"":{}},""minSide"":16,""maxSide"":3840,""minPixels"":655360,""maxPixels"":8294400,""maxRatio"":3,""alignment"":16,""auto"":""square""}}","{""source"":""https://runware.ai/docs/models/openai-gpt-image-2"",""checkedAt"":""2026-09-22"",""currency"":""USD"",""amount"":null,""accountTariffConfirmed"":false,""quote"":{""overview"":""Pricing is based per 1M Token for image at $8.00 (input), $2.00 (cached input), $30.00 (output). For text at $5.00 (input), $1.25 (cached input), $10.00 (output). Below are estimation examples based on quality which changes significantly the price."",""examples"":[{""configuration"":""transparent-background"",""price"":""$0.0221"",""latencyMs"":34999,""exampleId"":""rail-signal-training-character-portrait""},{""configuration"":""inpaint"",""price"":""$0.0223"",""latencyMs"":22810,""exampleId"":""municipal-water-tower-lighting-visualization""},{""configuration"":""text-to-image"",""price"":""$0.0426"",""latencyMs"":44364,""exampleId"":""wadden-sea-walking-campaign-hero""},{""configuration"":""reference-to-image"",""price"":""$0.0675"",""latencyMs"":42698,""exampleId"":""blackstart-grid-strategy-key-art""}]}}",统一端点；账号地区准入待确认,Bearer API Key；账号权限未实测,提交前保存 UUID；仅 getResponse 查询,2026-09-22,https://runware.ai/docs/models/openai-gpt-image-2,https://runware.ai/docs/models/openai-gpt-image-2/schema.json,c2959d0c5bdcfcd9d69b7999add138d43391da9ebe0648f0679b355ea9d6978c
runware,Anthropic,Claude Opus 4.7,anthropic:claude@opus-4.7,live,,main / vision,尚未登记,适配链路已完成但真实调用未验证,真实账号权限、真实推理、账单与质量待确认；可选高级参数未全部开放；本轮不调用真实服务。,补齐型号专用调用、选择器与恢复。,textInference,"{""productVision"":3}",false,false,,{},"{""source"":""https://runware.ai/docs/models/anthropic-claude-opus-4-7"",""checkedAt"":""2026-09-22"",""currency"":""USD"",""amount"":null,""accountTariffConfirmed"":false,""quote"":{""examples"":[{""configuration"":""reference-to-text"",""price"":""$0.0609"",""latencyMs"":35866,""exampleId"":""beverage-shelf-compliance-audit""},{""configuration"":""reference-to-text"",""price"":""$0.078"",""latencyMs"":47830,""exampleId"":""textile-conservation-intake-report""},{""configuration"":""text-generation"",""price"":""$0.438"",""latencyMs"":229785,""exampleId"":""enterprise-identity-consolidation-execution-plan""},{""configuration"":""text-generation"",""price"":""$0.51"",""latencyMs"":220310,""exampleId"":""payment-webhook-reliability-remediation-plan""}]}}",统一端点；账号地区准入待确认,Bearer API Key；账号权限未实测,提交前保存 UUID；仅 getResponse 查询,2026-09-22,https://runware.ai/docs/models/anthropic-claude-opus-4-7,https://runware.ai/docs/models/anthropic-claude-opus-4-7/schema.json,430d20bb34e672d49cc54d6ab9a924147c99726a1f5d7ee85be056ba42fa2c5a
runware,Google,Gemini 3.1 Flash TTS,google:gemini@3.1-flash-tts,live,,范围外/待确认,尚未登记,尚未登记,"超出当前文本规划/图文理解/单张位图生成精修：audioInference（text-to-audio,checkpoint）。","超出当前文本规划/图文理解/单张位图生成精修：audioInference（text-to-audio,checkpoint）。",未接入,"{""productVision"":0}",false,false,,{},"{""examples"":[{""configuration"":""multi-speaker-dialogue"",""price"":""$0.00621"",""latencyMs"":5757,""exampleId"":""repair-cooperative-podcast-vocal-stinger""},{""configuration"":""multi-speaker-dialogue"",""price"":""$0.00792"",""latencyMs"":6695,""exampleId"":""volcano-observatory-podcast-stinger""},{""configuration"":""text-to-audio"",""price"":""$0.0251"",""latencyMs"":31150,""exampleId"":""oyster-farm-insurance-explainer""},{""configuration"":""text-to-audio"",""price"":""$0.0278"",""latencyMs"":27511,""exampleId"":""ice-rink-heat-recovery-explainer""}]}",统一端点；账号地区准入待确认,Bearer API Key；账号权限未实测,提交前保存 UUID；仅 getResponse 查询,2026-09-22,https://runware.ai/docs/models/google-gemini-3-1-flash-tts,https://runware.ai/docs/models/google-gemini-3-1-flash-tts/schema.json,3262647f5bab789b55f9f31041168afde89f2abe68f5c0d193f88f15820f7952
runware,Baidu,ERNIE-Image-Turbo,baidu:ernie-image@turbo,live,,image,尚未登记,适配链路已完成但真实调用未验证,真实账号权限、真实推理、账单与质量待确认；可选高级参数未全部开放；本轮不调用真实服务。,补齐型号专用调用、选择器与恢复。,imageInference,"{""model"":1,""productAuxiliary"":8,""sourceCounts"":true}",false,false,,"{""generation"":{""mode"":""pixels"",""tiers"":{""512"":{""targetPixels"":262144},""1K"":{""targetPixels"":1048576},""1.5K"":{""targetPixels"":2359296},""2K"":{""targetPixels"":4194304}},""minSide"":128,""maxSide"":2048,""minPixels"":16384,""maxPixels"":4194304,""maxRatio"":16,""alignment"":16,""auto"":""square""}}","{""source"":""https://runware.ai/docs/models/baidu-ernie-image-turbo"",""checkedAt"":""2026-09-22"",""currency"":""USD"",""amount"":null,""accountTariffConfirmed"":false,""quote"":{""overview"":""Pricing is highly dependent on number of parameters. \nThe most significant cost multiplier is the use of promptEnhance(settings.promptEnhance) with an average price increase of 178%. Cost also scales approximately linearly with step count, baseline in use cases is 8 steps. "",""examples"":[{""configuration"":""text-to-image"",""price"":""$0.0019"",""latencyMs"":27350,""exampleId"":""regenerative-wool-insulation-key-visual""},{""configuration"":""text-to-image"",""price"":""$0.0019"",""latencyMs"":26743,""exampleId"":""volcanologist-social-profile-avatar""},{""configuration"":""text-to-image"",""price"":""$0.0019"",""latencyMs"":29816,""exampleId"":""geothermal-drilling-campaign-key-visual""},{""configuration"":""text-to-image"",""price"":""$0.0019"",""latencyMs"":19299,""exampleId"":""antique-violin-restoration-blog-hero""}]}}",统一端点；账号地区准入待确认,Bearer API Key；账号权限未实测,提交前保存 UUID；仅 getResponse 查询,2026-09-22,https://runware.ai/docs/models/baidu-ernie-image-turbo,https://runware.ai/docs/models/baidu-ernie-image-turbo/schema.json,4660571a0b32e863d6417922eba95d146fcdbfd85a7d64e43a40aa87f7184e1f
runware,PixVerse,PixVerse Modify,pixverse:modify@0,live,,范围外/待确认,尚未登记,尚未登记,"超出当前文本规划/图文理解/单张位图生成精修：videoInference（video-to-video,edit,checkpoint）。","超出当前文本规划/图文理解/单张位图生成精修：videoInference（video-to-video,edit,checkpoint）。",未接入,"{""productVision"":0}",false,false,,{},"{""overview"":""Pricing starts at $0.04/s at 360p, $0.05/s at 540p, and $0.06/s at 720p."",""examples"":[{""configuration"":""inpaint · 360p"",""price"":""$0.28"",""latencyMs"":81966,""exampleId"":""vaccine-cooler-field-placement-film""},{""configuration"":""reference-to-video · 540p"",""price"":""$0.35"",""latencyMs"":146800,""exampleId"":""sculptural-floor-lamp-placement-film""},{""configuration"":""video-edit · 720p"",""price"":""$0.42"",""latencyMs"":173819,""exampleId"":""badlands-fossil-exhibit-promo""},{""configuration"":""video-edit · 720p"",""price"":""$0.42"",""latencyMs"":218654,""exampleId"":""embroidered-garment-workshop-music-video""}]}",统一端点；账号地区准入待确认,Bearer API Key；账号权限未实测,提交前保存 UUID；仅 getResponse 查询,2026-09-22,https://runware.ai/docs/models/pixverse-modify,https://runware.ai/docs/models/pixverse-modify/schema.json,f9206323d534fcf029290ef1b62f3f4225c4f321f78be20f77aed3f75fd4f675
runware,Baidu,ERNIE-Image,baidu:ernie-image@0,live,,image,尚未登记,适配链路已完成但真实调用未验证,真实账号权限、真实推理、账单与质量待确认；可选高级参数未全部开放；本轮不调用真实服务。,补齐型号专用调用、选择器与恢复。,imageInference,"{""model"":1,""productAuxiliary"":8,""sourceCounts"":true}",false,false,,"{""generation"":{""mode"":""pixels"",""tiers"":{""512"":{""targetPixels"":262144},""1K"":{""targetPixels"":1048576},""1.5K"":{""targetPixels"":2359296},""2K"":{""targetPixels"":4194304}},""minSide"":128,""maxSide"":2048,""minPixels"":16384,""maxPixels"":4194304,""maxRatio"":16,""alignment"":16,""auto"":""square""}}","{""source"":""https://runware.ai/docs/models/baidu-ernie-image"",""checkedAt"":""2026-09-22"",""currency"":""USD"",""amount"":null,""accountTariffConfirmed"":false,""quote"":{""overview"":""Pricing is highly dependent on number of parameters. \nThe most significant cost multiplier is the use of promptEnhance(settings.promptEnhance) with an average price increase of 178%. Cost also scales approximately linearly with step count, baseline in use cases is 30 steps. "",""examples"":[{""configuration"":""text-to-image"",""price"":""$0.0205"",""latencyMs"":48323,""exampleId"":""geothermal-architecture-journal-cover""},{""configuration"":""text-to-image"",""price"":""$0.023"",""latencyMs"":70781,""exampleId"":""moonlit-oyster-farm-dinner-invitation""},{""configuration"":""text-to-image"",""price"":""$0.023"",""latencyMs"":58621,""exampleId"":""falconry-telemetry-kit-packshot""},{""configuration"":""text-to-image"",""price"":""$0.0307"",""latencyMs"":79204,""exampleId"":""tidal-choral-festival-poster""}]}}",统一端点；账号地区准入待确认,Bearer API Key；账号权限未实测,提交前保存 UUID；仅 getResponse 查询,2026-09-22,https://runware.ai/docs/models/baidu-ernie-image,https://runware.ai/docs/models/baidu-ernie-image/schema.json,c2dedf89e94c7260554fa2706a9f9944894ba4f737b6e2719c5ea49afd2c27aa
runware,ImagineArt,ImagineArt 2.0,imagineart:2.0@0,live,,image,尚未登记,适配链路已完成但真实调用未验证,真实账号权限、真实推理、账单与质量待确认；可选高级参数未全部开放；本轮不调用真实服务。,补齐型号专用调用、选择器与恢复。,imageInference,"{""model"":4,""productAuxiliary"":8,""sourceCounts"":true}",false,false,,"{""generation"":{""mode"":""table"",""tiers"":{""1K"":{""sizes"":{""1:1"":""1024x1024"",""3:1"":""1680x560"",""1:3"":""560x1680"",""16:9"":""1360x768"",""9:16"":""768x1360"",""4:3"":""1024x768"",""3:4"":""768x1024"",""3:2"":""1152x768"",""2:3"":""768x1152"",""21:9"":""1488x640"",""4:5"":""848x1072"",""5:4"":""1072x848"",""4:1"":""2048x512"",""1:4"":""512x2048""}},""2K"":{""sizes"":{""1:1"":""2048x2048"",""3:1"":""3552x1184"",""1:3"":""1184x3552"",""16:9"":""2816x1584"",""9:16"":""1584x2816"",""4:3"":""2368x1776"",""3:4"":""1776x2368"",""3:2"":""2496x1664"",""2:3"":""1664x2496"",""21:9"":""3136x1344"",""4:5"":""1856x2320"",""5:4"":""2320x1856""}}},""auto"":""square""},""editing"":{""mode"":""table"",""auto"":""square"",""tiers"":{""1.5K"":{""sizes"":{""1:1"":""1536x1536"",""3:1"":""2496x832"",""1:3"":""832x2496"",""16:9"":""2048x1152"",""9:16"":""1152x2048"",""4:3"":""1664x1248"",""3:4"":""1248x1664"",""3:2"":""1728x1152"",""2:3"":""1152x1728"",""21:9"":""2160x928"",""4:5"":""1472x1856"",""5:4"":""1856x1472""}}}}}","{""source"":""https://runware.ai/docs/models/imagineart-2-0"",""checkedAt"":""2026-09-22"",""currency"":""USD"",""amount"":null,""accountTariffConfirmed"":false,""quote"":{""overview"":""$0.05 / image generated"",""examples"":[{""configuration"":""text-to-image · 1360×768"",""price"":""$0.03"",""latencyMs"":22380,""exampleId"":""heritage-orchard-visitor-wayfinding-map""},{""configuration"":""text-to-image · 1360×768"",""price"":""$0.03"",""latencyMs"":18954,""exampleId"":""arctic-air-ambulance-recruitment-banner""},{""configuration"":""reference-to-image · 1248×1664"",""price"":""$0.057"",""latencyMs"":45806,""exampleId"":""falconry-telemetry-bundle-packshot""},{""configuration"":""reference-to-image · 1248×1664"",""price"":""$0.057"",""latencyMs"":43520,""exampleId"":""converted-signal-box-listing-interior""}]}}",统一端点；账号地区准入待确认,Bearer API Key；账号权限未实测,提交前保存 UUID；仅 getResponse 查询,2026-09-22,https://runware.ai/docs/models/imagineart-2-0,https://runware.ai/docs/models/imagineart-2-0/schema.json,e7554bb43458da1616725aec9394dbc0f14a9c8595c0cb5845baef0b6d7914ee
runware,MiniMax,MiniMax Music 2.6,minimax:music@2.6,live,,范围外/待确认,尚未登记,尚未登记,"超出当前文本规划/图文理解/单张位图生成精修：audioInference（text-to-audio,checkpoint）。","超出当前文本规划/图文理解/单张位图生成精修：audioInference（text-to-audio,checkpoint）。",未接入,"{""productVision"":0}",false,false,,{},"{""overview"":"" $0.15 per song generation or per music cover"",""examples"":[{""configuration"":""optimized-lyrics-to-music"",""price"":""$0.15"",""latencyMs"":102113,""exampleId"":""manuscript-handling-microlearning-song""},{""configuration"":""instrumental-music"",""price"":""$0.15"",""latencyMs"":140747,""exampleId"":""urban-infrastructure-podcast-theme""},{""configuration"":""text-to-audio"",""price"":""$0.15"",""latencyMs"":151506,""exampleId"":""community-seed-library-folk-anthem""},{""configuration"":""lyrics-to-music"",""price"":""$0.15"",""latencyMs"":141145,""exampleId"":""womens-rugby-championship-anthem""}]}",统一端点；账号地区准入待确认,Bearer API Key；账号权限未实测,提交前保存 UUID；仅 getResponse 查询,2026-09-22,https://runware.ai/docs/models/minimax-music-2-6,https://runware.ai/docs/models/minimax-music-2-6/schema.json,1ded86b1ad790841fc16b0051352713235c1401164c29d891bc845e26c982a1c
runware,MiniMax,MiniMax Music Cover,minimax:music@cover,live,,范围外/待确认,尚未登记,尚未登记,"超出当前文本规划/图文理解/单张位图生成精修：audioInference（audio-to-audio,checkpoint）。","超出当前文本规划/图文理解/单张位图生成精修：audioInference（audio-to-audio,checkpoint）。",未接入,"{""productVision"":0}",false,false,,{},"{""examples"":[{""configuration"":""audio-driven"",""price"":""$0.15"",""latencyMs"":181750,""exampleId"":""electric-ferry-boarding-jingle""},{""configuration"":""audio-driven"",""price"":""$0.15"",""latencyMs"":143138,""exampleId"":""plant-patent-podcast-opening-theme""},{""configuration"":""audio-driven"",""price"":""$0.15"",""latencyMs"":100465,""exampleId"":""abyssal-observatory-ambient-bed""},{""configuration"":""audio-driven"",""price"":""$0.15"",""latencyMs"":112959,""exampleId"":""wood-frog-audiobook-learning-interlude""}]}",统一端点；账号地区准入待确认,Bearer API Key；账号权限未实测,提交前保存 UUID；仅 getResponse 查询,2026-09-22,https://runware.ai/docs/models/minimax-music-cover,https://runware.ai/docs/models/minimax-music-cover/schema.json,ac395c93c946475bc7ae12a19c5e19b24488acb25457f3f7bdf2f9b9adb2f55b
runware,Z.ai,GLM-5.1,zai:glm@5.1,live,,main,尚未登记,适配链路已完成但真实调用未验证,真实账号权限、真实推理、账单与质量待确认；可选高级参数未全部开放；本轮不调用真实服务。,补齐型号专用调用、选择器与恢复。,textInference,"{""productVision"":0}",false,false,,{},"{""source"":""https://runware.ai/docs/models/zai-glm-5-1"",""checkedAt"":""2026-09-22"",""currency"":""USD"",""amount"":null,""accountTariffConfirmed"":false,""quote"":{""examples"":[{""configuration"":""tool-calling"",""price"":""$0.000342"",""latencyMs"":5386,""exampleId"":""field-operations-weather-tool-call""},{""configuration"":""tool-calling"",""price"":""$0.000409"",""latencyMs"":4767,""exampleId"":""wedding-weekend-weather-tool-call""},{""configuration"":""text-generation"",""price"":""$0.0019"",""latencyMs"":15439,""exampleId"":""board-cyber-incident-briefing""},{""configuration"":""text-generation"",""price"":""$0.00257"",""latencyMs"":21879,""exampleId"":""boutique-hotel-loan-credit-memo""}]}}",统一端点；账号地区准入待确认,Bearer API Key；账号权限未实测,提交前保存 UUID；仅 getResponse 查询,2026-09-22,https://runware.ai/docs/models/zai-glm-5-1,https://runware.ai/docs/models/zai-glm-5-1/schema.json,c4f9ec6ff4b721a72cf8fc1064aa7012b578c0aa0db8c77d7b998eca40df0d7d
runware,sync.,sync-3,sync:3@0,live,,范围外/待确认,尚未登记,尚未登记,"超出当前文本规划/图文理解/单张位图生成精修：videoInference（video-to-video,audio-to-video,checkpoint）。","超出当前文本规划/图文理解/单张位图生成精修：videoInference（video-to-video,audio-to-video,checkpoint）。",未接入,"{""productVision"":0}",false,false,,{},"{""examples"":[{""configuration"":""segmented-lip-sync"",""price"":""$0.804"",""latencyMs"":121320,""exampleId"":""maritime-documentary-series-teaser""},{""configuration"":""audio-driven"",""price"":""$1.06"",""latencyMs"":153214,""exampleId"":""seed-vault-conspiracy-teaser""},{""configuration"":""audio-driven"",""price"":""$1.11"",""latencyMs"":80540,""exampleId"":""mobile-equine-dentistry-service-reel""}]}",统一端点；账号地区准入待确认,Bearer API Key；账号权限未实测,提交前保存 UUID；仅 getResponse 查询,2026-09-22,https://runware.ai/docs/models/sync-3,https://runware.ai/docs/models/sync-3/schema.json,e8bfd1e90a9a89248e84cd13572c7c117c2d5f09ca631148812c927a9466f41c
runware,ByteDance,Seedance 2.0,bytedance:seedance@2.0,live,,范围外/待确认,尚未登记,尚未登记,"超出当前文本规划/图文理解/单张位图生成精修：videoInference（text-to-video,image-to-video,video-to-video,audio-to-video,edit,extend,checkpoint,audio）。","超出当前文本规划/图文理解/单张位图生成精修：videoInference（text-to-video,image-to-video,video-to-video,audio-to-video,edit,extend,checkpoint,audio）。",未接入,"{""productVision"":0}",false,false,,{},"{""overview"":""Text/Image to Video, 480p: $0.07/sec\nText/Image to Video, 720p: $0.16/sec\nText/Image to Video, 1080p: $0.40/sec\nText/Image to Video, 4K: $0.836/sec\nVideo-to-Video, 480p: from $0.09/sec\nVideo-to-Video, 720p: from $0.20/sec\nVideo-to-Video, 1080p: from $0.48/sec\nVideo-to-Video, 4K: from $1.050/sec\n\nVideo-to-Video rates assume reference video matches output duration "",""examples"":[{""configuration"":""text-to-video · 720p · 6s · audio"",""price"":""$0.953"",""latencyMs"":123407,""exampleId"":""tattoo-machine-colorway-reveal-film""},{""configuration"":""first-last-frame · 720p · 8s"",""price"":""$1.27"",""latencyMs"":137222,""exampleId"":""secretary-bird-habitat-composite-film""},{""configuration"":""first-frame · 1080p · 5s · audio"",""price"":""$2.03"",""latencyMs"":213917,""exampleId"":""art-forgery-drama-title-sequence""},{""configuration"":""reference-to-video · 1080p · 10s · audio"",""price"":""$4.14"",""latencyMs"":324541,""exampleId"":""atp-sanitation-meter-demo""}]}",统一端点；账号地区准入待确认,Bearer API Key；账号权限未实测,提交前保存 UUID；仅 getResponse 查询,2026-09-22,https://runware.ai/docs/models/bytedance-seedance-2-0,https://runware.ai/docs/models/bytedance-seedance-2-0/schema.json,dcb08d0f9327728629781626df3530e14e5c70e12d52803f272b67df731c0033
runware,Alibaba,Wan2.7,alibaba:wan@2.7,live,,范围外/待确认,尚未登记,尚未登记,"超出当前文本规划/图文理解/单张位图生成精修：videoInference（text-to-video,image-to-video,video-to-video,checkpoint,audio）。","超出当前文本规划/图文理解/单张位图生成精修：videoInference（text-to-video,image-to-video,video-to-video,checkpoint,audio）。",未接入,"{""productVision"":0}",false,false,,{},"{""overview"":""Both input (if any) and output video seconds will be charged at $0.10 per second for 720p and $0.15 per second for 1080p"",""examples"":[{""configuration"":""first-last-frame · 720p · 7s · audio"",""price"":""$0.708"",""latencyMs"":66369,""exampleId"":""night-shift-lyric-video-segment""},{""configuration"":""first-frame · 1080p · 5s · audio"",""price"":""$0.756"",""latencyMs"":51401,""exampleId"":""urban-beekeeping-suit-showcase-reel""},{""configuration"":""audio-driven · 720p · 8s"",""price"":""$0.803"",""latencyMs"":187284,""exampleId"":""ice-core-archive-safety-presenter""},{""configuration"":""reference-to-video · 1088×832 · 10s · audio"",""price"":""$1.00"",""latencyMs"":399542,""exampleId"":""natural-indigo-workshop-b-roll""},{""configuration"":""text-to-video · 1080p · 15s · audio"",""price"":""$2.25"",""latencyMs"":418197,""exampleId"":""municipal-noir-limited-series-teaser""}]}",统一端点；账号地区准入待确认,Bearer API Key；账号权限未实测,提交前保存 UUID；仅 getResponse 查询,2026-09-22,https://runware.ai/docs/models/alibaba-wan2-7,https://runware.ai/docs/models/alibaba-wan2-7/schema.json,d312a881484ab9baa943e5fcf743bdfe4f8c5c12473a946b45a86b2446150120
runware,ByteDance,Seedance 2.0 Fast,bytedance:seedance@2.0-fast,live,,范围外/待确认,尚未登记,尚未登记,"超出当前文本规划/图文理解/单张位图生成精修：videoInference（text-to-video,image-to-video,video-to-video,audio-to-video,edit,extend,checkpoint,audio）。","超出当前文本规划/图文理解/单张位图生成精修：videoInference（text-to-video,image-to-video,video-to-video,audio-to-video,edit,extend,checkpoint,audio）。",未接入,"{""productVision"":0}",false,false,,{},"{""overview"":""Text/Image to Video, 480p: $0.06/sec\nText/Image to Video, 720p: $0.13/sec\nVideo-to-Video, 480p: from $0.10/sec\nVideo-to-Video, 720p: from $0.21/sec"",""examples"":[{""configuration"":""first-last-frame · 480p · 8s · audio"",""price"":""$0.485"",""latencyMs"":104843,""exampleId"":""wheelchair-fencing-arena-background-swap""},{""configuration"":""first-frame · 720p · 5s"",""price"":""$0.653"",""latencyMs"":136593,""exampleId"":""alpaca-ranch-background-replacement""},{""configuration"":""text-to-video · 1470×630 · 6s · audio"",""price"":""$0.787"",""latencyMs"":94347,""exampleId"":""subsea-drone-background-replacement""},{""configuration"":""reference-to-video · 720p · 10s · audio"",""price"":""$1.29"",""latencyMs"":251797,""exampleId"":""counterfeit-currency-docuseries-titles""}]}",统一端点；账号地区准入待确认,Bearer API Key；账号权限未实测,提交前保存 UUID；仅 getResponse 查询,2026-09-22,https://runware.ai/docs/models/bytedance-seedance-2-0-fast,https://runware.ai/docs/models/bytedance-seedance-2-0-fast/schema.json,2a726ad600f0e9abcce09d4e697e9aa4cb6794aa79f389aede293bb06447b120
runware,Google,Gemma 4 31B,google:gemma@4-31b,live,,main / vision,尚未登记,适配链路已完成但真实调用未验证,真实账号权限、真实推理、账单与质量待确认；可选高级参数未全部开放；本轮不调用真实服务。,补齐型号专用调用、选择器与恢复。,textInference,"{""productVision"":3}",false,false,,{},"{""source"":""https://runware.ai/docs/models/google-gemma-4-31b"",""checkedAt"":""2026-09-22"",""currency"":""USD"",""amount"":null,""accountTariffConfirmed"":false,""quote"":{""examples"":[{""configuration"":""text-generation"",""price"":""$0.000567"",""latencyMs"":16040,""exampleId"":""maritime-museum-gallery-text-package""},{""configuration"":""reference-to-text"",""price"":""$0.000653"",""latencyMs"":17936,""exampleId"":""warehouse-near-miss-investigation-report""},{""configuration"":""reference-to-text"",""price"":""$0.000672"",""latencyMs"":30787,""exampleId"":""retail-display-compliance-audit""},{""configuration"":""text-generation"",""price"":""$0.0008"",""latencyMs"":22303,""exampleId"":""cold-storage-microgrid-investment-memo""}]}}",统一端点；账号地区准入待确认,Bearer API Key；账号权限未实测,提交前保存 UUID；仅 getResponse 查询,2026-09-22,https://runware.ai/docs/models/google-gemma-4-31b,https://runware.ai/docs/models/google-gemma-4-31b/schema.json,1bdf767d311b612e8ac872f2b44d6ae5f14fd56932a0bed9a94b2d022354fc92
runware,待确认,ACE-Step v1.5 XL Base,runware:ace-step@v1.5-xl-base,live,,范围外/待确认,尚未登记,尚未登记,"超出当前文本规划/图文理解/单张位图生成精修：audioInference（text-to-audio,checkpoint）。","超出当前文本规划/图文理解/单张位图生成精修：audioInference（text-to-audio,checkpoint）。",未接入,"{""productVision"":0}",false,false,,{},"{""examples"":[{""configuration"":""text-to-audio · 60s"",""price"":""$0.0039"",""latencyMs"":15867,""exampleId"":""forensic-mycology-podcast-opening-theme""},{""configuration"":""audio-extend"",""price"":""$0.0039"",""latencyMs"":18448,""exampleId"":""rare-book-fraud-podcast-intro""},{""configuration"":""audio-driven"",""price"":""$0.0057"",""latencyMs"":17286,""exampleId"":""seed-vault-alarm-training-narration""},{""configuration"":""audio-repaint"",""price"":""$0.00765"",""latencyMs"":22135,""exampleId"":""aquatic-veterinary-podcast-case-stinger""}]}",统一端点；账号地区准入待确认,Bearer API Key；账号权限未实测,提交前保存 UUID；仅 getResponse 查询,2026-09-22,https://runware.ai/docs/models/ace-step-v1-5-xl-base,https://runware.ai/docs/models/ace-step-v1-5-xl-base/schema.json,a5b258e31667da2da0653cba95e21b7c0284802a3af0de7ac0911424df26f76b
runware,待确认,ACE-Step v1.5 XL SFT,runware:ace-step@v1.5-xl-sft,live,,范围外/待确认,尚未登记,尚未登记,"超出当前文本规划/图文理解/单张位图生成精修：audioInference（text-to-audio,checkpoint）。","超出当前文本规划/图文理解/单张位图生成精修：audioInference（text-to-audio,checkpoint）。",未接入,"{""productVision"":0}",false,false,,{},"{""examples"":[{""configuration"":""text-to-audio · 60s"",""price"":""$0.0039"",""latencyMs"":13205,""exampleId"":""retro-tech-podcast-theme-song""},{""configuration"":""audio-repaint"",""price"":""$0.0096"",""latencyMs"":24229,""exampleId"":""maritime-claims-podcast-segment-bumper""},{""configuration"":""audio-extend"",""price"":""$0.0115"",""latencyMs"":30820,""exampleId"":""neutrino-observatory-ambient-extension""},{""configuration"":""audio-driven"",""price"":""$0.0144"",""latencyMs"":32299,""exampleId"":""flooded-archive-salvage-audio-lesson""}]}",统一端点；账号地区准入待确认,Bearer API Key；账号权限未实测,提交前保存 UUID；仅 getResponse 查询,2026-09-22,https://runware.ai/docs/models/ace-step-v1-5-xl-sft,https://runware.ai/docs/models/ace-step-v1-5-xl-sft/schema.json,a33ad1815b474de2976b3ac7393e6096e3646563610b3dff83ce9f2e0c6db63a
runware,待确认,ACE-Step v1.5 XL Turbo,runware:ace-step@v1.5-xl-turbo,live,,范围外/待确认,尚未登记,尚未登记,"超出当前文本规划/图文理解/单张位图生成精修：audioInference（text-to-audio,checkpoint）。","超出当前文本规划/图文理解/单张位图生成精修：audioInference（text-to-audio,checkpoint）。",未接入,"{""productVision"":0}",false,false,,{},"{""examples"":[{""configuration"":""text-to-audio · 60s"",""price"":""$0.0009"",""latencyMs"":12051,""exampleId"":""forensic-pollen-e-learning-song""},{""configuration"":""audio-extend"",""price"":""$0.00195"",""latencyMs"":20152,""exampleId"":""wastewater-energy-narration-spot""},{""configuration"":""audio-repaint"",""price"":""$0.0039"",""latencyMs"":21815,""exampleId"":""rare-books-podcast-intro-segment""},{""configuration"":""audio-driven"",""price"":""$0.0048"",""latencyMs"":21291,""exampleId"":""heritage-crop-seed-vault-voiceover""}]}",统一端点；账号地区准入待确认,Bearer API Key；账号权限未实测,提交前保存 UUID；仅 getResponse 查询,2026-09-22,https://runware.ai/docs/models/ace-step-v1-5-xl-turbo,https://runware.ai/docs/models/ace-step-v1-5-xl-turbo/schema.json,aa7ae552029d2cb95d8e0913eeac25a112a9388f389705a0d6e049bd795a3328
runware,Pruna AI,P-Image Upscale,prunaai:p-image@upscale,live,,范围外/待确认,尚未登记,尚未登记,"超出当前文本规划/图文理解/单张位图生成精修：upscale（image-to-image,upscale,checkpoint）。","超出当前文本规划/图文理解/单张位图生成精修：upscale（image-to-image,upscale,checkpoint）。",未接入,"{""productVision"":0}",false,false,,{},"{""overview"":""Pricing vary based on target resolution: 1–4 MP is $0.005 / image and 5–8 MP is $0.01 / image"",""examples"":[{""configuration"":""upscale"",""price"":""$0.02"",""latencyMs"":19384,""exampleId"":""lichen-green-microscope-colorway-master""},{""configuration"":""upscale"",""price"":""$0.02"",""latencyMs"":16256,""exampleId"":""falconry-hood-auction-catalog-image""},{""configuration"":""upscale"",""price"":""$0.02"",""latencyMs"":26488,""exampleId"":""historic-glasshouse-cleanup-master""},{""configuration"":""upscale"",""price"":""$0.02"",""latencyMs"":14431,""exampleId"":""deep-sea-exhibit-wall-panorama""}]}",统一端点；账号地区准入待确认,Bearer API Key；账号权限未实测,提交前保存 UUID；仅 getResponse 查询,2026-09-22,https://runware.ai/docs/models/prunaai-p-image-upscale,https://runware.ai/docs/models/prunaai-p-image-upscale/schema.json,b42e66a4ee5ac5feb155616297ab246f6f3abc7d455b31942f98989fea442b27
runware,Alibaba,Wan2.7 Image,alibaba:wan@2.7-image,live,,image,尚未登记,适配链路已完成但真实调用未验证,真实账号权限、真实推理、账单与质量待确认；可选高级参数未全部开放；本轮不调用真实服务。,补齐型号专用调用、选择器与恢复。,imageInference,"{""model"":9,""productAuxiliary"":8,""sourceCounts"":true}",false,false,,"{""generation"":{""mode"":""pixels"",""tiers"":{""1K"":{""targetPixels"":1048576},""1.5K"":{""targetPixels"":2359296},""2K"":{""targetPixels"":4194304}},""minSide"":768,""maxSide"":2048,""minPixels"":589824,""maxPixels"":4194304,""maxRatio"":16,""alignment"":16,""auto"":""square""},""editing"":{""mode"":""pixels"",""tiers"":{""1K"":{""targetPixels"":1048576},""1.5K"":{""targetPixels"":2359296},""2K"":{""targetPixels"":4194304}},""minSide"":768,""maxSide"":2048,""minPixels"":589824,""maxPixels"":4194304,""maxRatio"":16,""alignment"":16,""auto"":""square""}}","{""source"":""https://runware.ai/docs/models/alibaba-wan2-7-image"",""checkedAt"":""2026-09-22"",""currency"":""USD"",""amount"":null,""accountTariffConfirmed"":false,""quote"":{""examples"":[{""configuration"":""text-to-image · 1536×1024"",""price"":""$0.03"",""latencyMs"":5043,""exampleId"":""textile-water-recycling-campaign-visual""},{""configuration"":""sequential-images · 1080p"",""price"":""$0.03"",""latencyMs"":13865,""exampleId"":""coastal-weather-archive-restoration""},{""configuration"":""local-editing · 1280×1280"",""price"":""$0.03"",""latencyMs"":13283,""exampleId"":""volcanologist-risograph-profile-avatar""},{""configuration"":""reference-to-image · 1024×1536"",""price"":""$0.03"",""latencyMs"":17501,""exampleId"":""community-radio-pledge-drive-post""}]}}",统一端点；账号地区准入待确认,Bearer API Key；账号权限未实测,提交前保存 UUID；仅 getResponse 查询,2026-09-22,https://runware.ai/docs/models/alibaba-wan2-7-image,https://runware.ai/docs/models/alibaba-wan2-7-image/schema.json,ca4a96cfccae6e0651c237137724f0d9376efc1a56d345ed0532c15a3f4acb6f
runware,Alibaba,Wan2.7 Image Pro,alibaba:wan@2.7-image-pro,live,,image,尚未登记,适配链路已完成但真实调用未验证,真实账号权限、真实推理、账单与质量待确认；可选高级参数未全部开放；本轮不调用真实服务。,补齐型号专用调用、选择器与恢复。,imageInference,"{""model"":9,""productAuxiliary"":8,""sourceCounts"":true}",false,false,,"{""generation"":{""mode"":""pixels"",""tiers"":{""1K"":{""targetPixels"":1048576},""1.5K"":{""targetPixels"":2359296},""2K"":{""targetPixels"":4194304},""3K"":{""targetPixels"":9437184},""4K"":{""targetPixels"":16777216}},""minSide"":768,""maxSide"":4096,""minPixels"":589824,""maxPixels"":16777216,""maxRatio"":16,""alignment"":16,""auto"":""square""},""editing"":{""mode"":""pixels"",""tiers"":{""1K"":{""targetPixels"":1048576},""1.5K"":{""targetPixels"":2359296},""2K"":{""targetPixels"":4194304}},""minSide"":768,""maxSide"":2048,""minPixels"":589824,""maxPixels"":4194304,""maxRatio"":16,""alignment"":16,""auto"":""square""}}","{""source"":""https://runware.ai/docs/models/alibaba-wan2-7-image-pro"",""checkedAt"":""2026-09-22"",""currency"":""USD"",""amount"":null,""accountTariffConfirmed"":false,""quote"":{""examples"":[{""configuration"":""sequential-images · 1344×768"",""price"":""$0.075"",""latencyMs"":17061,""exampleId"":""saltworks-visitor-lighting-study-set""},{""configuration"":""reference-to-image · 1280×1024"",""price"":""$0.075"",""latencyMs"":16211,""exampleId"":""oyster-hatchery-meter-lifestyle-photograph""},{""configuration"":""text-to-image · 1536×1024"",""price"":""$0.075"",""latencyMs"":12210,""exampleId"":""rare-book-conservator-press-portrait""},{""configuration"":""local-editing · 1024×1024"",""price"":""$0.075"",""latencyMs"":15504,""exampleId"":""experimental-radio-festival-poster""}]}}",统一端点；账号地区准入待确认,Bearer API Key；账号权限未实测,提交前保存 UUID；仅 getResponse 查询,2026-09-22,https://runware.ai/docs/models/alibaba-wan2-7-image-pro,https://runware.ai/docs/models/alibaba-wan2-7-image-pro/schema.json,1d4526756a09a4bbe80fb0ae271503fe28a65cc7e77ccef52ff1c28921cbbf0b
runware,Ideogram,Ideogram Layerize Text,ideogram:layerize-text@0,live,,范围外/待确认,尚未登记,尚未登记,文字图层分解工具；需要保留多层结果，不是通用指令精修。,文字图层分解工具；需要保留多层结果，不是通用指令精修。,未接入,"{""productVision"":0}",false,false,,{},"{""examples"":[{""configuration"":""text-layer-extraction"",""price"":""$0.09"",""latencyMs"":25664,""exampleId"":""barn-owl-release-event-poster""},{""configuration"":""text-layer-extraction"",""price"":""$0.09"",""latencyMs"":43452,""exampleId"":""roller-derby-archive-photo-restoration""},{""configuration"":""text-layer-extraction"",""price"":""$0.09"",""latencyMs"":27511,""exampleId"":""apiary-jacket-try-on-campaign""},{""configuration"":""text-layer-extraction"",""price"":""$0.09"",""latencyMs"":35639,""exampleId"":""arctic-negative-restoration-exhibit""}]}",统一端点；账号地区准入待确认,Bearer API Key；账号权限未实测,提交前保存 UUID；仅 getResponse 查询,2026-09-22,https://runware.ai/docs/models/ideogram-layerize-text,https://runware.ai/docs/models/ideogram-layerize-text/schema.json,c884493c1f8a6241c2a2d223a6cdc58347fb9ccd912041bc5d95347bb4bf6f51
runware,Google,Veo 3.1 Lite,google:veo@3.1-lite,live,,范围外/待确认,尚未登记,尚未登记,"超出当前文本规划/图文理解/单张位图生成精修：videoInference（text-to-video,image-to-video,checkpoint,audio）。","超出当前文本规划/图文理解/单张位图生成精修：videoInference（text-to-video,image-to-video,checkpoint,audio）。",未接入,"{""productVision"":0}",false,false,,{},"{""examples"":[{""configuration"":""first-last-frame · 720p · 4s"",""price"":""$0.20"",""latencyMs"":47088,""exampleId"":""embroidered-folk-lyric-video""},{""configuration"":""text-to-video · 1080p · 6s"",""price"":""$0.48"",""latencyMs"":75460,""exampleId"":""adaptive-cutlery-social-video-ad""},{""configuration"":""text-to-video · 1080p · 6s"",""price"":""$0.48"",""latencyMs"":75832,""exampleId"":""rare-manuscript-digitization-b-roll-clip""},{""configuration"":""first-frame · 1080p · 8s"",""price"":""$0.64"",""latencyMs"":106646,""exampleId"":""couture-hearing-jewelry-reel""}]}",统一端点；账号地区准入待确认,Bearer API Key；账号权限未实测,提交前保存 UUID；仅 getResponse 查询,2026-09-22,https://runware.ai/docs/models/google-veo-3-1-lite,https://runware.ai/docs/models/google-veo-3-1-lite/schema.json,17296dc879b2f8e67eca79589f05dd8d66f3cdce42ddc927eef79e5bf6d6d15b
runware,PixVerse,PixVerse V6,pixverse:1@8,live,,范围外/待确认,尚未登记,尚未登记,"超出当前文本规划/图文理解/单张位图生成精修：videoInference（text-to-video,image-to-video,edit,checkpoint,audio）。","超出当前文本规划/图文理解/单张位图生成精修：videoInference（text-to-video,image-to-video,edit,checkpoint,audio）。",未接入,"{""productVision"":0}",false,false,,{},"{""examples"":[{""configuration"":""text-to-video · 720p · 5s"",""price"":""$0.225"",""latencyMs"":38041,""exampleId"":""harbor-pilot-motion-headshot""},{""configuration"":""video-edit · 720p"",""price"":""$0.225"",""latencyMs"":77773,""exampleId"":""cabaret-emcee-motion-portrait-retouch""},{""configuration"":""first-last-frame · 540p · 8s"",""price"":""$0.28"",""latencyMs"":58678,""exampleId"":""luthiery-exhibition-engraving-teaser""},{""configuration"":""first-frame · 720p · 6s · audio"",""price"":""$0.36"",""latencyMs"":49793,""exampleId"":""museum-entomology-set-extension""},{""configuration"":""multi-shot · 720p · 10s"",""price"":""$0.45"",""latencyMs"":89106,""exampleId"":""period-kitchen-background-replacement""}]}",统一端点；账号地区准入待确认,Bearer API Key；账号权限未实测,提交前保存 UUID；仅 getResponse 查询,2026-09-22,https://runware.ai/docs/models/pixverse-v6,https://runware.ai/docs/models/pixverse-v6/schema.json,cf165d9836137ade7cc87af512c9a6a2b70e096dc6f41eddce391b7fa4c668cf
runware,Exactly AI,Exactly Bright Pulse,exactly:photo@bright-pulse,live,,范围外/待确认,尚未登记,尚未登记,固定摄影滤镜，无提示词字段；不能兑现科研修改指令。,固定摄影滤镜，无提示词字段；不能兑现科研修改指令。,未接入,"{""productVision"":0}",false,false,,{},"{""overview"":""Inference photography styles at $0.195 in 1K or 2K and $0.338 in 4K"",""examples"":[{""configuration"":""reference-to-image"",""price"":""$0.195"",""latencyMs"":138093,""exampleId"":""pipe-organ-editorial-restyle""},{""configuration"":""reference-to-image"",""price"":""$0.195"",""latencyMs"":117498,""exampleId"":""satellite-assembly-campaign-hero""},{""configuration"":""reference-to-image"",""price"":""$0.195"",""latencyMs"":177848,""exampleId"":""geothermal-annual-report-portrait-restyle""},{""configuration"":""reference-to-image"",""price"":""$0.195"",""latencyMs"":133468,""exampleId"":""airport-falconry-crew-group-portrait""}]}",统一端点；账号地区准入待确认,Bearer API Key；账号权限未实测,提交前保存 UUID；仅 getResponse 查询,2026-09-22,https://runware.ai/docs/models/exactly-photo-bright-pulse,https://runware.ai/docs/models/exactly-photo-bright-pulse/schema.json,37f769c1e42e912148338aa63c60fa5881ef44a2d2afeb7255284aaf02d3c137
runware,Exactly AI,Exactly Distant Reality,exactly:photo@distant-reality,live,,范围外/待确认,尚未登记,尚未登记,固定摄影滤镜，无提示词字段；不能兑现科研修改指令。,固定摄影滤镜，无提示词字段；不能兑现科研修改指令。,未接入,"{""productVision"":0}",false,false,,{},"{""overview"":""Inference photography styles at $0.195 in 1K or 2K and $0.338 in 4K"",""examples"":[{""configuration"":""reference-to-image"",""price"":""$0.195"",""latencyMs"":126204,""exampleId"":""maritime-museum-campaign-hero""},{""configuration"":""reference-to-image"",""price"":""$0.195"",""latencyMs"":106374,""exampleId"":""kintsugi-conservator-fellowship-headshot""},{""configuration"":""reference-to-image"",""price"":""$0.195"",""latencyMs"":203173,""exampleId"":""planetarium-anniversary-campaign-artwork""},{""configuration"":""reference-to-image"",""price"":""$0.195"",""latencyMs"":123910,""exampleId"":""air-ambulance-pilot-speaker-headshot""}]}",统一端点；账号地区准入待确认,Bearer API Key；账号权限未实测,提交前保存 UUID；仅 getResponse 查询,2026-09-22,https://runware.ai/docs/models/exactly-photo-distant-reality,https://runware.ai/docs/models/exactly-photo-distant-reality/schema.json,da41604c90434a63fa5e1a44f3293393409fd592b685a94c40cd0463a184cfc6
runware,Exactly AI,Exactly Extreme Contrast,exactly:photo@extreme-contrast,live,,范围外/待确认,尚未登记,尚未登记,固定摄影滤镜，无提示词字段；不能兑现科研修改指令。,固定摄影滤镜，无提示词字段；不能兑现科研修改指令。,未接入,"{""productVision"":0}",false,false,,{},"{""overview"":""Inference photography styles at $0.195 in 1K or 2K and $0.338 in 4K"",""examples"":[{""configuration"":""reference-to-image"",""price"":""$0.195"",""latencyMs"":134615,""exampleId"":""master-perfumer-conference-speaker-headshot""},{""configuration"":""reference-to-image"",""price"":""$0.195"",""latencyMs"":175311,""exampleId"":""film-archivist-press-kit-headshot""},{""configuration"":""reference-to-image"",""price"":""$0.195"",""latencyMs"":128152,""exampleId"":""apiary-smoker-field-product-hero""},{""configuration"":""reference-to-image"",""price"":""$0.195"",""latencyMs"":124540,""exampleId"":""museum-conservation-team-composite-portrait""}]}",统一端点；账号地区准入待确认,Bearer API Key；账号权限未实测,提交前保存 UUID；仅 getResponse 查询,2026-09-22,https://runware.ai/docs/models/exactly-photo-extreme-contrast,https://runware.ai/docs/models/exactly-photo-extreme-contrast/schema.json,d19c7ff3c83737352fa13af8153b41fbde90f19ebea419468b304c97d6bd66ac
runware,Exactly AI,Exactly Grain Film Look,exactly:photo@grain-film-look,live,,范围外/待确认,尚未登记,尚未登记,固定摄影滤镜，无提示词字段；不能兑现科研修改指令。,固定摄影滤镜，无提示词字段；不能兑现科研修改指令。,未接入,"{""productVision"":0}",false,false,,{},"{""overview"":""Inference photography styles at $0.195 in 1K or 2K and $0.338 in 4K"",""examples"":[{""configuration"":""reference-to-image"",""price"":""$0.195"",""latencyMs"":119758,""exampleId"":""racing-wheelchair-trackside-background-replacement""},{""configuration"":""reference-to-image"",""price"":""$0.195"",""latencyMs"":109705,""exampleId"":""geothermal-field-report-opener""},{""configuration"":""reference-to-image"",""price"":""$0.195"",""latencyMs"":197666,""exampleId"":""rare-book-conservator-headshot""},{""configuration"":""reference-to-image"",""price"":""$0.195"",""latencyMs"":143507,""exampleId"":""night-bus-dispatcher-editorial-headshot""}]}",统一端点；账号地区准入待确认,Bearer API Key；账号权限未实测,提交前保存 UUID；仅 getResponse 查询,2026-09-22,https://runware.ai/docs/models/exactly-photo-grain-film-look,https://runware.ai/docs/models/exactly-photo-grain-film-look/schema.json,c9cb00542bb127d93d795a5cc0bd75b8393d1bd2f3dbbfa817e5f9cebb8b23c8
runware,Exactly AI,Exactly Journey,exactly:photo@journey,live,,范围外/待确认,尚未登记,尚未登记,固定摄影滤镜，无提示词字段；不能兑现科研修改指令。,固定摄影滤镜，无提示词字段；不能兑现科研修改指令。,未接入,"{""productVision"":0}",false,false,,{},"{""overview"":""Inference photography styles at $0.195 in 1K or 2K and $0.338 in 4K"",""examples"":[{""configuration"":""reference-to-image"",""price"":""$0.195"",""latencyMs"":175061,""exampleId"":""1930s-river-mailboat-photo-restoration""},{""configuration"":""reference-to-image"",""price"":""$0.195"",""latencyMs"":136674,""exampleId"":""atacama-observatory-sales-composite""},{""configuration"":""reference-to-image"",""price"":""$0.195"",""latencyMs"":123969,""exampleId"":""peregrine-release-campaign-hero""},{""configuration"":""reference-to-image"",""price"":""$0.195"",""latencyMs"":212639,""exampleId"":""volcanologist-expedition-report-hero""}]}",统一端点；账号地区准入待确认,Bearer API Key；账号权限未实测,提交前保存 UUID；仅 getResponse 查询,2026-09-22,https://runware.ai/docs/models/exactly-photo-journey,https://runware.ai/docs/models/exactly-photo-journey/schema.json,fd44d424788334f0f63439e8d9fbec06b953fe72158403b74dd70f1733df8a16
runware,Exactly AI,Exactly Warm Light,exactly:photo@warm-light,live,,范围外/待确认,尚未登记,尚未登记,固定摄影滤镜，无提示词字段；不能兑现科研修改指令。,固定摄影滤镜，无提示词字段；不能兑现科研修改指令。,未接入,"{""productVision"":0}",false,false,,{},"{""overview"":""Inference photography styles at $0.195 in 1K or 2K and $0.338 in 4K"",""examples"":[{""configuration"":""relight"",""price"":""$0.195"",""latencyMs"":83305,""exampleId"":""former-quarry-solar-farm-relight""},{""configuration"":""relight"",""price"":""$0.195"",""latencyMs"":97877,""exampleId"":""maritime-museum-campaign-portrait""},{""configuration"":""relight"",""price"":""$0.195"",""latencyMs"":92849,""exampleId"":""lavender-field-microscope-colorway""},{""configuration"":""relight"",""price"":""$0.195"",""latencyMs"":171041,""exampleId"":""geothermal-fieldwork-magazine-opener""}]}",统一端点；账号地区准入待确认,Bearer API Key；账号权限未实测,提交前保存 UUID；仅 getResponse 查询,2026-09-22,https://runware.ai/docs/models/exactly-photo-warm-light,https://runware.ai/docs/models/exactly-photo-warm-light/schema.json,c10b0ca05cad9e228260868782e60f4cec819004434cb519c6f9172f61bc0753
runware,Topaz Labs,Topaz Labs Starlight Precise 2.5,topazlabs:starlight-precise@2.5,live,,范围外/待确认,尚未登记,尚未登记,"超出当前文本规划/图文理解/单张位图生成精修：upscale（video-to-video,upscale,checkpoint）。","超出当前文本规划/图文理解/单张位图生成精修：upscale（video-to-video,upscale,checkpoint）。",未接入,"{""productVision"":0}",false,false,,{},"{""overview"":""1K upscaling - 24 frames/second costs $0.080 per second\n4K upscaling - 24 frames/second costs $0.175 per second\n"",""examples"":[{""configuration"":""upscale"",""price"":""$0.485"",""latencyMs"":170097,""exampleId"":""maritime-artifact-conservation-b-roll""},{""configuration"":""upscale"",""price"":""$0.485"",""latencyMs"":252968,""exampleId"":""artisan-knife-sharpening-social-reel""},{""configuration"":""upscale"",""price"":""$0.485"",""latencyMs"":599808,""exampleId"":""handmade-paper-music-video-segment""},{""configuration"":""upscale"",""price"":""$0.485"",""latencyMs"":188770,""exampleId"":""honey-refractometer-product-demo""}]}",统一端点；账号地区准入待确认,Bearer API Key；账号权限未实测,提交前保存 UUID；仅 getResponse 查询,2026-09-22,https://runware.ai/docs/models/topazlabs-starlight-precise-2-5,https://runware.ai/docs/models/topazlabs-starlight-precise-2-5/schema.json,eeac43eced11a28e0f264c0bb4ec5b66a4ee6b41df6e72097dabb016ea5dbb62
runware,Black Forest Labs,FLUX.2 [klein] 9B KV,runware:400@6,live,,image,尚未登记,适配链路已完成但真实调用未验证,真实账号权限、真实推理、账单与质量待确认；可选高级参数未全部开放；本轮不调用真实服务。,补齐型号专用调用、选择器与恢复。,imageInference,"{""model"":4,""productAuxiliary"":8,""sourceCounts"":true}",false,false,,"{""generation"":{""mode"":""pixels"",""tiers"":{""512"":{""targetPixels"":262144},""1K"":{""targetPixels"":1048576},""1.5K"":{""targetPixels"":2359296},""2K"":{""targetPixels"":4194304}},""minSide"":128,""maxSide"":2048,""minPixels"":16384,""maxPixels"":4194304,""maxRatio"":16,""alignment"":16,""auto"":""square""},""editing"":{""mode"":""pixels"",""tiers"":{""512"":{""targetPixels"":262144},""1K"":{""targetPixels"":1048576},""1.5K"":{""targetPixels"":2359296},""2K"":{""targetPixels"":4194304}},""minSide"":128,""maxSide"":2048,""minPixels"":16384,""maxPixels"":4194304,""maxRatio"":16,""alignment"":16,""auto"":""square""}}","{""source"":""https://runware.ai/docs/models/bfl-flux-2-klein-9b-kv"",""checkedAt"":""2026-09-22"",""currency"":""USD"",""amount"":null,""accountTariffConfirmed"":false,""quote"":{""overview"":""From $0.00078/ image"",""examples"":[{""configuration"":""text-to-image · 1024×1024"",""price"":""$0.00169"",""latencyMs"":2064,""exampleId"":""flower-market-thriller-series-poster""},{""configuration"":""text-to-image · 1024×1024"",""price"":""$0.00169"",""latencyMs"":1860,""exampleId"":""converted-bank-loft-interior""},{""configuration"":""reference-to-image · 1280×768"",""price"":""$0.00247"",""latencyMs"":4432,""exampleId"":""battery-recycling-scientist-editorial-portrait""},{""configuration"":""reference-to-image · 1280×768"",""price"":""$0.00247"",""latencyMs"":3997,""exampleId"":""childrens-mudskipper-science-spread""}]}}",统一端点；账号地区准入待确认,Bearer API Key；账号权限未实测,提交前保存 UUID；仅 getResponse 查询,2026-09-22,https://runware.ai/docs/models/bfl-flux-2-klein-9b-kv,https://runware.ai/docs/models/bfl-flux-2-klein-9b-kv/schema.json,7505169e145bda9cc6b16cd6548237c15298e90a171edc21aa13fbba9953149f
runware,MiniMax,MiniMax M2.7,minimax:m2.7@0,live,,main,尚未登记,适配链路已完成但真实调用未验证,真实账号权限、真实推理、账单与质量待确认；可选高级参数未全部开放；本轮不调用真实服务。,补齐型号专用调用、选择器与恢复。,textInference,"{""productVision"":0}",false,false,,{},"{""source"":""https://runware.ai/docs/models/minimax-m2-7"",""checkedAt"":""2026-09-22"",""currency"":""USD"",""amount"":null,""accountTariffConfirmed"":false,""quote"":{""examples"":[{""configuration"":""tool-calling"",""price"":""$0.000151"",""latencyMs"":1989,""exampleId"":""production-service-status-tool-call""},{""configuration"":""tool-calling"",""price"":""$0.000242"",""latencyMs"":2852,""exampleId"":""digital-pathology-status-triage""},{""configuration"":""text-generation"",""price"":""$0.00389"",""latencyMs"":33134,""exampleId"":""historic-theater-grant-application-narrative""},{""configuration"":""text-generation"",""price"":""$0.00473"",""latencyMs"":58260,""exampleId"":""food-recall-decision-memorandum""}]}}",统一端点；账号地区准入待确认,Bearer API Key；账号权限未实测,提交前保存 UUID；仅 getResponse 查询,2026-09-22,https://runware.ai/docs/models/minimax-m2-7,https://runware.ai/docs/models/minimax-m2-7/schema.json,5dfb8f6c76cc231d901f26832d7f8960f06758fb892035bef043ff8b84171eb3
runware,MiniMax,MiniMax M2.7 Highspeed,minimax:m2.7@highspeed,live,,main,尚未登记,适配链路已完成但真实调用未验证,真实账号权限、真实推理、账单与质量待确认；可选高级参数未全部开放；本轮不调用真实服务。,补齐型号专用调用、选择器与恢复。,textInference,"{""productVision"":0}",false,false,,{},"{""source"":""https://runware.ai/docs/models/minimax-m2-7-highspeed"",""checkedAt"":""2026-09-22"",""currency"":""USD"",""amount"":null,""accountTariffConfirmed"":false,""quote"":{""examples"":[{""configuration"":""tool-calling"",""price"":""$0.000358"",""latencyMs"":2102,""exampleId"":""concert-ticketing-status-gate""},{""configuration"":""tool-calling"",""price"":""$0.000376"",""latencyMs"":2093,""exampleId"":""saas-incident-status-reply""},{""configuration"":""text-generation"",""price"":""$0.00926"",""latencyMs"":82219,""exampleId"":""museum-exhibition-audio-guide-script""},{""configuration"":""text-generation"",""price"":""$0.0228"",""latencyMs"":222439,""exampleId"":""checkout-accessibility-remediation-backlog""}]}}",统一端点；账号地区准入待确认,Bearer API Key；账号权限未实测,提交前保存 UUID；仅 getResponse 查询,2026-09-22,https://runware.ai/docs/models/minimax-m2-7-highspeed,https://runware.ai/docs/models/minimax-m2-7-highspeed/schema.json,fddf1e4cf196a45788df1ccc0a68509371909b580a8e7e1914a793140b3d4b10
runware,OpenAI,GPT-5.4 Mini,openai:gpt@5.4-mini,live,,main / vision,尚未登记,适配链路已完成但真实调用未验证,真实账号权限、真实推理、账单与质量待确认；可选高级参数未全部开放；本轮不调用真实服务。,补齐型号专用调用、选择器与恢复。,textInference,"{""productVision"":3}",false,false,,{},"{""source"":""https://runware.ai/docs/models/openai-gpt-5-4-mini"",""checkedAt"":""2026-09-22"",""currency"":""USD"",""amount"":null,""accountTariffConfirmed"":false,""quote"":{""examples"":[{""configuration"":""tool-calling"",""price"":""$0.000224"",""latencyMs"":1183,""exampleId"":""production-deployment-timing-brief""},{""configuration"":""search-grounded"",""price"":""$0.0103"",""latencyMs"":7692,""exampleId"":""eu-ai-act-compliance-update""},{""configuration"":""code-interpreter"",""price"":""$0.0128"",""latencyMs"":15791,""exampleId"":""neighborhood-bistro-menu-profitability-analysis""},{""configuration"":""text-generation"",""price"":""$0.0273"",""latencyMs"":46310,""exampleId"":""subscription-billing-migration-decision-memo""},{""configuration"":""reference-to-text"",""price"":""$0.0308"",""latencyMs"":60325,""exampleId"":""roof-damage-triage-report""}]}}",统一端点；账号地区准入待确认,Bearer API Key；账号权限未实测,提交前保存 UUID；仅 getResponse 查询,2026-09-22,https://runware.ai/docs/models/openai-gpt-5-4-mini,https://runware.ai/docs/models/openai-gpt-5-4-mini/schema.json,95417954b45b6c877a541ae166908faeed580344a32b8f510d3aaba9dbab964a
runware,OpenAI,GPT-5.4 Nano,openai:gpt@5.4-nano,live,,main / vision,尚未登记,适配链路已完成但真实调用未验证,真实账号权限、真实推理、账单与质量待确认；可选高级参数未全部开放；本轮不调用真实服务。,补齐型号专用调用、选择器与恢复。,textInference,"{""productVision"":3}",false,false,,{},"{""source"":""https://runware.ai/docs/models/openai-gpt-5-4-nano"",""checkedAt"":""2026-09-22"",""currency"":""USD"",""amount"":null,""accountTariffConfirmed"":false,""quote"":{""examples"":[{""configuration"":""tool-calling"",""price"":""$0.000056"",""latencyMs"":1182,""exampleId"":""pharmacovigilance-sla-time-check""},{""configuration"":""reference-to-text"",""price"":""$0.00103"",""latencyMs"":7569,""exampleId"":""secondhand-jacket-listing-record""},{""configuration"":""reference-to-text"",""price"":""$0.00143"",""latencyMs"":7573,""exampleId"":""apartment-move-out-damage-report""},{""configuration"":""text-generation"",""price"":""$0.00234"",""latencyMs"":12671,""exampleId"":""enterprise-renewal-risk-memo""}]}}",统一端点；账号地区准入待确认,Bearer API Key；账号权限未实测,提交前保存 UUID；仅 getResponse 查询,2026-09-22,https://runware.ai/docs/models/openai-gpt-5-4-nano,https://runware.ai/docs/models/openai-gpt-5-4-nano/schema.json,df5152726e7be1dfa9039f9b7018439c542cf0c11473634be95813759dd46d0d
runware,xAI,xAI Text-to-Speech,xai:tts@0,live,,范围外/待确认,尚未登记,尚未登记,"超出当前文本规划/图文理解/单张位图生成精修：audioInference（text-to-audio,checkpoint）。","超出当前文本规划/图文理解/单张位图生成精修：audioInference（text-to-audio,checkpoint）。",未接入,"{""productVision"":0}",false,false,,{},"{""overview"":""$0.015 per 1000 characters"",""examples"":[{""configuration"":""text-to-audio"",""price"":""$0.00583"",""latencyMs"":5180,""exampleId"":""antarctic-research-station-pa-announcement""},{""configuration"":""text-to-audio"",""price"":""$0.00612"",""latencyMs"":5168,""exampleId"":""forensic-arboriculture-podcast-intro""},{""configuration"":""text-to-audio"",""price"":""$0.00612"",""latencyMs"":5081,""exampleId"":""grid-resilience-podcast-cold-open""},{""configuration"":""text-to-audio"",""price"":""$0.00791"",""latencyMs"":5862,""exampleId"":""restaurant-oyster-shell-recycling-explainer""}]}",统一端点；账号地区准入待确认,Bearer API Key；账号权限未实测,提交前保存 UUID；仅 getResponse 查询,2026-09-22,https://runware.ai/docs/models/xai-tts,https://runware.ai/docs/models/xai-tts/schema.json,f26ada3907bf51634d1584f4e9c42ce8ea97c85d2397d351ca288dda29e225d9
runware,OpenAI,GPT-5.4,openai:gpt@5.4,live,,main / vision,尚未登记,适配链路已完成但真实调用未验证,真实账号权限、真实推理、账单与质量待确认；可选高级参数未全部开放；本轮不调用真实服务。,补齐型号专用调用、选择器与恢复。,textInference,"{""productVision"":3}",false,false,,{},"{""source"":""https://runware.ai/docs/models/openai-gpt-5-4"",""checkedAt"":""2026-09-22"",""currency"":""USD"",""amount"":null,""accountTariffConfirmed"":false,""quote"":{""examples"":[{""configuration"":""tool-calling"",""price"":""$0.000543"",""latencyMs"":1183,""exampleId"":""production-deployment-utc-attestation""},{""configuration"":""reference-to-text"",""price"":""$0.0278"",""latencyMs"":23427,""exampleId"":""residential-solar-compliance-memo""},{""configuration"":""text-generation"",""price"":""$0.286"",""latencyMs"":153551,""exampleId"":""credit-union-annual-report-copy""},{""configuration"":""text-generation"",""price"":""$0.392"",""latencyMs"":263687,""exampleId"":""hospital-ransomware-tabletop-exercise-package""}]}}",统一端点；账号地区准入待确认,Bearer API Key；账号权限未实测,提交前保存 UUID；仅 getResponse 查询,2026-09-22,https://runware.ai/docs/models/openai-gpt-5-4,https://runware.ai/docs/models/openai-gpt-5-4/schema.json,d42124b1bd8d81ce6bb4d47b0f133eddc2540d8a19aa5652e2a8d6003d85d320
runware,OpenAI,GPT-5.4 Pro,openai:gpt@5.4-pro,live,,main / vision,尚未登记,适配链路已完成但真实调用未验证,真实账号权限、真实推理、账单与质量待确认；可选高级参数未全部开放；本轮不调用真实服务。,补齐型号专用调用、选择器与恢复。,textInference,"{""productVision"":3}",false,false,,{},"{""source"":""https://runware.ai/docs/models/openai-gpt-5-4-pro"",""checkedAt"":""2026-09-22"",""currency"":""USD"",""amount"":null,""accountTariffConfirmed"":false,""quote"":{""examples"":[{""configuration"":""tool-calling"",""price"":""$0.0341"",""latencyMs"":20212,""exampleId"":""incident-timestamp-tool-invocation""},{""configuration"":""search-grounded"",""price"":""$4.82"",""latencyMs"":375550,""exampleId"":""fomc-refinancing-impact-brief""},{""configuration"":""reference-to-text"",""price"":""$7.57"",""latencyMs"":530768,""exampleId"":""retail-shelf-compliance-audit""},{""configuration"":""text-generation"",""price"":""$8.37"",""latencyMs"":935254,""exampleId"":""rural-maternity-service-decision-memo""}]}}",统一端点；账号地区准入待确认,Bearer API Key；账号权限未实测,提交前保存 UUID；仅 getResponse 查询,2026-09-22,https://runware.ai/docs/models/openai-gpt-5-4-pro,https://runware.ai/docs/models/openai-gpt-5-4-pro/schema.json,f065175180e56dd0f4c370e1199b2d1e61bdfd4cb66039bc57c04a309756d21c
runware,Lightricks,LTX-2.3,lightricks:ltx@2.3,live,,范围外/待确认,尚未登记,尚未登记,"超出当前文本规划/图文理解/单张位图生成精修：videoInference（text-to-video,image-to-video,audio-to-video,checkpoint,audio）。","超出当前文本规划/图文理解/单张位图生成精修：videoInference（text-to-video,image-to-video,audio-to-video,checkpoint,audio）。",未接入,"{""productVision"":0}",false,false,,{},"{""examples"":[{""configuration"":""first-frame · 720p · 5s"",""price"":""$0.20"",""latencyMs"":40628,""exampleId"":""salt-pan-percussion-music-video""},{""configuration"":""first-last-frame · 720p · 7s"",""price"":""$0.28"",""latencyMs"":45785,""exampleId"":""bacterial-cellulose-lab-b-roll""},{""configuration"":""audio-driven · 1024×1024 · 8s"",""price"":""$0.64"",""latencyMs"":54174,""exampleId"":""hands-free-jar-opener-demo""},{""configuration"":""multiple-keyframes · 1344×768 · 10s"",""price"":""$0.80"",""latencyMs"":68706,""exampleId"":""mushroom-farm-post-punk-music-video""},{""configuration"":""text-to-video · 1080p · 6s"",""price"":""$0.96"",""latencyMs"":71105,""exampleId"":""clockwork-chamber-pop-music-video""}]}",统一端点；账号地区准入待确认,Bearer API Key；账号权限未实测,提交前保存 UUID；仅 getResponse 查询,2026-09-22,https://runware.ai/docs/models/lightricks-ltx-2-3,https://runware.ai/docs/models/lightricks-ltx-2-3/schema.json,0543889cd6002d4429792cc2572f500908ec8a8155be72a61cc6350462e4fe82
runware,Lightricks,LTX-2.3 Fast,lightricks:ltx@2.3-fast,live,,范围外/待确认,尚未登记,尚未登记,"超出当前文本规划/图文理解/单张位图生成精修：videoInference（text-to-video,image-to-video,audio-to-video,checkpoint,audio）。","超出当前文本规划/图文理解/单张位图生成精修：videoInference（text-to-video,image-to-video,audio-to-video,checkpoint,audio）。",未接入,"{""productVision"":0}",false,false,,{},"{""examples"":[{""configuration"":""first-last-frame · 1280×768 · 8s"",""price"":""$0.48"",""latencyMs"":33288,""exampleId"":""couture-beekeeping-suit-showcase""},{""configuration"":""multiple-keyframes · 1536×896 · 10s"",""price"":""$0.60"",""latencyMs"":46423,""exampleId"":""rare-book-rescue-presenter-clip""},{""configuration"":""text-to-video · 1080p · 5s"",""price"":""$0.60"",""latencyMs"":52268,""exampleId"":""seaweed-biotech-logo-ident""},{""configuration"":""audio-driven · 1024×1024 · 12s"",""price"":""$0.72"",""latencyMs"":43178,""exampleId"":""oyster-hatchery-biosecurity-presenter-clip""},{""configuration"":""first-frame · 1080p · 6s"",""price"":""$0.72"",""latencyMs"":53450,""exampleId"":""wildfire-atlas-logo-motion-loop""}]}",统一端点；账号地区准入待确认,Bearer API Key；账号权限未实测,提交前保存 UUID；仅 getResponse 查询,2026-09-22,https://runware.ai/docs/models/lightricks-ltx-2-3-fast,https://runware.ai/docs/models/lightricks-ltx-2-3-fast/schema.json,37858bc6662fb0e9c61cd2d861d6798cbc5fd8dd4a7d9ed1731c4436f819909d
runware,Google,Gemini 3.1 Flash Lite,google:gemini@3.1-flash-lite,live,,main / vision,适配链路已完成但真实调用未验证,适配链路已完成但真实调用未验证,真实账号权限、真实推理、账单与质量待确认；可选高级参数未全部开放；本轮不调用真实服务。,补齐型号专用调用、选择器与恢复。,textInference,"{""productVision"":3}",false,false,,{},"{""source"":""https://runware.ai/docs/models/google-gemini-3-1-flash-lite"",""checkedAt"":""2026-09-22"",""currency"":""USD"",""amount"":null,""accountTariffConfirmed"":false,""quote"":{""examples"":[{""configuration"":""tool-calling"",""price"":""$0.000053"",""latencyMs"":1192,""exampleId"":""museum-exhibition-readiness-check""},{""configuration"":""text-generation"",""price"":""$0.000652"",""latencyMs"":2323,""exampleId"":""cold-chain-incident-briefing""},{""configuration"":""audio-driven"",""price"":""$0.00177"",""latencyMs"":6726,""exampleId"":""wholesale-buyer-voicemail-action-brief""},{""configuration"":""structured-output"",""price"":""$0.00181"",""latencyMs"":3383,""exampleId"":""retail-lease-abstract-json-record""},{""configuration"":""reference-to-text"",""price"":""$0.00183"",""latencyMs"":11242,""exampleId"":""hotel-suite-conformance-report""}]}}",统一端点；账号地区准入待确认,Bearer API Key；账号权限未实测,提交前保存 UUID；仅 getResponse 查询,2026-09-22,https://runware.ai/docs/models/google-gemini-3-1-flash-lite,https://runware.ai/docs/models/google-gemini-3-1-flash-lite/schema.json,a4597a6170e9d7790870f93f022d8494114a3e23195514c853fe55c4ce872a2c
runware,Google,Nano Banana 2,google:4@3,live,,image,尚未登记,适配链路已完成但真实调用未验证,真实账号权限、真实推理、账单与质量待确认；可选高级参数未全部开放；本轮不调用真实服务。,补齐型号专用调用、选择器与恢复。,imageInference,"{""model"":14,""productAuxiliary"":8,""sourceCounts"":true}",false,false,,"{""generation"":{""mode"":""table"",""tiers"":{""512"":{""sizes"":{""1:1"":""512x512"",""3:2"":""632x424"",""2:3"":""424x632"",""4:3"":""600x448"",""3:4"":""448x600"",""4:5"":""464x576"",""5:4"":""576x464"",""9:16"":""384x688"",""16:9"":""688x384"",""21:9"":""792x168"",""4:1"":""1024x256"",""1:4"":""256x1024"",""8:1"":""1536x192"",""1:8"":""192x1536""}},""1K"":{""sizes"":{""1:1"":""1024x1024"",""3:2"":""1264x848"",""2:3"":""848x1264"",""4:3"":""1200x896"",""3:4"":""896x1200"",""4:5"":""928x1152"",""5:4"":""1152x928"",""9:16"":""768x1376"",""16:9"":""1376x768"",""21:9"":""1584x672"",""4:1"":""2048x512"",""1:4"":""512x2048"",""8:1"":""3072x384"",""1:8"":""384x3072""}},""2K"":{""sizes"":{""1:1"":""2048x2048"",""3:2"":""2528x1696"",""2:3"":""1696x2528"",""4:3"":""2400x1792"",""3:4"":""1792x2400"",""4:5"":""1856x2304"",""5:4"":""2304x1856"",""9:16"":""1536x2752"",""16:9"":""2752x1536"",""21:9"":""3168x1344"",""4:1"":""4096x1024"",""1:4"":""1024x4096"",""8:1"":""6144x768"",""1:8"":""768x6144""}},""4K"":{""sizes"":{""1:1"":""4096x4096"",""3:2"":""5056x3392"",""2:3"":""3392x5056"",""4:3"":""4800x3584"",""3:4"":""3584x4800"",""4:5"":""3712x4608"",""5:4"":""4608x3712"",""9:16"":""3072x5504"",""16:9"":""5504x3072"",""21:9"":""6336x2688"",""4:1"":""8192x2048"",""1:4"":""2048x8192"",""8:1"":""12288x1536"",""1:8"":""1536x12288""}}},""auto"":""square""},""editing"":{""mode"":""table"",""tiers"":{""512"":{""sizes"":{""1:1"":""512x512"",""3:2"":""632x424"",""2:3"":""424x632"",""4:3"":""600x448"",""3:4"":""448x600"",""4:5"":""464x576"",""5:4"":""576x464"",""9:16"":""384x688"",""16:9"":""688x384"",""21:9"":""792x168"",""4:1"":""1024x256"",""1:4"":""256x1024"",""8:1"":""1536x192"",""1:8"":""192x1536""}},""1K"":{""sizes"":{""1:1"":""1024x1024"",""3:2"":""1264x848"",""2:3"":""848x1264"",""4:3"":""1200x896"",""3:4"":""896x1200"",""4:5"":""928x1152"",""5:4"":""1152x928"",""9:16"":""768x1376"",""16:9"":""1376x768"",""21:9"":""1584x672"",""4:1"":""2048x512"",""1:4"":""512x2048"",""8:1"":""3072x384"",""1:8"":""384x3072""}},""2K"":{""sizes"":{""1:1"":""2048x2048"",""3:2"":""2528x1696"",""2:3"":""1696x2528"",""4:3"":""2400x1792"",""3:4"":""1792x2400"",""4:5"":""1856x2304"",""5:4"":""2304x1856"",""9:16"":""1536x2752"",""16:9"":""2752x1536"",""21:9"":""3168x1344"",""4:1"":""4096x1024"",""1:4"":""1024x4096"",""8:1"":""6144x768"",""1:8"":""768x6144""}},""4K"":{""sizes"":{""1:1"":""4096x4096"",""3:2"":""5056x3392"",""2:3"":""3392x5056"",""4:3"":""4800x3584"",""3:4"":""3584x4800"",""4:5"":""3712x4608"",""5:4"":""4608x3712"",""9:16"":""3072x5504"",""16:9"":""5504x3072"",""21:9"":""6336x2688"",""4:1"":""8192x2048"",""1:4"":""2048x8192"",""8:1"":""12288x1536"",""1:8"":""1536x12288""}}},""auto"":""square""}}","{""source"":""https://runware.ai/docs/models/google-nano-banana-2"",""checkedAt"":""2026-09-22"",""currency"":""USD"",""amount"":null,""accountTariffConfirmed"":false,""quote"":{""overview"":""Pricing starts at $0.04657 for 512x512. For every input image used, it's an additional $0.00028. When using grounded search, $0.14 will be added on top."",""examples"":[{""configuration"":""text-to-image · 1376×768"",""price"":""$0.0689"",""latencyMs"":31867,""exampleId"":""winter-silo-lighting-visualization""},{""configuration"":""text-to-image · 1376×768"",""price"":""$0.0689"",""latencyMs"":25151,""exampleId"":""underground-salt-cathedral-campaign-hero""},{""configuration"":""reference-to-image · 2K"",""price"":""$0.103"",""latencyMs"":26505,""exampleId"":""orchard-robot-case-study-hero""},{""configuration"":""reference-to-image · 2K"",""price"":""$0.103"",""latencyMs"":53809,""exampleId"":""subsea-cable-repair-explainer-thumbnail""}]}}",统一端点；账号地区准入待确认,Bearer API Key；账号权限未实测,提交前保存 UUID；仅 getResponse 查询,2026-09-22,https://runware.ai/docs/models/google-nano-banana-2,https://runware.ai/docs/models/google-nano-banana-2/schema.json,405620f0c31e41f715c7e0ec2c2daa7dc5e6b82577f38234fa134bbb0f47eeeb
runware,Pruna AI,P-Video,prunaai:p-video@0,live,,范围外/待确认,尚未登记,尚未登记,"超出当前文本规划/图文理解/单张位图生成精修：videoInference（text-to-video,image-to-video,audio-to-video,checkpoint,audio）。","超出当前文本规划/图文理解/单张位图生成精修：videoInference（text-to-video,image-to-video,audio-to-video,checkpoint,audio）。",未接入,"{""productVision"":0}",false,false,,{},"{""examples"":[{""configuration"":""draft-preview · 720p · 4s"",""price"":""$0.0202"",""latencyMs"":23845,""exampleId"":""seaweed-hatchery-seeding-b-roll""},{""configuration"":""audio-driven · 720p"",""price"":""$0.181"",""latencyMs"":23117,""exampleId"":""canine-blood-donor-welcome-clip""},{""configuration"":""text-to-video · 1080p · 5s"",""price"":""$0.202"",""latencyMs"":27163,""exampleId"":""tidal-energy-logo-ident""},{""configuration"":""audio-driven-image-animation · 720p"",""price"":""$0.221"",""latencyMs"":31339,""exampleId"":""cargo-biosecurity-inspection-briefing""},{""configuration"":""first-frame · 1080p · 6s"",""price"":""$0.241"",""latencyMs"":52896,""exampleId"":""textile-conservator-training-presenter-clip""}]}",统一端点；账号地区准入待确认,Bearer API Key；账号权限未实测,提交前保存 UUID；仅 getResponse 查询,2026-09-22,https://runware.ai/docs/models/prunaai-p-video,https://runware.ai/docs/models/prunaai-p-video/schema.json,d717463479484c79b544851b90a265a95f3c9fb2bd787ddfa9546c67a1eff101
runware,ByteDance,Seedream 5.0 Lite,bytedance:seedream@5.0-lite,live,,image,尚未登记,适配链路已完成但真实调用未验证,真实账号权限、真实推理、账单与质量待确认；可选高级参数未全部开放；本轮不调用真实服务。,补齐型号专用调用、选择器与恢复。,imageInference,"{""model"":14,""productAuxiliary"":8,""sourceCounts"":true}",false,false,,"{""generation"":{""mode"":""table"",""tiers"":{""2K"":{""sizes"":{""1:1"":""2048x2048"",""4:3"":""2304x1728"",""3:4"":""1728x2304"",""16:9"":""2848x1600"",""9:16"":""1600x2848"",""3:2"":""2496x1664"",""2:3"":""1664x2496"",""21:9"":""3136x1344""}},""3K"":{""sizes"":{""1:1"":""3072x3072"",""4:3"":""3456x2592"",""3:4"":""2592x3456"",""16:9"":""4096x2304"",""9:16"":""2304x4096"",""3:2"":""3744x2496"",""2:3"":""2496x3744"",""21:9"":""4704x2016""}}},""auto"":""square""},""editing"":{""mode"":""table"",""tiers"":{""2K"":{""sizes"":{""1:1"":""2048x2048"",""4:3"":""2304x1728"",""3:4"":""1728x2304"",""16:9"":""2848x1600"",""9:16"":""1600x2848"",""3:2"":""2496x1664"",""2:3"":""1664x2496"",""21:9"":""3136x1344""}},""3K"":{""sizes"":{""1:1"":""3072x3072"",""4:3"":""3456x2592"",""3:4"":""2592x3456"",""16:9"":""4096x2304"",""9:16"":""2304x4096"",""3:2"":""3744x2496"",""2:3"":""2496x3744"",""21:9"":""4704x2016""}}},""auto"":""square""}}","{""source"":""https://runware.ai/docs/models/bytedance-seedream-5-0-lite"",""checkedAt"":""2026-09-22"",""currency"":""USD"",""amount"":null,""accountTariffConfirmed"":false,""quote"":{""overview"":""Pricing is $0.035 for both 2K & 3K outputs."",""examples"":[{""configuration"":""sequential-images · 1600×2848"",""price"":""$0.035"",""latencyMs"":256432,""exampleId"":""four-stage-compost-inoculant-packaging""},{""configuration"":""reference-to-image · 2304×1728"",""price"":""$0.035"",""latencyMs"":75464,""exampleId"":""estuary-sound-festival-poster""},{""configuration"":""text-to-image · 2048×2048"",""price"":""$0.035"",""latencyMs"":59603,""exampleId"":""cryogenic-glove-laboratory-campaign-still""},{""configuration"":""text-to-image · 2048×2048"",""price"":""$0.035"",""latencyMs"":111457,""exampleId"":""oyster-farm-radio-lifestyle-photograph""}]}}",统一端点；账号地区准入待确认,Bearer API Key；账号权限未实测,提交前保存 UUID；仅 getResponse 查询,2026-09-22,https://runware.ai/docs/models/bytedance-seedream-5-0-lite,https://runware.ai/docs/models/bytedance-seedream-5-0-lite/schema.json,ed5a9274848b43b0e25b5f452b10652dfc2297cbabff317864af307d14d1030b
runware,Google,Gemini 3.1 Pro,google:gemini@3.1-pro,live,,main / vision,尚未登记,适配链路已完成但真实调用未验证,真实账号权限、真实推理、账单与质量待确认；可选高级参数未全部开放；本轮不调用真实服务。,补齐型号专用调用、选择器与恢复。,textInference,"{""productVision"":3}",false,false,,{},"{""source"":""https://runware.ai/docs/models/google-gemini-3-1-pro"",""checkedAt"":""2026-09-22"",""currency"":""USD"",""amount"":null,""accountTariffConfirmed"":false,""quote"":{""examples"":[{""configuration"":""tool-calling"",""price"":""$0.00259"",""latencyMs"":5009,""exampleId"":""global-newsroom-embargo-bulletin""},{""configuration"":""reference-to-text"",""price"":""$0.0544"",""latencyMs"":53267,""exampleId"":""hotel-suite-design-conformance-report""},{""configuration"":""audio-driven"",""price"":""$0.0615"",""latencyMs"":44338,""exampleId"":""commercial-lease-negotiation-memo""},{""configuration"":""text-generation"",""price"":""$0.108"",""latencyMs"":91530,""exampleId"":""b2b-saas-pricing-migration-playbook""}]}}",统一端点；账号地区准入待确认,Bearer API Key；账号权限未实测,提交前保存 UUID；仅 getResponse 查询,2026-09-22,https://runware.ai/docs/models/google-gemini-3-1-pro,https://runware.ai/docs/models/google-gemini-3-1-pro/schema.json,10e0eb6b9cb852e0c544811cba8858599f01ae4d87dcb6902a88f0585bddc3d5
runware,Anthropic,Claude Sonnet 4.6,anthropic:claude@sonnet-4.6,live,,main / vision,尚未登记,适配链路已完成但真实调用未验证,真实账号权限、真实推理、账单与质量待确认；可选高级参数未全部开放；本轮不调用真实服务。,补齐型号专用调用、选择器与恢复。,textInference,"{""productVision"":3}",false,false,,{},"{""source"":""https://runware.ai/docs/models/anthropic-claude-sonnet-4-6"",""checkedAt"":""2026-09-22"",""currency"":""USD"",""amount"":null,""accountTariffConfirmed"":false,""quote"":{""examples"":[{""configuration"":""reference-to-text"",""price"":""$0.0579"",""latencyMs"":90829,""exampleId"":""preliminary-painting-condition-report""},{""configuration"":""reference-to-text"",""price"":""$0.0743"",""latencyMs"":107836,""exampleId"":""restaurant-entrance-accessibility-audit""},{""configuration"":""text-generation"",""price"":""$0.246"",""latencyMs"":364798,""exampleId"":""neighborhood-bookstore-turnaround-plan""},{""configuration"":""text-generation"",""price"":""$0.324"",""latencyMs"":395528,""exampleId"":""solar-project-investment-committee-memo""}]}}",统一端点；账号地区准入待确认,Bearer API Key；账号权限未实测,提交前保存 UUID；仅 getResponse 查询,2026-09-22,https://runware.ai/docs/models/anthropic-claude-sonnet-4-6,https://runware.ai/docs/models/anthropic-claude-sonnet-4-6/schema.json,a9d9249f132ad748b798705e966b34fdf84d1b2e0a2325bf3ce398be7a7735df
runware,Recraft,Recraft V4 Pro,recraft:v4-pro@0,live,,image,尚未登记,适配链路已完成但真实调用未验证,真实账号权限、真实推理、账单与质量待确认；可选高级参数未全部开放；本轮不调用真实服务。,补齐型号专用调用、选择器与恢复。,imageInference,"{""model"":1,""productAuxiliary"":8,""sourceCounts"":true}",false,false,,"{""generation"":{""mode"":""table"",""tiers"":{""2K"":{""sizes"":{""1:1"":""2048x2048"",""2:1"":""3072x1536"",""1:2"":""1536x3072"",""3:2"":""2560x1664"",""2:3"":""1664x2560"",""4:3"":""2432x1792"",""3:4"":""1792x2432"",""5:4"":""2304x1792"",""4:5"":""1792x2304"",""6:10"":""1664x2688"",""14:10"":""2560x1792"",""10:14"":""1792x2560"",""16:9"":""2688x1536"",""9:16"":""1536x2688""}}},""auto"":""square""}}","{""source"":""https://runware.ai/docs/models/recraft-v4-pro"",""checkedAt"":""2026-09-22"",""currency"":""USD"",""amount"":null,""accountTariffConfirmed"":false,""quote"":{""examples"":[{""configuration"":""text-to-image"",""price"":""$0.25"",""latencyMs"":18804,""exampleId"":""semiconductor-fab-manga-cover-art""},{""configuration"":""text-to-image"",""price"":""$0.25"",""latencyMs"":17519,""exampleId"":""oyster-farm-salinity-meter-campaign""},{""configuration"":""text-to-image"",""price"":""$0.25"",""latencyMs"":15054,""exampleId"":""urban-bat-roost-retrofit-illustration""},{""configuration"":""text-to-image"",""price"":""$0.25"",""latencyMs"":16681,""exampleId"":""urban-archaeology-magazine-cover""}]}}",统一端点；账号地区准入待确认,Bearer API Key；账号权限未实测,提交前保存 UUID；仅 getResponse 查询,2026-09-22,https://runware.ai/docs/models/recraft-v4-pro,https://runware.ai/docs/models/recraft-v4-pro/schema.json,528e251597fd30279b610e0925c28ec48d8f3ad9585d116b855755e5f484570b
runware,Recraft,Recraft V4,recraft:v4@0,live,,image,尚未登记,适配链路已完成但真实调用未验证,真实账号权限、真实推理、账单与质量待确认；可选高级参数未全部开放；本轮不调用真实服务。,补齐型号专用调用、选择器与恢复。,imageInference,"{""model"":1,""productAuxiliary"":8,""sourceCounts"":true}",false,false,,"{""generation"":{""mode"":""table"",""tiers"":{""1K"":{""sizes"":{""1:1"":""1024x1024"",""2:1"":""1536x768"",""1:2"":""768x1536"",""3:2"":""1280x832"",""2:3"":""832x1280"",""4:3"":""1216x896"",""3:4"":""896x1216"",""5:4"":""1152x896"",""4:5"":""896x1152"",""6:10"":""832x1344"",""14:10"":""1280x896"",""10:14"":""896x1280"",""16:9"":""1344x768"",""9:16"":""768x1344""}}},""auto"":""square""}}","{""source"":""https://runware.ai/docs/models/recraft-v4"",""checkedAt"":""2026-09-22"",""currency"":""USD"",""amount"":null,""accountTariffConfirmed"":false,""quote"":{""examples"":[{""configuration"":""text-to-image"",""price"":""$0.04"",""latencyMs"":14045,""exampleId"":""technical-apiary-workwear-lookbook""},{""configuration"":""text-to-image"",""price"":""$0.04"",""latencyMs"":16051,""exampleId"":""subsea-cable-repair-video-thumbnail""},{""configuration"":""text-to-image"",""price"":""$0.04"",""latencyMs"":13072,""exampleId"":""urban-infrastructure-magazine-cover""},{""configuration"":""text-to-image"",""price"":""$0.04"",""latencyMs"":18080,""exampleId"":""cubesat-deorbit-explainer-infographic""}]}}",统一端点；账号地区准入待确认,Bearer API Key；账号权限未实测,提交前保存 UUID；仅 getResponse 查询,2026-09-22,https://runware.ai/docs/models/recraft-v4,https://runware.ai/docs/models/recraft-v4/schema.json,28e7823e8004f36e40b362815542a96722b038c21294bb8965f560bcc21f272a
runware,Recraft,Recraft V4 Pro Vector,recraft:v4-pro@vector,live,,范围外/待确认,尚未登记,尚未登记,"超出当前文本规划/图文理解/单张位图生成精修：vectorize（text-to-image,vectorize,checkpoint）。","超出当前文本规划/图文理解/单张位图生成精修：vectorize（text-to-image,vectorize,checkpoint）。",未接入,"{""productVision"":0}",false,false,,{},"{""examples"":[{""configuration"":""vectorize"",""price"":""$0.30"",""latencyMs"":30178,""exampleId"":""closed-loop-geothermal-system-infographic""},{""configuration"":""vectorize"",""price"":""$0.30"",""latencyMs"":29337,""exampleId"":""deep-sea-prosthetic-socket-wrap""},{""configuration"":""vectorize"",""price"":""$0.30"",""latencyMs"":33540,""exampleId"":""urban-bat-roost-retrofit-explainer""},{""configuration"":""vectorize"",""price"":""$0.30"",""latencyMs"":19612,""exampleId"":""koji-starter-culture-pouch-label""}]}",统一端点；账号地区准入待确认,Bearer API Key；账号权限未实测,提交前保存 UUID；仅 getResponse 查询,2026-09-22,https://runware.ai/docs/models/recraft-v4-pro-vector,https://runware.ai/docs/models/recraft-v4-pro-vector/schema.json,85aa76e23a7acd41ff7a3c25ba485558c2636727c19a16559e026c68ae128889
runware,Recraft,Recraft V4 Vector,recraft:v4@vector,live,,范围外/待确认,尚未登记,尚未登记,"超出当前文本规划/图文理解/单张位图生成精修：vectorize（text-to-image,vectorize,checkpoint）。","超出当前文本规划/图文理解/单张位图生成精修：vectorize（text-to-image,vectorize,checkpoint）。",未接入,"{""productVision"":0}",false,false,,{},"{""examples"":[{""configuration"":""vectorize · 1536×768"",""price"":""$0.08"",""latencyMs"":25411,""exampleId"":""cryogenic-specimen-logistics-icon-set""},{""configuration"":""vectorize · 1024×1024"",""price"":""$0.08"",""latencyMs"":18900,""exampleId"":""urban-apiary-operations-icon-set""},{""configuration"":""vectorize · 1536×768"",""price"":""$0.08"",""latencyMs"":19690,""exampleId"":""geothermal-utility-campaign-key-visual""},{""configuration"":""vectorize · 1024×1024"",""price"":""$0.08"",""latencyMs"":19220,""exampleId"":""avalanche-forecaster-persona-portrait""}]}",统一端点；账号地区准入待确认,Bearer API Key；账号权限未实测,提交前保存 UUID；仅 getResponse 查询,2026-09-22,https://runware.ai/docs/models/recraft-v4-vector,https://runware.ai/docs/models/recraft-v4-vector/schema.json,e3e675aad659043898ee74a31dbb446601e5491e032f74b74306bc2a9e9eb643
runware,Recraft,Recraft Vectorize,recraft:1@1,live,,范围外/待确认,尚未登记,尚未登记,"超出当前文本规划/图文理解/单张位图生成精修：vectorize（image-to-image,vectorize,checkpoint）。","超出当前文本规划/图文理解/单张位图生成精修：vectorize（image-to-image,vectorize,checkpoint）。",未接入,"{""productVision"":0}",false,false,,{},"{""examples"":[{""configuration"":""vectorize"",""price"":""$0.01"",""latencyMs"":10277,""exampleId"":""updated-antarctic-crew-portrait-vector""},{""configuration"":""vectorize"",""price"":""$0.01"",""latencyMs"":9155,""exampleId"":""maritime-museum-diver-screenprint-portrait""},{""configuration"":""vectorize"",""price"":""$0.01"",""latencyMs"":6698,""exampleId"":""rescue-helmet-colorway-vector""},{""configuration"":""vectorize"",""price"":""$0.01"",""latencyMs"":10110,""exampleId"":""winter-lights-glasshouse-map-illustration""}]}",统一端点；账号地区准入待确认,Bearer API Key；账号权限未实测,提交前保存 UUID；仅 getResponse 查询,2026-09-22,https://runware.ai/docs/models/recraft-vectorize,https://runware.ai/docs/models/recraft-vectorize/schema.json,afa88e8d35308e7d2d559298fbf9927619a88bf11cdad00fb0b56a5d8a4e427b
runware,Tripo AI,Tripo 3D v3.1,tripo:v3.1@0,live,,范围外/待确认,尚未登记,尚未登记,"超出当前文本规划/图文理解/单张位图生成精修：3dInference（text-to-3d,image-to-3d,checkpoint）。","超出当前文本规划/图文理解/单张位图生成精修：3dInference（text-to-3d,image-to-3d,checkpoint）。",未接入,"{""productVision"":0}",false,false,,{},"{""overview"":""Pricing starts $0.3 per generation, for Text-to-3D, and $0.4 for Image-to-3D and Multiview-to-3D"",""examples"":[{""configuration"":""geometry-only-3d"",""price"":""$0.30"",""latencyMs"":106090,""exampleId"":""polar-research-ice-core-auger""},{""configuration"":""segmented-3d"",""price"":""$0.30"",""latencyMs"":111043,""exampleId"":""near-future-apiary-smoker-prop""},{""configuration"":""reference-to-3d"",""price"":""$0.30"",""latencyMs"":238081,""exampleId"":""metro-signal-relay-room""},{""configuration"":""quad-mesh"",""price"":""$0.35"",""latencyMs"":123572,""exampleId"":""sculptural-watering-can-product-model""},{""configuration"":""text-to-3d"",""price"":""$0.50"",""latencyMs"":213532,""exampleId"":""wildfire-ranger-pangolin-character""}]}",统一端点；账号地区准入待确认,Bearer API Key；账号权限未实测,提交前保存 UUID；仅 getResponse 查询,2026-09-22,https://runware.ai/docs/models/tripo-v3-1,https://runware.ai/docs/models/tripo-v3-1/schema.json,56d43dd4746707eb368140af6aab8377dc9b39b9946537c3af59cbb5eebb225c
runware,Alibaba,Qwen-Image-2.0-Pro,alibaba:qwen-image@2.0-pro,live,,image,尚未登记,适配链路已完成但真实调用未验证,真实账号权限、真实推理、账单与质量待确认；可选高级参数未全部开放；本轮不调用真实服务。,补齐型号专用调用、选择器与恢复。,imageInference,"{""model"":3,""productAuxiliary"":8,""sourceCounts"":true}",false,false,,"{""generation"":{""mode"":""pixels"",""tiers"":{""512"":{""targetPixels"":262144},""1K"":{""targetPixels"":1048576},""1.5K"":{""targetPixels"":2359296},""2K"":{""targetPixels"":4194304},""auto"":{}},""minSide"":1,""maxSide"":4096,""minPixels"":262144,""maxPixels"":4194304,""maxRatio"":16,""alignment"":1,""auto"":""square""},""editing"":{""mode"":""pixels"",""tiers"":{""512"":{""targetPixels"":262144},""1K"":{""targetPixels"":1048576},""1.5K"":{""targetPixels"":2359296},""2K"":{""targetPixels"":4194304},""auto"":{}},""minSide"":1,""maxSide"":4096,""minPixels"":262144,""maxPixels"":4194304,""maxRatio"":16,""alignment"":1,""auto"":""square""}}","{""source"":""https://runware.ai/docs/models/alibaba-qwen-image-2-0-pro"",""checkedAt"":""2026-09-22"",""currency"":""USD"",""amount"":null,""accountTariffConfirmed"":false,""quote"":{""examples"":[{""configuration"":""reference-to-image · 1536×1024"",""price"":""$0.075"",""latencyMs"":41463,""exampleId"":""antarctic-station-crew-photo-edit""},{""configuration"":""text-to-image · 1024×1024"",""price"":""$0.075"",""latencyMs"":17242,""exampleId"":""marine-radio-oyster-farm-lifestyle""},{""configuration"":""text-to-image · 1024×1024"",""price"":""$0.075"",""latencyMs"":17512,""exampleId"":""ilulissat-winter-tourism-campaign-poster""},{""configuration"":""reference-to-image · 1536×1024"",""price"":""$0.075"",""latencyMs"":45436,""exampleId"":""solar-filter-kit-packaging""}]}}",统一端点；账号地区准入待确认,Bearer API Key；账号权限未实测,提交前保存 UUID；仅 getResponse 查询,2026-09-22,https://runware.ai/docs/models/alibaba-qwen-image-2-0-pro,https://runware.ai/docs/models/alibaba-qwen-image-2-0-pro/schema.json,f4e16f1f2e38137dd42e634b9969866a247e8fbd2b0f8b4514aa3ea44d2b824d
runware,待确认,Hunyuan 3D 3.1 Pro,tencent:hunyuan-3d@3.1-pro,live,,范围外/待确认,尚未登记,尚未登记,"超出当前文本规划/图文理解/单张位图生成精修：3dInference（text-to-3d,image-to-3d,checkpoint）。","超出当前文本规划/图文理解/单张位图生成精修：3dInference（text-to-3d,image-to-3d,checkpoint）。",未接入,"{""productVision"":0}",false,false,,{},"{""overview"":""Pricing is per call starting at $0.225 for geometry, $0.375 for Normal. \nThe add-on are cumulative as they stack on top of the base task price when those parameters are used for $0.150 per add on : MultiViewImages, EnablePBR and FaceCount"",""examples"":[{""configuration"":""image-to-3d-geometry-only"",""price"":""$0.375"",""latencyMs"":137248,""exampleId"":""polar-telegraph-cabin-environment""},{""configuration"":""text-to-3d-geometry-only"",""price"":""$0.375"",""latencyMs"":81717,""exampleId"":""pediatric-radiology-axolotl-mascot""},{""configuration"":""text-to-3d"",""price"":""$0.525"",""latencyMs"":135924,""exampleId"":""runway-friction-tester-trailer""},{""configuration"":""image-to-3d"",""price"":""$0.525"",""latencyMs"":128141,""exampleId"":""electric-tufting-gun-ecommerce-model""},{""configuration"":""text-to-3d-pbr"",""price"":""$0.675"",""latencyMs"":180634,""exampleId"":""modern-beekeeping-smoker-product-model""},{""configuration"":""image-to-3d-pbr"",""price"":""$0.825"",""latencyMs"":214406,""exampleId"":""wetland-ranger-muskrat-character-model""}]}",统一端点；账号地区准入待确认,Bearer API Key；账号权限未实测,提交前保存 UUID；仅 getResponse 查询,2026-09-22,https://runware.ai/docs/models/tencent-hunyuan-3d-3-1-pro,https://runware.ai/docs/models/tencent-hunyuan-3d-3-1-pro/schema.json,c0dd4d02a095c4d068d52b5ba6f974d5a3288717604707e4338be6117249744b
runware,待确认,Hunyuan 3D 3.1 Rapid,tencent:hunyuan-3d@3.1-rapid,live,,范围外/待确认,尚未登记,尚未登记,"超出当前文本规划/图文理解/单张位图生成精修：3dInference（text-to-3d,image-to-3d,checkpoint）。","超出当前文本规划/图文理解/单张位图生成精修：3dInference（text-to-3d,image-to-3d,checkpoint）。",未接入,"{""productVision"":0}",false,false,,{},"{""overview"":""Pricing is per call starting at $0.225 for both Text-to-3D and Image-to-3D.\nThe add-on EnablePBR is at $0.150 on top of the price if this parameters is used"",""examples"":[{""configuration"":""text-to-3d-geometry-only"",""price"":""$0.225"",""latencyMs"":19512,""exampleId"":""soil-museum-mole-mascot""},{""configuration"":""text-to-3d"",""price"":""$0.225"",""latencyMs"":107347,""exampleId"":""touring-opera-storm-machine-set""},{""configuration"":""image-to-3d-geometry-only"",""price"":""$0.225"",""latencyMs"":22416,""exampleId"":""pediatric-mri-training-cabin""},{""configuration"":""image-to-3d"",""price"":""$0.225"",""latencyMs"":62265,""exampleId"":""abyssal-salvage-sonar-beacon""},{""configuration"":""text-to-3d-pbr"",""price"":""$0.375"",""latencyMs"":71458,""exampleId"":""1970s-pool-admissions-kiosk""},{""configuration"":""image-to-3d-pbr"",""price"":""$0.375"",""latencyMs"":67897,""exampleId"":""antarctic-seed-vault-entry-set""}]}",统一端点；账号地区准入待确认,Bearer API Key；账号权限未实测,提交前保存 UUID；仅 getResponse 查询,2026-09-22,https://runware.ai/docs/models/tencent-hunyuan-3d-3-1-rapid,https://runware.ai/docs/models/tencent-hunyuan-3d-3-1-rapid/schema.json,1124f0b3d26b683d4e3666f81438f7926f806bb65c3da9ad33108a880ea40497
runware,Alibaba,Qwen-Image-2.0,alibaba:qwen-image@2.0,live,,image,尚未登记,适配链路已完成但真实调用未验证,真实账号权限、真实推理、账单与质量待确认；可选高级参数未全部开放；本轮不调用真实服务。,补齐型号专用调用、选择器与恢复。,imageInference,"{""model"":3,""productAuxiliary"":8,""sourceCounts"":true}",false,false,,"{""generation"":{""mode"":""pixels"",""tiers"":{""512"":{""targetPixels"":262144},""1K"":{""targetPixels"":1048576},""1.5K"":{""targetPixels"":2359296},""2K"":{""targetPixels"":4194304},""auto"":{}},""minSide"":1,""maxSide"":4096,""minPixels"":262144,""maxPixels"":4194304,""maxRatio"":16,""alignment"":1,""auto"":""square""},""editing"":{""mode"":""pixels"",""tiers"":{""512"":{""targetPixels"":262144},""1K"":{""targetPixels"":1048576},""1.5K"":{""targetPixels"":2359296},""2K"":{""targetPixels"":4194304},""auto"":{}},""minSide"":1,""maxSide"":4096,""minPixels"":262144,""maxPixels"":4194304,""maxRatio"":16,""alignment"":1,""auto"":""square""}}","{""source"":""https://runware.ai/docs/models/alibaba-qwen-image-2-0"",""checkedAt"":""2026-09-22"",""currency"":""USD"",""amount"":null,""accountTariffConfirmed"":false,""quote"":{""examples"":[{""configuration"":""reference-to-image · 1536×1024"",""price"":""$0.035"",""latencyMs"":17161,""exampleId"":""museum-textile-freezing-explainer""},{""configuration"":""text-to-image · 1024×1024"",""price"":""$0.035"",""latencyMs"":11801,""exampleId"":""harbor-crane-operator-portrait""},{""configuration"":""text-to-image · 1024×1024"",""price"":""$0.035"",""latencyMs"":3977,""exampleId"":""nocturnal-tidepool-survey-poster""},{""configuration"":""reference-to-image · 1536×1024"",""price"":""$0.035"",""latencyMs"":16649,""exampleId"":""cloud-seeding-documentary-thumbnail""}]}}",统一端点；账号地区准入待确认,Bearer API Key；账号权限未实测,提交前保存 UUID；仅 getResponse 查询,2026-09-22,https://runware.ai/docs/models/alibaba-qwen-image-2-0,https://runware.ai/docs/models/alibaba-qwen-image-2-0/schema.json,8303cefb9a88297107346f2c5d6b407dc45ecb1b13e9857caf6a1de7682df605
runware,Vidu,Vidu Q3 Turbo,vidu:4@2,live,,范围外/待确认,尚未登记,尚未登记,"超出当前文本规划/图文理解/单张位图生成精修：videoInference（text-to-video,image-to-video,checkpoint,audio）。","超出当前文本规划/图文理解/单张位图生成精修：videoInference（text-to-video,image-to-video,checkpoint,audio）。",未接入,"{""productVision"":0}",false,false,,{},"{""overview"":""Pricing starts at $0.026/s at 540p, $0.039/s at 720p, and $0.052/s at 1080p.  "",""examples"":[{""configuration"":""first-last-frame · 960×960 · 5s"",""price"":""$0.179"",""latencyMs"":200752,""exampleId"":""pelagic-signal-logo-reveal""},{""configuration"":""text-to-video · 720p · 6s · audio"",""price"":""$0.214"",""latencyMs"":65382,""exampleId"":""precision-seed-meter-product-explainer""},{""configuration"":""text-to-video · 720p · 6s · audio"",""price"":""$0.214"",""latencyMs"":48499,""exampleId"":""aquaculture-net-cleaner-product-demo""},{""configuration"":""first-frame · 720p · 8s · audio"",""price"":""$0.286"",""latencyMs"":67931,""exampleId"":""vintage-pen-restoration-reel""}]}",统一端点；账号地区准入待确认,Bearer API Key；账号权限未实测,提交前保存 UUID；仅 getResponse 查询,2026-09-22,https://runware.ai/docs/models/vidu-q3-turbo,https://runware.ai/docs/models/vidu-q3-turbo/schema.json,7a0bd2617731ac306b5586cc84a77a2f03bcd21295de4a8d652ade89bee3fb16
runware,Kling AI,Kling VIDEO 3.0 Omni Pro,klingai:kling-video@o3-pro,live,,范围外/待确认,尚未登记,尚未登记,"超出当前文本规划/图文理解/单张位图生成精修：videoInference（text-to-video,image-to-video,edit,checkpoint,audio）。","超出当前文本规划/图文理解/单张位图生成精修：videoInference（text-to-video,image-to-video,edit,checkpoint,audio）。",未接入,"{""productVision"":0}",false,false,,{},"{""overview"":""Pricing starts from $0.112/s without audio. "",""examples"":[{""configuration"":""first-frame · 5s"",""price"":""$0.70"",""latencyMs"":104458,""exampleId"":""glassblowing-linocut-heritage-film""},{""configuration"":""first-last-frame · 7s"",""price"":""$0.784"",""latencyMs"":161634,""exampleId"":""jacquard-loom-music-video-interlude""},{""configuration"":""elements · 1080p · 6s"",""price"":""$0.84"",""latencyMs"":181156,""exampleId"":""oyster-farm-salinity-meter-reel""},{""configuration"":""text-to-video · 1080p · 6s"",""price"":""$0.84"",""latencyMs"":214553,""exampleId"":""museum-diver-background-composite""},{""configuration"":""video-edit · 1080p"",""price"":""$1.01"",""latencyMs"":234473,""exampleId"":""racing-wheelchair-violet-colorway-film""},{""configuration"":""multi-shot · 1080p · 8s"",""price"":""$1.12"",""latencyMs"":182625,""exampleId"":""midnight-laundromat-drumline-sequence""},{""configuration"":""reference-to-video · 1440p · 8s"",""price"":""$1.34"",""latencyMs"":308188,""exampleId"":""seaside-lido-seasonal-preview-film""}]}",统一端点；账号地区准入待确认,Bearer API Key；账号权限未实测,提交前保存 UUID；仅 getResponse 查询,2026-09-22,https://runware.ai/docs/models/klingai-video-3-0-omni-pro,https://runware.ai/docs/models/klingai-video-3-0-omni-pro/schema.json,5442a2fed187db2742d35516925a84de1082f8e963fca5f415b0407018574419
runware,Kling AI,Kling VIDEO 3.0 Omni Standard,klingai:kling-video@o3-standard,live,,范围外/待确认,尚未登记,尚未登记,"超出当前文本规划/图文理解/单张位图生成精修：videoInference（text-to-video,image-to-video,edit,checkpoint,audio）。","超出当前文本规划/图文理解/单张位图生成精修：videoInference（text-to-video,image-to-video,edit,checkpoint,audio）。",未接入,"{""productVision"":0}",false,false,,{},"{""examples"":[{""configuration"":""first-frame · 6s"",""price"":""$0.504"",""latencyMs"":64956,""exampleId"":""urban-bat-census-logo-loop""},{""configuration"":""text-to-video · 720p · 5s"",""price"":""$0.56"",""latencyMs"":52899,""exampleId"":""linocut-steelworks-photo-restyle""},{""configuration"":""first-last-frame · 8s"",""price"":""$0.672"",""latencyMs"":81291,""exampleId"":""adaptive-rain-cape-virtual-try-on""},{""configuration"":""video-edit · 720p"",""price"":""$0.756"",""latencyMs"":132778,""exampleId"":""self-sealing-bicycle-tire-explainer""},{""configuration"":""elements · 720p · 10s"",""price"":""$0.84"",""latencyMs"":166658,""exampleId"":""alpine-tram-seasonal-transition-film""},{""configuration"":""reference-to-video · 960×960 · 7s"",""price"":""$0.882"",""latencyMs"":161419,""exampleId"":""manuscript-scanner-product-demonstration""},{""configuration"":""multi-shot · 720p · 8s"",""price"":""$0.896"",""latencyMs"":79259,""exampleId"":""cranberry-trail-vfx-cleanup""}]}",统一端点；账号地区准入待确认,Bearer API Key；账号权限未实测,提交前保存 UUID；仅 getResponse 查询,2026-09-22,https://runware.ai/docs/models/klingai-video-3-0-omni-standard,https://runware.ai/docs/models/klingai-video-3-0-omni-standard/schema.json,cac4a588917c1b96a30e52d43104591c949e85f9e04e5f3336fc5be49602930e
runware,Kling AI,Kling VIDEO 3.0 Pro,klingai:kling-video@3-pro,live,,范围外/待确认,尚未登记,尚未登记,"超出当前文本规划/图文理解/单张位图生成精修：videoInference（text-to-video,image-to-video,checkpoint,audio）。","超出当前文本规划/图文理解/单张位图生成精修：videoInference（text-to-video,image-to-video,checkpoint,audio）。",未接入,"{""productVision"":0}",false,false,,{},"{""overview"":""Pricing starts at $0.112/s without audio & $0.168/s with audio. "",""examples"":[{""configuration"":""first-frame · 6s"",""price"":""$0.672"",""latencyMs"":99259,""exampleId"":""precision-seed-singulator-demo""},{""configuration"":""elements · 7s"",""price"":""$0.784"",""latencyMs"":436421,""exampleId"":""drained-pool-art-pop-music-video""},{""configuration"":""text-to-video · 1080p · 5s"",""price"":""$0.84"",""latencyMs"":208905,""exampleId"":""passive-floodgate-mechanism-demo""},{""configuration"":""first-last-frame · 8s"",""price"":""$0.896"",""latencyMs"":201794,""exampleId"":""telecommunications-documentary-title-sequence""},{""configuration"":""reference-to-video"",""price"":""$1.01"",""latencyMs"":285831,""exampleId"":""rare-book-conservator-briefing""},{""configuration"":""multi-shot · 1080p · 9s"",""price"":""$1.51"",""latencyMs"":203736,""exampleId"":""koji-culture-training-presenter-clip""}]}",统一端点；账号地区准入待确认,Bearer API Key；账号权限未实测,提交前保存 UUID；仅 getResponse 查询,2026-09-22,https://runware.ai/docs/models/klingai-video-3-0-pro,https://runware.ai/docs/models/klingai-video-3-0-pro/schema.json,c5f52d8755d0a783b89e54466c717e5bec4ee570131dcff602f501740af78549
runware,Kling AI,Kling IMAGE 3.0,klingai:kling-image@3,live,,image,尚未登记,适配链路已完成但真实调用未验证,真实账号权限、真实推理、账单与质量待确认；可选高级参数未全部开放；本轮不调用真实服务。,补齐型号专用调用、选择器与恢复。,imageInference,"{""model"":1,""productAuxiliary"":8,""sourceCounts"":true}",false,false,,"{""generation"":{""mode"":""table"",""tiers"":{""1K"":{""sizes"":{""1:1"":""1024x1024"",""3:2"":""1248x832"",""2:3"":""832x1248"",""4:3"":""1168x880"",""3:4"":""880x1168"",""9:16"":""768x1360"",""16:9"":""1360x768"",""21:9"":""1552x656""}},""2K"":{""sizes"":{""1:1"":""2048x2048"",""3:2"":""2496x1664"",""2:3"":""1664x2496"",""4:3"":""2336x1760"",""3:4"":""1760x2336"",""9:16"":""1536x2720"",""16:9"":""2720x1536"",""21:9"":""3104x1312""}}},""auto"":""square""},""editing"":{""mode"":""table"",""tiers"":{""1K"":{""sizes"":{""1:1"":""1024x1024"",""3:2"":""1248x832"",""2:3"":""832x1248"",""4:3"":""1168x880"",""3:4"":""880x1168"",""9:16"":""768x1360"",""16:9"":""1360x768"",""21:9"":""1552x656""}},""2K"":{""sizes"":{""1:1"":""2048x2048"",""3:2"":""2496x1664"",""2:3"":""1664x2496"",""4:3"":""2336x1760"",""3:4"":""1760x2336"",""9:16"":""1536x2720"",""16:9"":""2720x1536"",""21:9"":""3104x1312""}}},""auto"":""square""}}","{""source"":""https://runware.ai/docs/models/klingai-image-3-0"",""checkedAt"":""2026-09-22"",""currency"":""USD"",""amount"":null,""accountTariffConfirmed"":false,""quote"":{""examples"":[{""configuration"":""text-to-image · 1360×768"",""price"":""$0.028"",""latencyMs"":44953,""exampleId"":""geothermal-techno-playlist-cover""},{""configuration"":""text-to-image · 1360×768"",""price"":""$0.028"",""latencyMs"":29342,""exampleId"":""solar-cold-storage-social-ad""},{""configuration"":""reference-to-image · 2k"",""price"":""$0.028"",""latencyMs"":44831,""exampleId"":""seed-library-fundraiser-shirt-graphic""},{""configuration"":""reference-to-image · 2k"",""price"":""$0.028"",""latencyMs"":56620,""exampleId"":""container-cargo-sweat-prevention-explainer""}]}}",统一端点；账号地区准入待确认,Bearer API Key；账号权限未实测,提交前保存 UUID；仅 getResponse 查询,2026-09-22,https://runware.ai/docs/models/klingai-image-3-0,https://runware.ai/docs/models/klingai-image-3-0/schema.json,3a27b75089cf7502d52bc9a3c1808a220742324d8e1132587ca3e69883576262
runware,Kling AI,Kling IMAGE O3,klingai:kling-image@o3,live,,image,尚未登记,适配链路已完成但真实调用未验证,真实账号权限、真实推理、账单与质量待确认；可选高级参数未全部开放；本轮不调用真实服务。,补齐型号专用调用、选择器与恢复。,imageInference,"{""model"":10,""productAuxiliary"":8,""sourceCounts"":true}",false,false,,"{""generation"":{""mode"":""table"",""tiers"":{""1K"":{""sizes"":{""1:1"":""1024x1024"",""3:2"":""1248x832"",""2:3"":""832x1248"",""4:3"":""1168x880"",""3:4"":""880x1168"",""9:16"":""768x1360"",""16:9"":""1360x768"",""21:9"":""1552x656""}},""2K"":{""sizes"":{""1:1"":""2048x2048"",""3:2"":""2496x1664"",""2:3"":""1664x2496"",""4:3"":""2368x1760"",""3:4"":""1760x2368"",""9:16"":""1536x2720"",""16:9"":""2720x1536"",""21:9"":""3136x1344""}},""4K"":{""sizes"":{""1:1"":""4096x4096"",""3:2"":""4992x3328"",""2:3"":""3328x4992"",""4:3"":""4736x3520"",""3:4"":""3520x4736"",""9:16"":""3072x5440"",""16:9"":""5440x3072"",""21:9"":""6272x2688""}}},""auto"":""square""},""editing"":{""mode"":""table"",""tiers"":{""1K"":{""sizes"":{""1:1"":""1024x1024"",""3:2"":""1248x832"",""2:3"":""832x1248"",""4:3"":""1168x880"",""3:4"":""880x1168"",""9:16"":""768x1360"",""16:9"":""1360x768"",""21:9"":""1552x656""}},""2K"":{""sizes"":{""1:1"":""2048x2048"",""3:2"":""2496x1664"",""2:3"":""1664x2496"",""4:3"":""2368x1760"",""3:4"":""1760x2368"",""9:16"":""1536x2720"",""16:9"":""2720x1536"",""21:9"":""3136x1344""}},""4K"":{""sizes"":{""1:1"":""4096x4096"",""3:2"":""4992x3328"",""2:3"":""3328x4992"",""4:3"":""4736x3520"",""3:4"":""3520x4736"",""9:16"":""3072x5440"",""16:9"":""5440x3072"",""21:9"":""6272x2688""}}},""auto"":""square""}}","{""source"":""https://runware.ai/docs/models/klingai-image-o3"",""checkedAt"":""2026-09-22"",""currency"":""USD"",""amount"":null,""accountTariffConfirmed"":false,""quote"":{""examples"":[{""configuration"":""text-to-image · 2496×1664"",""price"":""$0.028"",""latencyMs"":31171,""exampleId"":""rainwater-rebate-social-campaign-image""},{""configuration"":""text-to-image · 2496×1664"",""price"":""$0.028"",""latencyMs"":30083,""exampleId"":""seaweed-packaging-linkedin-social-ad""},{""configuration"":""reference-to-image · 1664×2496"",""price"":""$0.028"",""latencyMs"":253299,""exampleId"":""zero-proof-listening-bar-menu-photograph""},{""configuration"":""reference-to-image · 1664×2496"",""price"":""$0.028"",""latencyMs"":291630,""exampleId"":""iberian-conservas-menu-cover""}]}}",统一端点；账号地区准入待确认,Bearer API Key；账号权限未实测,提交前保存 UUID；仅 getResponse 查询,2026-09-22,https://runware.ai/docs/models/klingai-image-o3,https://runware.ai/docs/models/klingai-image-o3/schema.json,c3ffdc28096ac06881d4d6758c127757c8e65a09432cb8b0ea15fb76bf2c5df3
runware,Kling AI,Kling VIDEO 3.0 Standard,klingai:kling-video@3-standard,live,,范围外/待确认,尚未登记,尚未登记,"超出当前文本规划/图文理解/单张位图生成精修：videoInference（text-to-video,image-to-video,checkpoint,audio）。","超出当前文本规划/图文理解/单张位图生成精修：videoInference（text-to-video,image-to-video,checkpoint,audio）。",未接入,"{""productVision"":0}",false,false,,{},"{""overview"":""Pricing starts at $0.084/s without audio & $0.126/s with audio. "",""examples"":[{""configuration"":""first-frame · 5s"",""price"":""$0.63"",""latencyMs"":80177,""exampleId"":""rare-seed-archive-motion-ident""},{""configuration"":""first-last-frame · 8s"",""price"":""$0.672"",""latencyMs"":77861,""exampleId"":""sea-salt-harvest-music-video""},{""configuration"":""reference-to-video"",""price"":""$0.756"",""latencyMs"":168933,""exampleId"":""museum-textile-quarantine-briefing""},{""configuration"":""text-to-video · 720p · 6s"",""price"":""$0.756"",""latencyMs"":91932,""exampleId"":""automatic-flood-barrier-product-demo""},{""configuration"":""elements · 7s"",""price"":""$0.882"",""latencyMs"":458340,""exampleId"":""airfield-wildlife-patrol-b-roll""},{""configuration"":""multi-shot · 960×960 · 12s"",""price"":""$1.01"",""latencyMs"":119794,""exampleId"":""geothermal-survey-logo-ident""}]}",统一端点；账号地区准入待确认,Bearer API Key；账号权限未实测,提交前保存 UUID；仅 getResponse 查询,2026-09-22,https://runware.ai/docs/models/klingai-video-3-0-standard,https://runware.ai/docs/models/klingai-video-3-0-standard/schema.json,fcc37fc74aee01236667df98037bb6bfb23008839f977903d80a96fc609b20d8
runware,HeyGen,HeyGen Video Agent,heygen:video-agent@0,live,,范围外/待确认,尚未登记,尚未登记,"超出当前文本规划/图文理解/单张位图生成精修：videoInference（text-to-video,checkpoint,audio）。","超出当前文本规划/图文理解/单张位图生成精修：videoInference（text-to-video,checkpoint,audio）。",未接入,"{""productVision"":0}",false,false,,{},"{""examples"":[{""configuration"":""scripted-photo-avatar · 10s"",""price"":""$0.84"",""latencyMs"":554462,""exampleId"":""pocket-soil-sensor-explainer""},{""configuration"":""text-to-video · 15s"",""price"":""$1.13"",""latencyMs"":410146,""exampleId"":""modern-beekeeper-apparel-showcase-reel""},{""configuration"":""scripted-stock-avatar · 20s"",""price"":""$1.47"",""latencyMs"":405576,""exampleId"":""tidal-foundry-lyric-video-segment""},{""configuration"":""text-to-video · 15s"",""price"":""$1.47"",""latencyMs"":564062,""exampleId"":""river-edna-sampler-product-explainer""}]}",统一端点；账号地区准入待确认,Bearer API Key；账号权限未实测,提交前保存 UUID；仅 getResponse 查询,2026-09-22,https://runware.ai/docs/models/heygen-video-agent,https://runware.ai/docs/models/heygen-video-agent/schema.json,8c169014fee607e54b9d269253d31d513612069b417b72e4de81e40d78fbdd10
runware,Sourceful,Riverflow 2.0 Fast,sourceful:riverflow-2.0@fast,live,,image,尚未登记,适配链路已完成但真实调用未验证,真实账号权限、真实推理、账单与质量待确认；可选高级参数未全部开放；本轮不调用真实服务。,补齐型号专用调用、选择器与恢复。,imageInference,"{""model"":10,""productAuxiliary"":8,""sourceCounts"":true}",false,false,,"{""generation"":{""mode"":""table"",""tiers"":{""1K"":{""sizes"":{""1:1"":""1024x1024"",""21:9"":""1512x648"",""16:9"":""1280x720"",""3:2"":""1248x832"",""4:3"":""1152x864"",""5:4"":""1120x896"",""4:5"":""896x1120"",""3:4"":""864x1152"",""2:3"":""832x1248"",""9:16"":""720x1280""}},""2K"":{""sizes"":{""1:1"":""2048x2048"",""21:9"":""3024x1296"",""16:9"":""2560x1440"",""3:2"":""2496x1664"",""4:3"":""2304x1728"",""5:4"":""2240x1792"",""4:5"":""1792x2240"",""3:4"":""1728x2304"",""2:3"":""1664x2496"",""9:16"":""1440x2560""}}},""auto"":""square""},""editing"":{""mode"":""table"",""tiers"":{""1K"":{""sizes"":{""1:1"":""1024x1024"",""21:9"":""1512x648"",""16:9"":""1280x720"",""3:2"":""1248x832"",""4:3"":""1152x864"",""5:4"":""1120x896"",""4:5"":""896x1120"",""3:4"":""864x1152"",""2:3"":""832x1248"",""9:16"":""720x1280""}},""2K"":{""sizes"":{""1:1"":""2048x2048"",""21:9"":""3024x1296"",""16:9"":""2560x1440"",""3:2"":""2496x1664"",""4:3"":""2304x1728"",""5:4"":""2240x1792"",""4:5"":""1792x2240"",""3:4"":""1728x2304"",""2:3"":""1664x2496"",""9:16"":""1440x2560""}}},""auto"":""square""}}","{""source"":""https://runware.ai/docs/models/sourceful-riverflow-2-0-fast"",""checkedAt"":""2026-09-22"",""currency"":""USD"",""amount"":null,""accountTariffConfirmed"":false,""quote"":{""examples"":[{""configuration"":""text-to-image · 1248×832"",""price"":""$0.02"",""latencyMs"":39544,""exampleId"":""smart-apiary-monitor-lifestyle-shot""},{""configuration"":""text-to-image · 1248×832"",""price"":""$0.02"",""latencyMs"":33629,""exampleId"":""fossil-lab-landscape-expansion""},{""configuration"":""reference-to-image · 2K"",""price"":""$0.04"",""latencyMs"":93977,""exampleId"":""brutalist-museum-cafe-menu-cover""},{""configuration"":""detail-enhancement · 2K"",""price"":""$0.24"",""latencyMs"":299791,""exampleId"":""pigeon-racing-documentary-series-poster""}]}}",统一端点；账号地区准入待确认,Bearer API Key；账号权限未实测,提交前保存 UUID；仅 getResponse 查询,2026-09-22,https://runware.ai/docs/models/sourceful-riverflow-2-0-fast,https://runware.ai/docs/models/sourceful-riverflow-2-0-fast/schema.json,7db9ae980a768cd4be256453fe18e1391c24edf6aed648a65bc25c6e6426fdf6
runware,Sourceful,Riverflow 2.0 Pro,sourceful:riverflow-2.0@pro,live,,image,尚未登记,适配链路已完成但真实调用未验证,真实账号权限、真实推理、账单与质量待确认；可选高级参数未全部开放；本轮不调用真实服务。,补齐型号专用调用、选择器与恢复。,imageInference,"{""model"":10,""productAuxiliary"":8,""sourceCounts"":true}",false,false,,"{""generation"":{""mode"":""table"",""tiers"":{""1K"":{""sizes"":{""1:1"":""1024x1024"",""21:9"":""1512x648"",""16:9"":""1280x720"",""3:2"":""1248x832"",""4:3"":""1152x864"",""5:4"":""1120x896"",""4:5"":""896x1120"",""3:4"":""864x1152"",""2:3"":""832x1248"",""9:16"":""720x1280""}},""2K"":{""sizes"":{""1:1"":""2048x2048"",""21:9"":""3024x1296"",""16:9"":""2560x1440"",""3:2"":""2496x1664"",""4:3"":""2304x1728"",""5:4"":""2240x1792"",""4:5"":""1792x2240"",""3:4"":""1728x2304"",""2:3"":""1664x2496"",""9:16"":""1440x2560""}},""4K"":{""sizes"":{""1:1"":""4096x4096"",""21:9"":""6048x2592"",""16:9"":""5120x2880"",""3:2"":""4992x3328"",""4:3"":""4608x3456"",""5:4"":""4480x3584"",""4:5"":""3584x4480"",""3:4"":""3456x4608"",""2:3"":""3328x4992"",""9:16"":""2880x5120""}}},""auto"":""square""},""editing"":{""mode"":""table"",""tiers"":{""1K"":{""sizes"":{""1:1"":""1024x1024"",""21:9"":""1512x648"",""16:9"":""1280x720"",""3:2"":""1248x832"",""4:3"":""1152x864"",""5:4"":""1120x896"",""4:5"":""896x1120"",""3:4"":""864x1152"",""2:3"":""832x1248"",""9:16"":""720x1280""}},""2K"":{""sizes"":{""1:1"":""2048x2048"",""21:9"":""3024x1296"",""16:9"":""2560x1440"",""3:2"":""2496x1664"",""4:3"":""2304x1728"",""5:4"":""2240x1792"",""4:5"":""1792x2240"",""3:4"":""1728x2304"",""2:3"":""1664x2496"",""9:16"":""1440x2560""}},""4K"":{""sizes"":{""1:1"":""4096x4096"",""21:9"":""6048x2592"",""16:9"":""5120x2880"",""3:2"":""4992x3328"",""4:3"":""4608x3456"",""5:4"":""4480x3584"",""4:5"":""3584x4480"",""3:4"":""3456x4608"",""2:3"":""3328x4992"",""9:16"":""2880x5120""}}},""auto"":""square""}}","{""source"":""https://runware.ai/docs/models/sourceful-riverflow-2-0-pro"",""checkedAt"":""2026-09-22"",""currency"":""USD"",""amount"":null,""accountTariffConfirmed"":false,""quote"":{""examples"":[{""configuration"":""text-to-image · 1248×832"",""price"":""$0.15"",""latencyMs"":141059,""exampleId"":""dung-beetle-navigation-illustration""},{""configuration"":""reference-to-image · 2K"",""price"":""$0.15"",""latencyMs"":69654,""exampleId"":""municipal-conspiracy-series-poster""},{""configuration"":""text-to-image · 1248×832"",""price"":""$0.15"",""latencyMs"":133624,""exampleId"":""abyssal-courier-game-key-art""},{""configuration"":""detail-enhancement · 4K"",""price"":""$0.53"",""latencyMs"":565512,""exampleId"":""apiary-sensor-lifestyle-photograph""}]}}",统一端点；账号地区准入待确认,Bearer API Key；账号权限未实测,提交前保存 UUID；仅 getResponse 查询,2026-09-22,https://runware.ai/docs/models/sourceful-riverflow-2-0-pro,https://runware.ai/docs/models/sourceful-riverflow-2-0-pro/schema.json,ac04a3415fa615aa9395b2d2fd9862fc5238ac96a988ead93af68ecdf2ceeab6
runware,Vidu,Vidu Q3,vidu:4@1,live,,范围外/待确认,尚未登记,尚未登记,"超出当前文本规划/图文理解/单张位图生成精修：videoInference（text-to-video,image-to-video,audio-to-video,checkpoint,audio）。","超出当前文本规划/图文理解/单张位图生成精修：videoInference（text-to-video,image-to-video,audio-to-video,checkpoint,audio）。",未接入,"{""productVision"":0}",false,false,,{},"{""overview"":""From $0.0455 per sec"",""examples"":[{""configuration"":""first-last-frame · 540p · 8s"",""price"":""$0.234"",""latencyMs"":121288,""exampleId"":""museum-conservation-presenter-update""},{""configuration"":""text-to-video · 720p · 5s · audio"",""price"":""$0.325"",""latencyMs"":109954,""exampleId"":""avalanche-airbag-deployment-explainer""},{""configuration"":""text-to-video · 720p · 5s · audio"",""price"":""$0.325"",""latencyMs"":154718,""exampleId"":""coffee-cherry-sorter-demo""},{""configuration"":""first-frame · 720p · 6s"",""price"":""$0.39"",""latencyMs"":90522,""exampleId"":""mobile-farrier-service-reel""}]}",统一端点；账号地区准入待确认,Bearer API Key；账号权限未实测,提交前保存 UUID；仅 getResponse 查询,2026-09-22,https://runware.ai/docs/models/vidu-q3,https://runware.ai/docs/models/vidu-q3/schema.json,e3ca1c994aaa1dca6ba974c78f0fe9165ca3958f92a93c13271f0cd1df61555c
runware,xAI,Grok Imagine Image,xai:grok-imagine@image,live,,image,尚未登记,适配链路已完成但真实调用未验证,真实账号权限、真实推理、账单与质量待确认；可选高级参数未全部开放；本轮不调用真实服务。,补齐型号专用调用、选择器与恢复。,imageInference,"{""model"":3,""productAuxiliary"":8,""sourceCounts"":true}",false,false,,"{""generation"":{""mode"":""table"",""tiers"":{""1K"":{""sizes"":{""1:1"":""1024x1024"",""3:4"":""896x1280"",""4:3"":""1280x896"",""9:16"":""768x1408"",""16:9"":""1408x768"",""2:3"":""864x1296"",""3:2"":""1296x864"",""9:19.5"":""576x1248"",""19.5:9"":""1248x576"",""9:20"":""576x1280"",""20:9"":""1280x576"",""1:2"":""704x1408"",""2:1"":""1408x704""}}},""auto"":""square""},""editing"":{""mode"":""table"",""tiers"":{""1K"":{""sizes"":{""1:1"":""1024x1024"",""3:4"":""896x1280"",""4:3"":""1280x896"",""9:16"":""768x1408"",""16:9"":""1408x768"",""2:3"":""864x1296"",""3:2"":""1296x864"",""9:19.5"":""576x1248"",""19.5:9"":""1248x576"",""9:20"":""576x1280"",""20:9"":""1280x576"",""1:2"":""704x1408"",""2:1"":""1408x704""}}},""auto"":""square""}}","{""source"":""https://runware.ai/docs/models/xai-grok-imagine-image"",""checkedAt"":""2026-09-22"",""currency"":""USD"",""amount"":null,""accountTariffConfirmed"":false,""quote"":{""overview"":""Each image gen costs $0.02 at 1024x1024. (+$0.002 for input images for editing.)"",""examples"":[{""configuration"":""text-to-image · 1408×768"",""price"":""$0.02"",""latencyMs"":8384,""exampleId"":""oyster-restoration-panoramic-masthead""},{""configuration"":""text-to-image · 1408×768"",""price"":""$0.02"",""latencyMs"":9470,""exampleId"":""arctic-airlift-strategy-key-art""},{""configuration"":""reference-to-image · 1K"",""price"":""$0.022"",""latencyMs"":18276,""exampleId"":""heritage-hotel-facade-cleanup""},{""configuration"":""reference-to-image · 1K"",""price"":""$0.022"",""latencyMs"":20174,""exampleId"":""period-telephone-thriller-poster""}]}}",统一端点；账号地区准入待确认,Bearer API Key；账号权限未实测,提交前保存 UUID；仅 getResponse 查询,2026-09-22,https://runware.ai/docs/models/xai-grok-imagine-image,https://runware.ai/docs/models/xai-grok-imagine-image/schema.json,f924b9fa6085338b1cbd4998797b5205a8a93cce77543ca894d7ae55b0bd685c
runware,xAI,Grok Imagine Video,xai:grok-imagine@video,live,,范围外/待确认,尚未登记,尚未登记,"超出当前文本规划/图文理解/单张位图生成精修：videoInference（text-to-video,image-to-video,video-to-video,edit,extend,checkpoint,audio）。","超出当前文本规划/图文理解/单张位图生成精修：videoInference（text-to-video,image-to-video,video-to-video,edit,extend,checkpoint,audio）。",未接入,"{""productVision"":0}",false,false,,{},"{""overview"":""A 6-second T2V video starts at $0.30; each extra second is $0.05 (+$0.002 if using an image input or +$0.01/s of video input)."",""examples"":[{""configuration"":""first-frame · 720p · 5s"",""price"":""$0.352"",""latencyMs"":71430,""exampleId"":""automated-car-wash-music-segment""},{""configuration"":""text-to-video · 720p · 6s"",""price"":""$0.42"",""latencyMs"":63880,""exampleId"":""period-railway-platform-clean-plate""},{""configuration"":""video-edit · 6s"",""price"":""$0.482"",""latencyMs"":80456,""exampleId"":""museum-pest-training-avatar-clip""},{""configuration"":""reference-to-video · 720p · 8s"",""price"":""$0.564"",""latencyMs"":53370,""exampleId"":""industrial-bakery-music-video-segment""},{""configuration"":""video-extend · 8s"",""price"":""$0.621"",""latencyMs"":125899,""exampleId"":""deepwell-thermal-logo-loop""}]}",统一端点；账号地区准入待确认,Bearer API Key；账号权限未实测,提交前保存 UUID；仅 getResponse 查询,2026-09-22,https://runware.ai/docs/models/xai-grok-imagine-video,https://runware.ai/docs/models/xai-grok-imagine-video/schema.json,db5be9de0bd08afb537a58a77074b2c10ea047cc531ad17e0d9c3fd133dbee19
runware,MiniMax,MiniMax Speech 2.8,minimax:speech@2.8,live,,范围外/待确认,尚未登记,尚未登记,"超出当前文本规划/图文理解/单张位图生成精修：audioInference（text-to-audio,checkpoint）。","超出当前文本规划/图文理解/单张位图生成精修：audioInference（text-to-audio,checkpoint）。",未接入,"{""productVision"":0}",false,false,,{},"{""overview"":""Pricing is charged by characters used. HD is $0.10/1,000 characters. Turbo is $0.06/1,000 characters. "",""examples"":[{""configuration"":""text-to-audio"",""price"":""$0.0094"",""latencyMs"":4083,""exampleId"":""fermentation-podcast-vocal-stinger""},{""configuration"":""text-to-audio"",""price"":""$0.0239"",""latencyMs"":5065,""exampleId"":""lunar-greenhouse-pa-ambience""},{""configuration"":""text-to-audio"",""price"":""$0.0442"",""latencyMs"":5628,""exampleId"":""community-heat-mapping-explainer-voiceover""},{""configuration"":""text-to-audio"",""price"":""$0.065"",""latencyMs"":5718,""exampleId"":""textile-forensics-podcast-cold-open""}]}",统一端点；账号地区准入待确认,Bearer API Key；账号权限未实测,提交前保存 UUID；仅 getResponse 查询,2026-09-22,https://runware.ai/docs/models/minimax-speech-2-8,https://runware.ai/docs/models/minimax-speech-2-8/schema.json,bcd328f5907f47868fe9f15c9d097ddf21ba6fc8849e48429478c2f6f1a59941
runware,PixVerse,PixVerse V5.6,pixverse:1@7,live,,范围外/待确认,尚未登记,尚未登记,"超出当前文本规划/图文理解/单张位图生成精修：videoInference（text-to-video,image-to-video,checkpoint,audio）。","超出当前文本规划/图文理解/单张位图生成精修：videoInference（text-to-video,image-to-video,checkpoint,audio）。",未接入,"{""productVision"":0}",false,false,,{},"{""examples"":[{""configuration"":""first-last-frame · 720p · 5s · audio"",""price"":""$0.265"",""latencyMs"":57371,""exampleId"":""maritime-satellite-terminal-deployment-demo""},{""configuration"":""text-to-video · 720p · 10s · audio"",""price"":""$0.424"",""latencyMs"":100684,""exampleId"":""antarctic-ice-core-science-update""},{""configuration"":""text-to-video · 720p · 10s · audio"",""price"":""$0.424"",""latencyMs"":72797,""exampleId"":""bell-foundry-folk-music-segment""},{""configuration"":""first-frame · 1080p · 8s"",""price"":""$0.442"",""latencyMs"":199999,""exampleId"":""passive-flood-gate-product-demonstration""}]}",统一端点；账号地区准入待确认,Bearer API Key；账号权限未实测,提交前保存 UUID；仅 getResponse 查询,2026-09-22,https://runware.ai/docs/models/pixverse-v5-6,https://runware.ai/docs/models/pixverse-v5-6/schema.json,902cb8f1aeb859251466565e7564c2f36696fd8117c94a731d0a24798d312dd5
runware,Alibaba,Z-Image,runware:z-image@0,live,,image,尚未登记,适配链路已完成但真实调用未验证,真实账号权限、真实推理、账单与质量待确认；可选高级参数未全部开放；本轮不调用真实服务。,补齐型号专用调用、选择器与恢复。,imageInference,"{""model"":1,""productAuxiliary"":8,""sourceCounts"":true}",true,false,,"{""generation"":{""mode"":""pixels"",""tiers"":{""512"":{""targetPixels"":262144},""1K"":{""targetPixels"":1048576},""1.5K"":{""targetPixels"":2359296},""2K"":{""targetPixels"":4194304}},""minSide"":128,""maxSide"":2048,""minPixels"":16384,""maxPixels"":4194304,""maxRatio"":16,""alignment"":16,""auto"":""square""},""editing"":{""mode"":""pixels"",""tiers"":{""512"":{""targetPixels"":262144},""1K"":{""targetPixels"":1048576},""1.5K"":{""targetPixels"":2359296},""2K"":{""targetPixels"":4194304}},""minSide"":128,""maxSide"":2048,""minPixels"":16384,""maxPixels"":4194304,""maxRatio"":16,""alignment"":16,""auto"":""square""}}","{""source"":""https://runware.ai/docs/models/alibaba-z-image"",""checkedAt"":""2026-09-22"",""currency"":""USD"",""amount"":null,""accountTariffConfirmed"":false,""quote"":{""examples"":[{""configuration"":""image-to-image · 1280×768"",""price"":""$0.0032"",""latencyMs"":17338,""exampleId"":""mycelium-tannery-editorial-portrait""},{""configuration"":""inpaint · 896×1152"",""price"":""$0.0045"",""latencyMs"":19568,""exampleId"":""chicken-embryo-cutaway-workbook-illustration""},{""configuration"":""text-to-image · 1024×1024"",""price"":""$0.0051"",""latencyMs"":14926,""exampleId"":""sea-scooter-terracotta-colorway-render""},{""configuration"":""expand · 1536×1024"",""price"":""$0.0064"",""latencyMs"":23589,""exampleId"":""steppe-archaeology-book-cover""}]}}",统一端点；账号地区准入待确认,Bearer API Key；账号权限未实测,提交前保存 UUID；仅 getResponse 查询,2026-09-22,https://runware.ai/docs/models/alibaba-z-image,https://runware.ai/docs/models/alibaba-z-image/schema.json,29ee43f5c6d5fdc4ac69e31c05e19e077997ac8ab43014a250d59c977c0c6e4b
runware,Black Forest Labs,FLUX.2 [klein] 9B,runware:400@2,live,,image,尚未登记,适配链路已完成但真实调用未验证,真实账号权限、真实推理、账单与质量待确认；可选高级参数未全部开放；本轮不调用真实服务。,补齐型号专用调用、选择器与恢复。,imageInference,"{""model"":4,""productAuxiliary"":8,""sourceCounts"":true}",false,false,,"{""generation"":{""mode"":""pixels"",""tiers"":{""512"":{""targetPixels"":262144},""1K"":{""targetPixels"":1048576},""1.5K"":{""targetPixels"":2359296},""2K"":{""targetPixels"":4194304}},""minSide"":128,""maxSide"":2048,""minPixels"":16384,""maxPixels"":4194304,""maxRatio"":16,""alignment"":16,""auto"":""square""},""editing"":{""mode"":""pixels"",""tiers"":{""512"":{""targetPixels"":262144},""1K"":{""targetPixels"":1048576},""1.5K"":{""targetPixels"":2359296},""2K"":{""targetPixels"":4194304}},""minSide"":128,""maxSide"":2048,""minPixels"":16384,""maxPixels"":4194304,""maxRatio"":16,""alignment"":16,""auto"":""square""}}","{""source"":""https://runware.ai/docs/models/bfl-flux-2-klein-9b"",""checkedAt"":""2026-09-22"",""currency"":""USD"",""amount"":null,""accountTariffConfirmed"":false,""quote"":{""examples"":[{""configuration"":""text-to-image · 1024×1024"",""price"":""$0.00078"",""latencyMs"":1784,""exampleId"":""resonator-guitar-diner-background-swap""},{""configuration"":""reference-to-image · 720p"",""price"":""$0.00169"",""latencyMs"":6731,""exampleId"":""archaeological-fieldwear-fashion-lookbook""},{""configuration"":""text-to-image · 1024×1024"",""price"":""$0.00169"",""latencyMs"":1789,""exampleId"":""municipal-snowplow-ceremony-invitation""},{""configuration"":""reference-to-image · 720p"",""price"":""$0.00338"",""latencyMs"":6091,""exampleId"":""community-electronics-repair-social-ad""}]}}",统一端点；账号地区准入待确认,Bearer API Key；账号权限未实测,提交前保存 UUID；仅 getResponse 查询,2026-09-22,https://runware.ai/docs/models/bfl-flux-2-klein-9b,https://runware.ai/docs/models/bfl-flux-2-klein-9b/schema.json,f7ebd70cb4c160c8b18474897ebc5652f4d538154adec07b5cd7ee66a30e614a
runware,Inworld AI,Inworld TTS-1.5 Max,inworld:tts@1.5-max,live,,范围外/待确认,尚未登记,尚未登记,"超出当前文本规划/图文理解/单张位图生成精修：audioInference（text-to-audio,checkpoint）。","超出当前文本规划/图文理解/单张位图生成精修：audioInference（text-to-audio,checkpoint）。",未接入,"{""productVision"":0}",false,false,,{},"{""overview"":""$0.05 / 1000 characters"",""examples"":[{""configuration"":""text-to-audio"",""price"":""$0.00455"",""latencyMs"":2834,""exampleId"":""championship-pinball-broadcast-vocal-stinger""},{""configuration"":""text-to-audio"",""price"":""$0.00515"",""latencyMs"":2954,""exampleId"":""seed-library-vocal-audio-logo""},{""configuration"":""text-to-audio"",""price"":""$0.0251"",""latencyMs"":7808,""exampleId"":""antarctic-field-lab-pa-bed""},{""configuration"":""text-to-audio"",""price"":""$0.0297"",""latencyMs"":9137,""exampleId"":""cold-storage-energy-explainer-voiceover""},{""configuration"":""text-to-audio"",""price"":""$0.0297"",""latencyMs"":8716,""exampleId"":""urban-forestry-podcast-cold-open""}]}",统一端点；账号地区准入待确认,Bearer API Key；账号权限未实测,提交前保存 UUID；仅 getResponse 查询,2026-09-22,https://runware.ai/docs/models/inworld-tts-1-5-max,https://runware.ai/docs/models/inworld-tts-1-5-max/schema.json,b140f6c767d82b063adb909eaae8ab0f8dd16892c8f0a31bb7aa753f230dfa2a
runware,Inworld AI,Inworld TTS-1.5 Mini,inworld:tts@1.5-mini,live,,范围外/待确认,尚未登记,尚未登记,"超出当前文本规划/图文理解/单张位图生成精修：audioInference（text-to-audio,checkpoint）。","超出当前文本规划/图文理解/单张位图生成精修：audioInference（text-to-audio,checkpoint）。",未接入,"{""productVision"":0}",false,false,,{},"{""overview"":""$0.025 / 1000 characters"",""examples"":[{""configuration"":""text-to-audio"",""price"":""$0.00267"",""latencyMs"":1757,""exampleId"":""dockside-fishmonger-vocal-ambience""},{""configuration"":""text-to-audio"",""price"":""$0.00363"",""latencyMs"":2145,""exampleId"":""forensic-accounting-podcast-stinger""},{""configuration"":""text-to-audio"",""price"":""$0.00645"",""latencyMs"":3456,""exampleId"":""cold-war-numbers-station-bed""},{""configuration"":""text-to-audio"",""price"":""$0.0121"",""latencyMs"":4149,""exampleId"":""film-archive-preservation-lesson""}]}",统一端点；账号地区准入待确认,Bearer API Key；账号权限未实测,提交前保存 UUID；仅 getResponse 查询,2026-09-22,https://runware.ai/docs/models/inworld-tts-1-5-mini,https://runware.ai/docs/models/inworld-tts-1-5-mini/schema.json,ab4567f0fafab7a06b1383b98f0963dcf6b5992443d2b803e9181c1b76c7ecc8
runware,Bria,Bria FIBO Edit,bria:21@1,live,,image,尚未登记,适配链路已完成但真实调用未验证,真实账号权限、真实推理、账单与质量待确认；可选高级参数未全部开放；本轮不调用真实服务。,补齐型号专用调用、选择器与恢复。,imageInference,"{""model"":1,""productAuxiliary"":8,""sourceCounts"":true}",true,false,,"{""editing"":{""mode"":""inherit"",""tiers"":{""auto"":{}},""auto"":""omit""}}","{""source"":""https://runware.ai/docs/models/bria-fibo-edit"",""checkedAt"":""2026-09-22"",""currency"":""USD"",""amount"":null,""accountTariffConfirmed"":false,""quote"":{""examples"":[{""configuration"":""inpaint"",""price"":""$0.04"",""latencyMs"":18311,""exampleId"":""velodrome-editorial-photo-cleanup""},{""configuration"":""inpaint"",""price"":""$0.04"",""latencyMs"":18481,""exampleId"":""equine-radiology-apron-virtual-try-on""},{""configuration"":""image-edit"",""price"":""$0.04"",""latencyMs"":23626,""exampleId"":""pearl-diver-photograph-restoration""},{""configuration"":""image-edit"",""price"":""$0.04"",""latencyMs"":18942,""exampleId"":""subsea-inspection-drone-campaign-hero""}]}}",统一端点；账号地区准入待确认,Bearer API Key；账号权限未实测,提交前保存 UUID；仅 getResponse 查询,2026-09-22,https://runware.ai/docs/models/bria-fibo-edit,https://runware.ai/docs/models/bria-fibo-edit/schema.json,ad9146c65cfc0bf7131b17014938b6fd8ec0ad325bbb0d957aab34453ad3d91d
runware,待确认,Object Eraser,runware:300@1,live,,范围外/待确认,尚未登记,尚未登记,专用擦除工具；提示词不能表达一般对象替换，需独立擦除操作。,专用擦除工具；提示词不能表达一般对象替换，需独立擦除操作。,未接入,"{""productVision"":0}",false,false,,{},"{""examples"":[{""configuration"":""inpaint"",""price"":""$0.0032"",""latencyMs"":48561,""exampleId"":""wildland-commander-headshot-clean-plate""},{""configuration"":""inpaint"",""price"":""$0.0038"",""latencyMs"":63421,""exampleId"":""opera-scenic-mural-restoration""},{""configuration"":""inpaint"",""price"":""$0.0051"",""latencyMs"":62490,""exampleId"":""risograph-atrium-photo-restyle""},{""configuration"":""inpaint · steps 5"",""price"":""$0.0064"",""latencyMs"":39399,""exampleId"":""geothermal-exhibit-panoramic-clean-plate""}]}",统一端点；账号地区准入待确认,Bearer API Key；账号权限未实测,提交前保存 UUID；仅 getResponse 查询,2026-09-22,https://runware.ai/docs/models/object-eraser,https://runware.ai/docs/models/object-eraser/schema.json,9fdb7de57ae6f3d21834714d1f80188c5fa035064d1f6b3c0add453f1b43f0cc
runware,Meshy,Meshy-6,meshy:meshy@6,live,,范围外/待确认,尚未登记,尚未登记,"超出当前文本规划/图文理解/单张位图生成精修：3dInference（text-to-3d,image-to-3d,checkpoint）。","超出当前文本规划/图文理解/单张位图生成精修：3dInference（text-to-3d,image-to-3d,checkpoint）。",未接入,"{""productVision"":0}",false,false,,{},"{""overview"":""Pricing is $0.8 per generation, for Text-to-3D, Image-to-3D, and Multiple Image To 3D"",""examples"":[{""configuration"":""text-to-3d"",""price"":""$0.80"",""latencyMs"":359789,""exampleId"":""arctic-seed-vault-airlock-diorama""},{""configuration"":""image-to-3d"",""price"":""$0.80"",""latencyMs"":378532,""exampleId"":""planetarium-control-booth-diorama""},{""configuration"":""multi-image-to-3d"",""price"":""$0.80"",""latencyMs"":231910,""exampleId"":""botanical-specimen-press-product-model""},{""configuration"":""reference-to-3d"",""price"":""$0.80"",""latencyMs"":241359,""exampleId"":""pediatric-hydrotherapy-pool-room""}]}",统一端点；账号地区准入待确认,Bearer API Key；账号权限未实测,提交前保存 UUID；仅 getResponse 查询,2026-09-22,https://runware.ai/docs/models/meshy-6,https://runware.ai/docs/models/meshy-6/schema.json,7b13bea0021aca93b40ca68136ae7a81d8146ce6a595bf25a002b942ba1c5c49
runware,Bria,Bria Fibo Edit Tools,bria:21@2,live,,范围外/待确认,尚未登记,尚未登记,专用操作集合需要 operation 及操作各自参数；暂未接入操作选择表单，保留为待补齐能力。,专用操作集合需要 operation 及操作各自参数；暂未接入操作选择表单，保留为待补齐能力。,未接入,"{""productVision"":0}",false,false,,{},"{""examples"":[{""configuration"":""expand"",""price"":""$0.04"",""latencyMs"":10224,""exampleId"":""smart-beehive-panorama-extension""},{""configuration"":""sketch-to-image"",""price"":""$0.04"",""latencyMs"":17335,""exampleId"":""panoramic-seafloor-trencher-concept-art""},{""configuration"":""blend"",""price"":""$0.04"",""latencyMs"":24361,""exampleId"":""floating-wetland-keynote-backdrop""},{""configuration"":""relight"",""price"":""$0.04"",""latencyMs"":21819,""exampleId"":""chiaroscuro-artifact-catalog-portrait""},{""configuration"":""colorize"",""price"":""$0.04"",""latencyMs"":52542,""exampleId"":""neon-workshop-archive-colorization""},{""configuration"":""restore"",""price"":""$0.04"",""latencyMs"":21839,""exampleId"":""saturation-diver-archive-headshot""},{""configuration"":""reseason"",""price"":""$0.04"",""latencyMs"":24206,""exampleId"":""prefab-sauna-winter-variant""}]}",统一端点；账号地区准入待确认,Bearer API Key；账号权限未实测,提交前保存 UUID；仅 getResponse 查询,2026-09-22,https://runware.ai/docs/models/bria-fibo-edit-tools,https://runware.ai/docs/models/bria-fibo-edit-tools/schema.json,3269c3d4c418546da1da84a23fa95a71e0555dcd20936365fdda1e9607439669
runware,Black Forest Labs,FLUX.2 [klein] 4B,runware:400@4,live,,image,尚未登记,适配链路已完成但真实调用未验证,真实账号权限、真实推理、账单与质量待确认；可选高级参数未全部开放；本轮不调用真实服务。,补齐型号专用调用、选择器与恢复。,imageInference,"{""model"":4,""productAuxiliary"":8,""sourceCounts"":true}",false,false,,"{""generation"":{""mode"":""pixels"",""tiers"":{""512"":{""targetPixels"":262144},""1K"":{""targetPixels"":1048576},""1.5K"":{""targetPixels"":2359296},""2K"":{""targetPixels"":4194304}},""minSide"":128,""maxSide"":2048,""minPixels"":16384,""maxPixels"":4194304,""maxRatio"":16,""alignment"":16,""auto"":""square""},""editing"":{""mode"":""pixels"",""tiers"":{""512"":{""targetPixels"":262144},""1K"":{""targetPixels"":1048576},""1.5K"":{""targetPixels"":2359296},""2K"":{""targetPixels"":4194304}},""minSide"":128,""maxSide"":2048,""minPixels"":16384,""maxPixels"":4194304,""maxRatio"":16,""alignment"":16,""auto"":""square""}}","{""source"":""https://runware.ai/docs/models/bfl-flux-2-klein-4b"",""checkedAt"":""2026-09-22"",""currency"":""USD"",""amount"":null,""accountTariffConfirmed"":false,""quote"":{""examples"":[{""configuration"":""text-to-image · 720p"",""price"":""$0.0006"",""latencyMs"":1301,""exampleId"":""community-seed-swap-shirt-graphic""},{""configuration"":""text-to-image · 720p"",""price"":""$0.0006"",""latencyMs"":1514,""exampleId"":""nordic-crime-series-key-art""},{""configuration"":""reference-to-image · 1024×1024"",""price"":""$0.0019"",""latencyMs"":6485,""exampleId"":""pigeon-racing-documentary-poster""},{""configuration"":""reference-to-image · 1024×1024"",""price"":""$0.0019"",""latencyMs"":5879,""exampleId"":""center-pivot-linocut-wall-print""}]}}",统一端点；账号地区准入待确认,Bearer API Key；账号权限未实测,提交前保存 UUID；仅 getResponse 查询,2026-09-22,https://runware.ai/docs/models/bfl-flux-2-klein-4b,https://runware.ai/docs/models/bfl-flux-2-klein-4b/schema.json,5da72a63ef1d7dadb0cfa8c569a9beed1bbb66aebd62b9ae3d09e199c40e3d90
runware,Black Forest Labs,FLUX.2 [klein] 9B Base,runware:400@3,live,,image,尚未登记,适配链路已完成但真实调用未验证,真实账号权限、真实推理、账单与质量待确认；可选高级参数未全部开放；本轮不调用真实服务。,补齐型号专用调用、选择器与恢复。,imageInference,"{""model"":4,""productAuxiliary"":8,""sourceCounts"":true}",false,false,,"{""generation"":{""mode"":""pixels"",""tiers"":{""512"":{""targetPixels"":262144},""1K"":{""targetPixels"":1048576},""1.5K"":{""targetPixels"":2359296},""2K"":{""targetPixels"":4194304}},""minSide"":128,""maxSide"":2048,""minPixels"":16384,""maxPixels"":4194304,""maxRatio"":16,""alignment"":16,""auto"":""square""},""editing"":{""mode"":""pixels"",""tiers"":{""512"":{""targetPixels"":262144},""1K"":{""targetPixels"":1048576},""1.5K"":{""targetPixels"":2359296},""2K"":{""targetPixels"":4194304}},""minSide"":128,""maxSide"":2048,""minPixels"":16384,""maxPixels"":4194304,""maxRatio"":16,""alignment"":16,""auto"":""square""}}","{""source"":""https://runware.ai/docs/models/bfl-flux-2-klein-9b-base"",""checkedAt"":""2026-09-22"",""currency"":""USD"",""amount"":null,""accountTariffConfirmed"":false,""quote"":{""examples"":[{""configuration"":""text-to-image · 1344×768"",""price"":""$0.00338"",""latencyMs"":3994,""exampleId"":""harbor-pilot-picture-book-spread""},{""configuration"":""text-to-image · 1344×768"",""price"":""$0.00338"",""latencyMs"":4065,""exampleId"":""avalanche-rescue-team-portrait-composite""},{""configuration"":""reference-to-image · 1024×1024"",""price"":""$0.0091"",""latencyMs"":16222,""exampleId"":""coastal-harvest-workwear-lookbook""},{""configuration"":""reference-to-image · 1024×1024"",""price"":""$0.0091"",""latencyMs"":17244,""exampleId"":""fog-harvester-campaign-key-visual""}]}}",统一端点；账号地区准入待确认,Bearer API Key；账号权限未实测,提交前保存 UUID；仅 getResponse 查询,2026-09-22,https://runware.ai/docs/models/bfl-flux-2-klein-9b-base,https://runware.ai/docs/models/bfl-flux-2-klein-9b-base/schema.json,1f019939de82e37be8500a8169d6315f2ca95ab14927715fa59bab413da36c01
runware,ImagineArt,ImagineArt 1.5 Pro,imagineart:1.5-pro@0,live,,image,尚未登记,适配链路已完成但真实调用未验证,真实账号权限、真实推理、账单与质量待确认；可选高级参数未全部开放；本轮不调用真实服务。,补齐型号专用调用、选择器与恢复。,imageInference,"{""model"":1,""productAuxiliary"":8,""sourceCounts"":true}",false,false,,"{""generation"":{""mode"":""table"",""tiers"":{""4K"":{""sizes"":{""1:1"":""4096x4096"",""16:9"":""5120x2880"",""9:16"":""2880x5120"",""4:3"":""4448x3328"",""3:4"":""3328x4448"",""3:1"":""6592x2200"",""1:3"":""2200x6592"",""3:2"":""4608x3072"",""2:3"":""3072x4608""}}},""auto"":""square""}}","{""source"":""https://runware.ai/docs/models/imagineart-1-5-pro"",""checkedAt"":""2026-09-22"",""currency"":""USD"",""amount"":null,""accountTariffConfirmed"":false,""quote"":{""examples"":[{""configuration"":""text-to-image"",""price"":""$0.045"",""latencyMs"":37598,""exampleId"":""ceramic-percussion-album-cover""},{""configuration"":""text-to-image"",""price"":""$0.045"",""latencyMs"":39095,""exampleId"":""ecological-engineering-game-key-art""},{""configuration"":""text-to-image"",""price"":""$0.045"",""latencyMs"":38760,""exampleId"":""floodable-schoolyard-planning-visualization""},{""configuration"":""text-to-image"",""price"":""$0.045"",""latencyMs"":46044,""exampleId"":""subsea-cable-repair-blog-hero""}]}}",统一端点；账号地区准入待确认,Bearer API Key；账号权限未实测,提交前保存 UUID；仅 getResponse 查询,2026-09-22,https://runware.ai/docs/models/imagineart-1-5-pro,https://runware.ai/docs/models/imagineart-1-5-pro/schema.json,b839b5077ed5a73a85aea3b0d010cc45a0d0bcca1a23ac8072b5e38218b24592
runware,Alibaba,Wan2.6 Flash,alibaba:wan@2.6-flash,live,,范围外/待确认,尚未登记,尚未登记,"超出当前文本规划/图文理解/单张位图生成精修：videoInference（image-to-video,video-to-video,audio-to-video,checkpoint,audio）。","超出当前文本规划/图文理解/单张位图生成精修：videoInference（image-to-video,video-to-video,audio-to-video,checkpoint,audio）。",未接入,"{""productVision"":0}",false,false,,{},"{""overview"":""A 1-second clip starts at $0.025 (no audio) & $0.05 (audio) at 720p. To use a video as a reference, it starts at $0.025/s (no audio, 720p) applied on top of base pricing."",""examples"":[{""configuration"":""first-frame · 1080p · 5s · audio"",""price"":""$0.376"",""latencyMs"":50003,""exampleId"":""battery-sorting-safety-presenter-clip""},{""configuration"":""first-frame · 1080p · 5s · audio"",""price"":""$0.376"",""latencyMs"":49869,""exampleId"":""subsea-network-documentary-title""},{""configuration"":""reference-to-video · 720p · 8s · audio"",""price"":""$0.40"",""latencyMs"":96929,""exampleId"":""cryogenic-wildlife-biobank-b-roll""},{""configuration"":""audio-driven · 720p · 10s"",""price"":""$0.501"",""latencyMs"":50425,""exampleId"":""nitrate-film-safety-presenter""}]}",统一端点；账号地区准入待确认,Bearer API Key；账号权限未实测,提交前保存 UUID；仅 getResponse 查询,2026-09-22,https://runware.ai/docs/models/alibaba-wan2-6-flash,https://runware.ai/docs/models/alibaba-wan2-6-flash/schema.json,0634f7cf7cd9e2872d9471a0e73758d11f9aa13433415cc78b337ae86ba5f2d9
runware,Black Forest Labs,FLUX.2 [klein] 4B Base,runware:400@5,live,,image,尚未登记,适配链路已完成但真实调用未验证,真实账号权限、真实推理、账单与质量待确认；可选高级参数未全部开放；本轮不调用真实服务。,补齐型号专用调用、选择器与恢复。,imageInference,"{""model"":4,""productAuxiliary"":8,""sourceCounts"":true}",false,false,,"{""generation"":{""mode"":""pixels"",""tiers"":{""512"":{""targetPixels"":262144},""1K"":{""targetPixels"":1048576},""1.5K"":{""targetPixels"":2359296},""2K"":{""targetPixels"":4194304}},""minSide"":128,""maxSide"":2048,""minPixels"":16384,""maxPixels"":4194304,""maxRatio"":16,""alignment"":16,""auto"":""square""},""editing"":{""mode"":""pixels"",""tiers"":{""512"":{""targetPixels"":262144},""1K"":{""targetPixels"":1048576},""1.5K"":{""targetPixels"":2359296},""2K"":{""targetPixels"":4194304}},""minSide"":128,""maxSide"":2048,""minPixels"":16384,""maxPixels"":4194304,""maxRatio"":16,""alignment"":16,""auto"":""square""}}","{""source"":""https://runware.ai/docs/models/bfl-flux-2-klein-4b-base"",""checkedAt"":""2026-09-22"",""currency"":""USD"",""amount"":null,""accountTariffConfirmed"":false,""quote"":{""examples"":[{""configuration"":""text-to-image · 1024×1024"",""price"":""$0.0013"",""latencyMs"":3355,""exampleId"":""lodz-industrial-tourism-social-poster""},{""configuration"":""text-to-image · 1024×1024"",""price"":""$0.0013"",""latencyMs"":3244,""exampleId"":""roman-mosaic-survey-clean-plate""},{""configuration"":""reference-to-image · 768×1024"",""price"":""$0.0032"",""latencyMs"":9499,""exampleId"":""sleeper-train-breakfast-menu""},{""configuration"":""reference-to-image · 768×1024"",""price"":""$0.0032"",""latencyMs"":10100,""exampleId"":""cold-chain-workwear-campaign-visual""}]}}",统一端点；账号地区准入待确认,Bearer API Key；账号权限未实测,提交前保存 UUID；仅 getResponse 查询,2026-09-22,https://runware.ai/docs/models/bfl-flux-2-klein-4b-base,https://runware.ai/docs/models/bfl-flux-2-klein-4b-base/schema.json,b5fb93bd34832767c02a2d841c268a52b317207a629335a6afbc8dfdeb8e8f99
runware,Bria,Bria FIBO Lite,bria:20@3,live,,image,尚未登记,适配链路已完成但真实调用未验证,真实账号权限、真实推理、账单与质量待确认；可选高级参数未全部开放；本轮不调用真实服务。,补齐型号专用调用、选择器与恢复。,imageInference,"{""model"":1,""productAuxiliary"":8,""sourceCounts"":true}",false,false,,"{""generation"":{""mode"":""table"",""tiers"":{""1K"":{""sizes"":{""1:1"":""1024x1024"",""2:3"":""832x1216"",""3:2"":""1216x832"",""7:9"":""896x1152"",""9:7"":""1152x896"",""14:17"":""896x1088"",""17:14"":""1088x896"",""4:7"":""768x1344"",""7:4"":""1344x768""}}},""auto"":""square""},""editing"":{""mode"":""table"",""tiers"":{""1K"":{""sizes"":{""1:1"":""1024x1024"",""2:3"":""832x1216"",""3:2"":""1216x832"",""7:9"":""896x1152"",""9:7"":""1152x896"",""14:17"":""896x1088"",""17:14"":""1088x896"",""4:7"":""768x1344"",""7:4"":""1344x768""}}},""auto"":""square""}}","{""source"":""https://runware.ai/docs/models/bria-fibo-lite"",""checkedAt"":""2026-09-22"",""currency"":""USD"",""amount"":null,""accountTariffConfirmed"":false,""quote"":{""examples"":[{""configuration"":""image-to-image · 1216×832"",""price"":""$0.036"",""latencyMs"":10050,""exampleId"":""night-conservatory-reopening-invitation""},{""configuration"":""text-to-image · 832×1216"",""price"":""$0.036"",""latencyMs"":6800,""exampleId"":""mycelium-packaging-campaign-visual""},{""configuration"":""text-to-image · 832×1216"",""price"":""$0.036"",""latencyMs"":8425,""exampleId"":""cave-surveyor-editorial-profile-avatar""},{""configuration"":""image-to-image · 1216×832"",""price"":""$0.036"",""latencyMs"":10522,""exampleId"":""radio-observatory-music-festival-poster""}]}}",统一端点；账号地区准入待确认,Bearer API Key；账号权限未实测,提交前保存 UUID；仅 getResponse 查询,2026-09-22,https://runware.ai/docs/models/bria-fibo-lite,https://runware.ai/docs/models/bria-fibo-lite/schema.json,7f5a104df2f32e1f8eaddc252965acfa803a42197c73bc541714c9055c92bd28
runware,Lightricks,LTX-2,lightricks:ltx@2,live,,范围外/待确认,尚未登记,尚未登记,"超出当前文本规划/图文理解/单张位图生成精修：videoInference（text-to-video,image-to-video,checkpoint,audio）。","超出当前文本规划/图文理解/单张位图生成精修：videoInference（text-to-video,image-to-video,checkpoint,audio）。",未接入,"{""productVision"":0}",false,false,,{},"{""examples"":[{""configuration"":""text-to-video · 1080p · 5s"",""price"":""$0.15"",""latencyMs"":262923,""exampleId"":""heritage-seed-documentary-title-sting""},{""configuration"":""text-to-video · 1080p · 5s"",""price"":""$0.15"",""latencyMs"":262902,""exampleId"":""adaptive-running-blade-social-reel""},{""configuration"":""first-frame · 720p · 8s"",""price"":""$0.24"",""latencyMs"":190790,""exampleId"":""sculptural-copper-handbag-showcase""},{""configuration"":""first-frame · 720p · 8s"",""price"":""$0.24"",""latencyMs"":210429,""exampleId"":""technical-beekeeper-suit-showcase-reel""}]}",统一端点；账号地区准入待确认,Bearer API Key；账号权限未实测,提交前保存 UUID；仅 getResponse 查询,2026-09-22,https://runware.ai/docs/models/lightricks-ltx-2,https://runware.ai/docs/models/lightricks-ltx-2/schema.json,8ba6d78583405cf333b6fa158d402f43616fc362f72b3f9d42ced1705d2f0f6e
runware,待确认,ACE-Step v1.5 Base,runware:ace-step@v1.5-base,live,,范围外/待确认,尚未登记,尚未登记,"超出当前文本规划/图文理解/单张位图生成精修：audioInference（text-to-audio,checkpoint）。","超出当前文本规划/图文理解/单张位图生成精修：audioInference（text-to-audio,checkpoint）。",未接入,"{""productVision"":0}",false,false,,{},"{""overview"":""$0.00015 per second of audio"",""examples"":[{""configuration"":""text-to-audio · 60s"",""price"":""$0.0039"",""latencyMs"":13474,""exampleId"":""ceramic-heat-battery-explainer-song""},{""configuration"":""audio-extend"",""price"":""$0.0087"",""latencyMs"":22305,""exampleId"":""coastal-lighting-retrofit-explainer-narration""},{""configuration"":""audio-repaint"",""price"":""$0.0115"",""latencyMs"":29847,""exampleId"":""oyster-farm-insurance-explainer-voiceover""},{""configuration"":""audio-driven"",""price"":""$0.0163"",""latencyMs"":31667,""exampleId"":""avalanche-beacon-training-narration""}]}",统一端点；账号地区准入待确认,Bearer API Key；账号权限未实测,提交前保存 UUID；仅 getResponse 查询,2026-09-22,https://runware.ai/docs/models/ace-step-v1-5-base,https://runware.ai/docs/models/ace-step-v1-5-base/schema.json,7dcfb08ab7a924a243e5174754d54bff4737bb9ba7965c61644f884daf0466f0
runware,待确认,ACE-Step v1.5 Turbo,runware:ace-step@v1.5-turbo,live,,范围外/待确认,尚未登记,尚未登记,"超出当前文本规划/图文理解/单张位图生成精修：audioInference（text-to-audio,checkpoint）。","超出当前文本规划/图文理解/单张位图生成精修：audioInference（text-to-audio,checkpoint）。",未接入,"{""productVision"":0}",false,false,,{},"{""overview"":""$0.0001 per second of audio"",""examples"":[{""configuration"":""audio-repaint"",""price"":""$0.0009"",""latencyMs"":12699,""exampleId"":""museum-hazard-training-narration""},{""configuration"":""text-to-audio · 60s"",""price"":""$0.0009"",""latencyMs"":8432,""exampleId"":""ocean-observatory-podcast-theme-music""},{""configuration"":""text-to-audio · 60s"",""price"":""$0.0009"",""latencyMs"":5955,""exampleId"":""closed-loop-dyehouse-explainer-voiceover""},{""configuration"":""audio-driven"",""price"":""$0.0039"",""latencyMs"":16998,""exampleId"":""arctic-seed-vault-soundscape""}]}",统一端点；账号地区准入待确认,Bearer API Key；账号权限未实测,提交前保存 UUID；仅 getResponse 查询,2026-09-22,https://runware.ai/docs/models/ace-step-v1-5-turbo,https://runware.ai/docs/models/ace-step-v1-5-turbo/schema.json,c4f07d82c6798ac52b3256c8f48393829bc71ce70f4bdc79b7fd3e49a7c411ec
runware,Alibaba,Qwen3-TTS 1.7B VoiceDesign,alibaba:qwen@3-tts-1.7b-voicedesign,live,,范围外/待确认,尚未登记,尚未登记,"超出当前文本规划/图文理解/单张位图生成精修：audioInference（text-to-audio,checkpoint）。","超出当前文本规划/图文理解/单张位图生成精修：audioInference（text-to-audio,checkpoint）。",未接入,"{""productVision"":0}",false,false,,{},"{""examples"":[{""configuration"":""text-to-audio"",""price"":""$0.0042"",""latencyMs"":3975,""exampleId"":""semiconductor-cleanroom-intercom-ambience""},{""configuration"":""text-to-audio"",""price"":""$0.0063"",""latencyMs"":5580,""exampleId"":""municipal-water-leak-explainer-voiceover""},{""configuration"":""text-to-audio"",""price"":""$0.0078"",""latencyMs"":6392,""exampleId"":""shellfish-farm-monitoring-explainer""},{""configuration"":""text-to-audio"",""price"":""$0.0108"",""latencyMs"":8681,""exampleId"":""forensic-entomology-training-narration""}]}",统一端点；账号地区准入待确认,Bearer API Key；账号权限未实测,提交前保存 UUID；仅 getResponse 查询,2026-09-22,https://runware.ai/docs/models/alibaba-qwen3-tts-1-7b-voicedesign,https://runware.ai/docs/models/alibaba-qwen3-tts-1-7b-voicedesign/schema.json,3ad99b2470895a79651ad95878d576204cc6a5fb049f5c519698e42f371d1357
runware,Alibaba,Qwen3-TTS 1.7B Base,alibaba:qwen@3-tts-1.7b-base,live,,范围外/待确认,尚未登记,尚未登记,"超出当前文本规划/图文理解/单张位图生成精修：audioInference（text-to-audio,checkpoint）。","超出当前文本规划/图文理解/单张位图生成精修：audioInference（text-to-audio,checkpoint）。",未接入,"{""productVision"":0}",false,false,,{},"{""examples"":[{""configuration"":""speaker-embedding"",""price"":""$0.0005"",""latencyMs"":3772,""exampleId"":""orbital-greenhouse-intercom-ambience""},{""configuration"":""speaker-embedding"",""price"":""$0.0028"",""latencyMs"":4814,""exampleId"":""coffee-grounds-collection-explainer""},{""configuration"":""voice-cloning"",""price"":""$0.0029"",""latencyMs"":4286,""exampleId"":""rare-seed-licensing-podcast-intro""},{""configuration"":""voice-cloning"",""price"":""$0.0052"",""latencyMs"":3608,""exampleId"":""urban-leak-detection-explainer""}]}",统一端点；账号地区准入待确认,Bearer API Key；账号权限未实测,提交前保存 UUID；仅 getResponse 查询,2026-09-22,https://runware.ai/docs/models/alibaba-qwen3-tts-1-7b-base,https://runware.ai/docs/models/alibaba-qwen3-tts-1-7b-base/schema.json,ecf9cb3b2a94a2dfe8d28d5612446613dc50274096685d6409d585b538c12ae7
runware,Alibaba,Qwen3-TTS 1.7B CustomVoice,alibaba:qwen@3-tts-1.7b-customvoice,live,,范围外/待确认,尚未登记,尚未登记,"超出当前文本规划/图文理解/单张位图生成精修：audioInference（text-to-audio,checkpoint）。","超出当前文本规划/图文理解/单张位图生成精修：audioInference（text-to-audio,checkpoint）。",未接入,"{""productVision"":0}",false,false,,{},"{""examples"":[{""configuration"":""text-to-audio"",""price"":""$0.0015"",""latencyMs"":2435,""exampleId"":""roller-derby-broadcast-vocal-stinger""},{""configuration"":""text-to-audio"",""price"":""$0.0048"",""latencyMs"":4563,""exampleId"":""geothermal-control-room-voice-bed""},{""configuration"":""text-to-audio"",""price"":""$0.0084"",""latencyMs"":7922,""exampleId"":""natural-return-service-explainer-voiceover""},{""configuration"":""text-to-audio"",""price"":""$0.0106"",""latencyMs"":8149,""exampleId"":""seaweed-feed-technology-explainer-voiceover""}]}",统一端点；账号地区准入待确认,Bearer API Key；账号权限未实测,提交前保存 UUID；仅 getResponse 查询,2026-09-22,https://runware.ai/docs/models/alibaba-qwen3-tts-1-7b-customvoice,https://runware.ai/docs/models/alibaba-qwen3-tts-1-7b-customvoice/schema.json,6ccf79b58fe8ca293f72ba6301f06af799d33e0c707ec3f14c8ebd617d179404
runware,待确认,TwinFlow Z-Image-Turbo,runware:twinflow-z-image-turbo@0,live,,image,尚未登记,适配链路已完成但真实调用未验证,真实账号权限、真实推理、账单与质量待确认；可选高级参数未全部开放；本轮不调用真实服务。,补齐型号专用调用、选择器与恢复。,imageInference,"{""model"":1,""productAuxiliary"":8,""sourceCounts"":true}",false,false,,"{""generation"":{""mode"":""pixels"",""tiers"":{""512"":{""targetPixels"":262144},""1K"":{""targetPixels"":1048576},""1.5K"":{""targetPixels"":2359296},""2K"":{""targetPixels"":4194304},""3K"":{""targetPixels"":9437184},""4K"":{""targetPixels"":16777216}},""minSide"":128,""maxSide"":4096,""minPixels"":16384,""maxPixels"":16777216,""maxRatio"":16,""alignment"":16,""auto"":""square""}}","{""source"":""https://runware.ai/docs/models/twinflow-z-image-turbo"",""checkedAt"":""2026-09-22"",""currency"":""USD"",""amount"":null,""accountTariffConfirmed"":false,""quote"":{""examples"":[{""configuration"":""text-to-image"",""price"":""$0.0006"",""latencyMs"":2378,""exampleId"":""antarctic-logistics-strategy-game-art""},{""configuration"":""text-to-image"",""price"":""$0.0006"",""latencyMs"":1865,""exampleId"":""forensic-entomologist-profile-avatar""},{""configuration"":""text-to-image"",""price"":""$0.0006"",""latencyMs"":1803,""exampleId"":""hatchery-biosecurity-training-illustration""},{""configuration"":""text-to-image"",""price"":""$0.0006"",""latencyMs"":1305,""exampleId"":""canine-blood-donor-social-ad""}]}}",统一端点；账号地区准入待确认,Bearer API Key；账号权限未实测,提交前保存 UUID；仅 getResponse 查询,2026-09-22,https://runware.ai/docs/models/twinflow-z-image-turbo,https://runware.ai/docs/models/twinflow-z-image-turbo/schema.json,42ffa948e64ac2b7645fc305707774b7ed46abcacb4d22c3c24ad7eb660c4c1a
runware,Alibaba,Qwen-Image-2512,alibaba:qwen-image@2512,live,,image,适配链路已完成但真实调用未验证,适配链路已完成但真实调用未验证,真实账号权限、真实推理、账单与质量待确认；可选高级参数未全部开放；本轮不调用真实服务。,补齐型号专用调用、选择器与恢复。,imageInference,"{""model"":1,""productAuxiliary"":8,""sourceCounts"":true}",true,false,,"{""generation"":{""mode"":""pixels"",""tiers"":{""512"":{""targetPixels"":262144},""1K"":{""targetPixels"":1048576},""1.5K"":{""targetPixels"":2359296},""2K"":{""targetPixels"":4194304}},""minSide"":256,""maxSide"":2048,""minPixels"":65536,""maxPixels"":4194304,""maxRatio"":16,""alignment"":16,""auto"":""square""},""editing"":{""mode"":""pixels"",""tiers"":{""512"":{""targetPixels"":262144},""1K"":{""targetPixels"":1048576},""1.5K"":{""targetPixels"":2359296},""2K"":{""targetPixels"":4194304}},""minSide"":256,""maxSide"":2048,""minPixels"":65536,""maxPixels"":4194304,""maxRatio"":16,""alignment"":16,""auto"":""square""}}","{""source"":""https://runware.ai/docs/models/alibaba-qwen-image-2512"",""checkedAt"":""2026-09-22"",""currency"":""USD"",""amount"":null,""accountTariffConfirmed"":false,""quote"":{""examples"":[{""configuration"":""image-to-image · 1024×1536"",""price"":""$0.0032"",""latencyMs"":7937,""exampleId"":""raptor-center-annual-report-portrait""},{""configuration"":""expand · 1536×1024"",""price"":""$0.0045"",""latencyMs"":9126,""exampleId"":""refrigerated-rail-campaign-key-visual""},{""configuration"":""inpaint · 1280×1280"",""price"":""$0.0058"",""latencyMs"":12051,""exampleId"":""vaccine-cooler-field-lifestyle-shot""},{""configuration"":""text-to-image · 1536×1024"",""price"":""$0.0064"",""latencyMs"":11119,""exampleId"":""pipe-organ-crew-portrait""}]}}",统一端点；账号地区准入待确认,Bearer API Key；账号权限未实测,提交前保存 UUID；仅 getResponse 查询,2026-09-22,https://runware.ai/docs/models/alibaba-qwen-image-2512,https://runware.ai/docs/models/alibaba-qwen-image-2512/schema.json,d31e917b858f97ca4a7bfc74f0d781293a944c1f42bbc91116775003a91a7fe7
runware,ByteDance,Seedance 1.5 Pro,bytedance:seedance@1.5-pro,deprecated,2026-11-11T00:00:00Z,范围外/待确认,尚未登记,尚未登记,"超出当前文本规划/图文理解/单张位图生成精修：videoInference（text-to-video,image-to-video,audio-to-video,checkpoint,audio）。","超出当前文本规划/图文理解/单张位图生成精修：videoInference（text-to-video,image-to-video,audio-to-video,checkpoint,audio）。",未接入,"{""productVision"":0}",false,false,,{},"{""overview"":""≈ $0.06/5s at 480p, $0.12/5s at 480p (+ audio), $0.13/5s at 720p, and $0.26/5s at 720p (+ audio)"",""examples"":[{""configuration"":""draft-preview · 480p · 4s · audio"",""price"":""$0.0585"",""latencyMs"":29721,""exampleId"":""metrology-conspiracy-series-title-teaser""},{""configuration"":""first-frame · 720p · 8s · audio"",""price"":""$0.417"",""latencyMs"":99571,""exampleId"":""apiary-workwear-fashion-showcase-reel""},{""configuration"":""text-to-video · 1080p · 5s · audio"",""price"":""$0.588"",""latencyMs"":123644,""exampleId"":""art-restitution-documentary-title-sequence""},{""configuration"":""first-last-frame · 1080p · 6s"",""price"":""$0.705"",""latencyMs"":209848,""exampleId"":""textile-recycling-sorter-b-roll""}]}",统一端点；账号地区准入待确认,Bearer API Key；账号权限未实测,提交前保存 UUID；仅 getResponse 查询,2026-09-22,https://runware.ai/docs/models/bytedance-seedance-1-5-pro,https://runware.ai/docs/models/bytedance-seedance-1-5-pro/schema.json,5421434ec75cd4cef980c2a2e61c9f6a9717c5d7eaf3380fdd73864679d5cba1
runware,Alibaba,Qwen-Image-Layered,alibaba:qwen-image@layered,live,,范围外/待确认,尚未登记,尚未登记,像素图层分解；需要多图层资产返回和编辑工作流，不能作为单张精修结果丢弃其余图层。,像素图层分解；需要多图层资产返回和编辑工作流，不能作为单张精修结果丢弃其余图层。,未接入,"{""productVision"":0}",false,false,,{},"{""examples"":[{""configuration"":""reference-to-image"",""price"":""$0.0141"",""latencyMs"":25850,""exampleId"":""fossil-skull-background-separation""},{""configuration"":""reference-to-image"",""price"":""$0.0141"",""latencyMs"":27350,""exampleId"":""heritage-railway-crew-portrait""},{""configuration"":""reference-to-image"",""price"":""$0.0141"",""latencyMs"":26151,""exampleId"":""historic-observatory-photo-cleanup""},{""configuration"":""reference-to-image"",""price"":""$0.0154"",""latencyMs"":29679,""exampleId"":""urban-beekeeping-screenprint-illustration""}]}",统一端点；账号地区准入待确认,Bearer API Key；账号权限未实测,提交前保存 UUID；仅 getResponse 查询,2026-09-22,https://runware.ai/docs/models/alibaba-qwen-image-layered,https://runware.ai/docs/models/alibaba-qwen-image-layered/schema.json,057e01e34b120fa1b7a7de7142e4617764a2a9fa9ce89bb1c0bb6eb4ec37b914
runware,Bria,Bria Video Eraser,bria:60@1,live,,范围外/待确认,尚未登记,尚未登记,"超出当前文本规划/图文理解/单张位图生成精修：videoInference（video-to-video,checkpoint）。","超出当前文本规划/图文理解/单张位图生成精修：videoInference（video-to-video,checkpoint）。",未接入,"{""productVision"":0}",false,false,,{},"{""overview"":""Each second costs $0.05 at 720p."",""examples"":[{""configuration"":""automatic-object-removal"",""price"":""$0.235"",""latencyMs"":61829,""exampleId"":""mineral-recovery-logo-clean-plate-loop""},{""configuration"":""prompted-object-removal"",""price"":""$0.235"",""latencyMs"":58316,""exampleId"":""desert-cumbia-lyric-clean-plate""},{""configuration"":""point-guided-removal"",""price"":""$0.235"",""latencyMs"":57070,""exampleId"":""seed-library-ident-cleanup-loop""}]}",统一端点；账号地区准入待确认,Bearer API Key；账号权限未实测,提交前保存 UUID；仅 getResponse 查询,2026-09-22,https://runware.ai/docs/models/bria-video-eraser,https://runware.ai/docs/models/bria-video-eraser/schema.json,e7c50c1c860d3c9b183df41166e47305906ef8804a4c706a92f5b7477b5b3953
runware,Google,Gemini 3 Flash,google:gemini@3-flash,live,,main / vision,尚未登记,适配链路已完成但真实调用未验证,真实账号权限、真实推理、账单与质量待确认；可选高级参数未全部开放；本轮不调用真实服务。,补齐型号专用调用、选择器与恢复。,textInference,"{""productVision"":3}",false,false,,{},"{""source"":""https://runware.ai/docs/models/google-gemini-3-flash"",""checkedAt"":""2026-09-22"",""currency"":""USD"",""amount"":null,""accountTariffConfirmed"":false,""quote"":{""examples"":[{""configuration"":""tool-calling"",""price"":""$0.00051"",""latencyMs"":12890,""exampleId"":""crane-lift-weather-lookup""},{""configuration"":""audio-driven"",""price"":""$0.00719"",""latencyMs"":17886,""exampleId"":""solar-inverter-service-report""},{""configuration"":""reference-to-text"",""price"":""$0.00829"",""latencyMs"":27689,""exampleId"":""opposition-corner-kick-scouting-brief""},{""configuration"":""text-generation"",""price"":""$0.0105"",""latencyMs"":20608,""exampleId"":""hospital-sterilizer-procurement-decision-memo""}]}}",统一端点；账号地区准入待确认,Bearer API Key；账号权限未实测,提交前保存 UUID；仅 getResponse 查询,2026-09-22,https://runware.ai/docs/models/google-gemini-3-flash,https://runware.ai/docs/models/google-gemini-3-flash/schema.json,78273efdb3a5b3a7b40aeeeac58fb63cdc81ad03add24c5596e36e454fcf443b
runware,Microsoft,TRELLIS.2,microsoft:trellis-2@4b,live,,范围外/待确认,尚未登记,尚未登记,"超出当前文本规划/图文理解/单张位图生成精修：3dInference（image-to-3d,checkpoint）。","超出当前文本规划/图文理解/单张位图生成精修：3dInference（image-to-3d,checkpoint）。",未接入,"{""productVision"":0}",false,false,,{},"{""overview"":""Pricing is based on processing time. Most generations cost just a few cents, depending on complexity."",""examples"":[{""configuration"":""image-to-3d"",""price"":""$0.009"",""latencyMs"":21322,""exampleId"":""portable-farrier-hoof-stand-model""},{""configuration"":""image-to-3d"",""price"":""$0.0166"",""latencyMs"":30485,""exampleId"":""underground-safety-mole-character-model""},{""configuration"":""image-to-3d"",""price"":""$0.0218"",""latencyMs"":78785,""exampleId"":""neon-laundromat-cutaway-set-module""},{""configuration"":""image-to-3d"",""price"":""$0.0269"",""latencyMs"":45628,""exampleId"":""tidal-monitoring-cabin-environment-module""}]}",统一端点；账号地区准入待确认,Bearer API Key；账号权限未实测,提交前保存 UUID；仅 getResponse 查询,2026-09-22,https://runware.ai/docs/models/microsoft-trellis-2,https://runware.ai/docs/models/microsoft-trellis-2/schema.json,977bcef1d4e74174a31e5d74a6ab93203451a85e5a9042c0e0e8e327a1fff85d
runware,OpenAI,GPT Image 1.5,openai:4@1,deprecated,2026-12-01T00:00:00Z,image,尚未登记,适配链路已完成但真实调用未验证,真实账号权限、真实推理、账单与质量待确认；可选高级参数未全部开放；本轮不调用真实服务。,补齐型号专用调用、选择器与恢复。,imageInference,"{""model"":16,""productAuxiliary"":8,""sourceCounts"":true}",true,true,,"{""generation"":{""mode"":""table"",""tiers"":{""1K"":{""sizes"":{""1:1"":""1024x1024"",""3:2"":""1536x1024"",""2:3"":""1024x1536""}}},""auto"":""square""},""editing"":{""mode"":""table"",""tiers"":{""1K"":{""sizes"":{""1:1"":""1024x1024"",""3:2"":""1536x1024"",""2:3"":""1024x1536""}}},""auto"":""square""}}","{""source"":""https://runware.ai/docs/models/openai-gpt-image-1-5"",""checkedAt"":""2026-09-22"",""currency"":""USD"",""amount"":null,""accountTariffConfirmed"":false,""quote"":{""overview"":""Input costs: ~$0.005/1k tokens (text) & ~$0.008/1k tokens (image). Added on top of output costs."",""examples"":[{""configuration"":""reference-to-image"",""price"":""$0.0575"",""latencyMs"":27740,""exampleId"":""ferry-crew-archive-restoration""},{""configuration"":""text-to-image"",""price"":""$0.135"",""latencyMs"":37207,""exampleId"":""quilted-lineworker-archive-portrait""},{""configuration"":""text-to-image"",""price"":""$0.136"",""latencyMs"":33318,""exampleId"":""marine-emergency-signal-kit-packshot""},{""configuration"":""inpaint"",""price"":""$0.204"",""latencyMs"":47580,""exampleId"":""wildlife-hospital-cut-paper-artwork""}]}}",统一端点；账号地区准入待确认,Bearer API Key；账号权限未实测,提交前保存 UUID；仅 getResponse 查询,2026-09-22,https://runware.ai/docs/models/openai-gpt-image-1-5,https://runware.ai/docs/models/openai-gpt-image-1-5/schema.json,3a72992b3ea0957f0ce7129150a40e7e85b889f4e0c9dc96edcdb93edd97360e
runware,Black Forest Labs,FLUX.2 [max],bfl:7@1,live,,image,尚未登记,适配链路已完成但真实调用未验证,真实账号权限、真实推理、账单与质量待确认；可选高级参数未全部开放；本轮不调用真实服务。,补齐型号专用调用、选择器与恢复。,imageInference,"{""model"":8,""productAuxiliary"":8,""sourceCounts"":true}",false,false,,"{""generation"":{""mode"":""pixels"",""tiers"":{""512"":{""targetPixels"":262144},""1K"":{""targetPixels"":1048576},""1.5K"":{""targetPixels"":2359296},""2K"":{""targetPixels"":4194304},""auto"":{}},""minSide"":256,""maxSide"":2048,""minPixels"":65536,""maxPixels"":4194304,""maxRatio"":16,""alignment"":16,""auto"":""square""},""editing"":{""mode"":""pixels"",""tiers"":{""512"":{""targetPixels"":262144},""1K"":{""targetPixels"":1048576},""1.5K"":{""targetPixels"":2359296},""2K"":{""targetPixels"":4194304},""auto"":{}},""minSide"":256,""maxSide"":2048,""minPixels"":65536,""maxPixels"":4194304,""maxRatio"":16,""alignment"":16,""auto"":""square""}}","{""source"":""https://runware.ai/docs/models/bfl-flux-2-max"",""checkedAt"":""2026-09-22"",""currency"":""USD"",""amount"":null,""accountTariffConfirmed"":false,""quote"":{""overview"":""Output images cost $0.07 for the first megapixel, then $0.03 per additional megapixel. Reference images cost an additional $0.03 per megapixel."",""examples"":[{""configuration"":""text-to-image · 1536×1024"",""price"":""$0.10"",""latencyMs"":36787,""exampleId"":""night-pollinator-field-crew-graphic""},{""configuration"":""text-to-image · 1536×1024"",""price"":""$0.10"",""latencyMs"":34157,""exampleId"":""moa-skeleton-habitat-composite""},{""configuration"":""reference-to-image · 1024×1536"",""price"":""$0.16"",""latencyMs"":71008,""exampleId"":""cryogenic-seed-vault-director-portrait""},{""configuration"":""reference-to-image · 1024×1536"",""price"":""$0.16"",""latencyMs"":56735,""exampleId"":""coastal-sound-festival-poster""}]}}",统一端点；账号地区准入待确认,Bearer API Key；账号权限未实测,提交前保存 UUID；仅 getResponse 查询,2026-09-22,https://runware.ai/docs/models/bfl-flux-2-max,https://runware.ai/docs/models/bfl-flux-2-max/schema.json,57be16231db88fe86aa326707a7071aebd58305f635df49df75eec923539cd94
runware,Alibaba,Wan2.6 Image,alibaba:wan@2.6-image,live,,image,尚未登记,适配链路已完成但真实调用未验证,真实账号权限、真实推理、账单与质量待确认；可选高级参数未全部开放；本轮不调用真实服务。,补齐型号专用调用、选择器与恢复。,imageInference,"{""model"":4,""productAuxiliary"":8,""sourceCounts"":true}",false,false,,"{""generation"":{""mode"":""pixels"",""tiers"":{""1.5K"":{""targetPixels"":1600225}},""minSide"":1,""maxSide"":4096,""minPixels"":1600225,""maxPixels"":2073600,""maxRatio"":4,""alignment"":1,""auto"":""square""},""editing"":{""mode"":""pixels"",""tiers"":{""1.5K"":{""targetPixels"":1600225}},""minSide"":1,""maxSide"":4096,""minPixels"":1600225,""maxPixels"":2073600,""maxRatio"":4,""alignment"":1,""auto"":""square""}}","{""source"":""https://runware.ai/docs/models/alibaba-wan2-6-image"",""checkedAt"":""2026-09-22"",""currency"":""USD"",""amount"":null,""accountTariffConfirmed"":false,""quote"":{""examples"":[{""configuration"":""text-to-image · 1600×1024"",""price"":""$0.03"",""latencyMs"":14913,""exampleId"":""conservas-bar-menu-hero-photograph""},{""configuration"":""reference-to-image · 1024×1600"",""price"":""$0.03"",""latencyMs"":12516,""exampleId"":""paleobotanist-linocut-profile-avatar""},{""configuration"":""text-to-image · 1600×1024"",""price"":""$0.03"",""latencyMs"":16675,""exampleId"":""experimental-folk-album-cover""},{""configuration"":""reference-to-image · 1024×1600"",""price"":""$0.03"",""latencyMs"":16971,""exampleId"":""storm-chaser-broadcast-avatar""}]}}",统一端点；账号地区准入待确认,Bearer API Key；账号权限未实测,提交前保存 UUID；仅 getResponse 查询,2026-09-22,https://runware.ai/docs/models/alibaba-wan2-6-image,https://runware.ai/docs/models/alibaba-wan2-6-image/schema.json,54a3a15c5731e1e3d254dc0420ab5f6e5f202f657061697a29cca3f86c6c56e7
runware,Alibaba,Wan2.6,alibaba:wan@2.6,live,,范围外/待确认,尚未登记,尚未登记,"超出当前文本规划/图文理解/单张位图生成精修：videoInference（text-to-video,image-to-video,checkpoint,audio）。","超出当前文本规划/图文理解/单张位图生成精修：videoInference（text-to-video,image-to-video,checkpoint,audio）。",未接入,"{""productVision"":0}",false,false,,{},"{""overview"":""$0.10 per second at 720p and $0.15 per second at 1080p."",""examples"":[{""configuration"":""reference-to-video · 1088×832 · 5s"",""price"":""$0.50"",""latencyMs"":98348,""exampleId"":""heritage-seed-documentary-title-sequence""},{""configuration"":""text-to-video · 1080p · 5s · audio"",""price"":""$0.751"",""latencyMs"":111082,""exampleId"":""inline-magnetic-separator-demo""},{""configuration"":""audio-driven · 960×960 · 10s"",""price"":""$1.00"",""latencyMs"":111240,""exampleId"":""avalanche-patrol-series-teaser""},{""configuration"":""first-frame · 1080p · 10s"",""price"":""$1.50"",""latencyMs"":95605,""exampleId"":""marine-robotics-logo-loop""},{""configuration"":""multi-shot · 1080p · 15s · audio"",""price"":""$2.26"",""latencyMs"":172285,""exampleId"":""archive-flood-recovery-presenter-clip""}]}",统一端点；账号地区准入待确认,Bearer API Key；账号权限未实测,提交前保存 UUID；仅 getResponse 查询,2026-09-22,https://runware.ai/docs/models/alibaba-wan2-6,https://runware.ai/docs/models/alibaba-wan2-6/schema.json,300129cb13455912b3808d105634cdf5f6b0119d9ad6f95699c9c44f679e7efc
runware,sync.,react-1,sync:react-1@1,live,,范围外/待确认,尚未登记,尚未登记,"超出当前文本规划/图文理解/单张位图生成精修：videoInference（video-to-video,audio-to-video,checkpoint）。","超出当前文本规划/图文理解/单张位图生成精修：videoInference（video-to-video,audio-to-video,checkpoint）。",未接入,"{""productVision"":0}",false,false,,{},"{""overview"":""$0.1467 per second"",""examples"":[{""configuration"":""audio-driven"",""price"":""$0.941"",""latencyMs"":287598,""exampleId"":""arctic-seed-vault-mystery-teaser""},{""configuration"":""audio-driven"",""price"":""$0.966"",""latencyMs"":401622,""exampleId"":""night-radio-mascot-logo-loop""},{""configuration"":""audio-driven"",""price"":""$0.99"",""latencyMs"":34756,""exampleId"":""apiary-scanner-product-demo""},{""configuration"":""audio-driven"",""price"":""$1.11"",""latencyMs"":153424,""exampleId"":""municipal-leak-detector-demo""},{""configuration"":""audio-driven"",""price"":""$1.39"",""latencyMs"":165340,""exampleId"":""cacao-free-chocolate-reaction-reel""},{""configuration"":""audio-driven"",""price"":""$1.44"",""latencyMs"":255340,""exampleId"":""infrared-art-scanner-demo""}]}",统一端点；账号地区准入待确认,Bearer API Key；账号权限未实测,提交前保存 UUID；仅 getResponse 查询,2026-09-22,https://runware.ai/docs/models/sync-react-1,https://runware.ai/docs/models/sync-react-1/schema.json,30fedc8c6ab4d3d75fb1639ae8a851c84667d3bec03f12a417a9b8d8dfe18d66
runware,Kling AI,Kling VIDEO 2.6 Standard,klingai:kling-video@2.6-standard,live,,范围外/待确认,尚未登记,尚未登记,"超出当前文本规划/图文理解/单张位图生成精修：videoInference（text-to-video,image-to-video,checkpoint）。","超出当前文本规划/图文理解/单张位图生成精修：videoInference（text-to-video,image-to-video,checkpoint）。",未接入,"{""productVision"":0}",false,false,,{},"{""examples"":[{""configuration"":""reference-to-video"",""price"":""$0.33"",""latencyMs"":195057,""exampleId"":""museum-pest-training-presenter-clip""},{""configuration"":""reference-to-video"",""price"":""$0.33"",""latencyMs"":187315,""exampleId"":""apiary-biosecurity-presenter-bulletin""},{""configuration"":""text-to-video"",""price"":""$0.70"",""latencyMs"":46452,""exampleId"":""cryogenic-seed-vault-b-roll""},{""configuration"":""text-to-video"",""price"":""$0.70"",""latencyMs"":52347,""exampleId"":""wine-fraud-docuseries-title-teaser""}]}",统一端点；账号地区准入待确认,Bearer API Key；账号权限未实测,提交前保存 UUID；仅 getResponse 查询,2026-09-22,https://runware.ai/docs/models/klingai-video-2-6-standard,https://runware.ai/docs/models/klingai-video-2-6-standard/schema.json,23f91cf26af5c7006fbac40a5c04fdadf43103a71f156ea58af7dbc04b2694dd
runware,Kling AI,Kling VIDEO 2.6 Pro,klingai:kling-video@2.6-pro,live,,范围外/待确认,尚未登记,尚未登记,"超出当前文本规划/图文理解/单张位图生成精修：videoInference（text-to-video,image-to-video,checkpoint,audio）。","超出当前文本规划/图文理解/单张位图生成精修：videoInference（text-to-video,image-to-video,checkpoint,audio）。",未接入,"{""productVision"":0}",false,false,,{},"{""overview"":""From $0.07/s (without audio), or $0.14/s (with audio)"",""examples"":[{""configuration"":""reference-to-video"",""price"":""$0.522"",""latencyMs"":400813,""exampleId"":""indigo-dyehouse-music-video-segment""},{""configuration"":""first-frame · 5s"",""price"":""$0.70"",""latencyMs"":127042,""exampleId"":""greenhouse-dry-break-coupler-demo""},{""configuration"":""first-last-frame · 10s"",""price"":""$0.70"",""latencyMs"":233166,""exampleId"":""archaeological-thriller-opening-title""},{""configuration"":""text-to-video · 1080p · 10s"",""price"":""$1.40"",""latencyMs"":127631,""exampleId"":""heritage-seed-documentary-title-sequence""}]}",统一端点；账号地区准入待确认,Bearer API Key；账号权限未实测,提交前保存 UUID；仅 getResponse 查询,2026-09-22,https://runware.ai/docs/models/klingai-video-2-6-pro,https://runware.ai/docs/models/klingai-video-2-6-pro/schema.json,bee496b7830a8c114fcb0e1bd7ca296dd11623757495f67f848dced051656343
runware,Kling AI,KlingAI Avatar 2.0 Pro,klingai:avatar@2.0-pro,live,,范围外/待确认,尚未登记,尚未登记,"超出当前文本规划/图文理解/单张位图生成精修：videoInference（image-to-video,audio-to-video,checkpoint）。","超出当前文本规划/图文理解/单张位图生成精修：videoInference（image-to-video,audio-to-video,checkpoint）。",未接入,"{""productVision"":0}",false,false,,{},"{""overview"":""$0.087 per second"",""examples"":[{""configuration"":""audio-driven-photo-avatar"",""price"":""$0.348"",""latencyMs"":191822,""exampleId"":""municipal-compost-talking-logo-ident""},{""configuration"":""audio-driven-photo-avatar"",""price"":""$0.441"",""latencyMs"":180222,""exampleId"":""avalanche-forecast-stream-motion-ident""},{""configuration"":""audio-driven-photo-avatar"",""price"":""$0.696"",""latencyMs"":261868,""exampleId"":""seaweed-fiber-rain-shell-showcase-reel""},{""configuration"":""audio-driven-photo-avatar"",""price"":""$0.719"",""latencyMs"":284680,""exampleId"":""coral-nursery-technician-stock-clip""}]}",统一端点；账号地区准入待确认,Bearer API Key；账号权限未实测,提交前保存 UUID；仅 getResponse 查询,2026-09-22,https://runware.ai/docs/models/klingai-avatar-2-0-pro,https://runware.ai/docs/models/klingai-avatar-2-0-pro/schema.json,9667e74c850823ad6620c8552bed8b78a25905f7dda824d3a9788b71fb912513
runware,Kling AI,KlingAI Avatar 2.0 Standard,klingai:avatar@2.0-standard,live,,范围外/待确认,尚未登记,尚未登记,"超出当前文本规划/图文理解/单张位图生成精修：videoInference（image-to-video,audio-to-video,checkpoint）。","超出当前文本规划/图文理解/单张位图生成精修：videoInference（image-to-video,audio-to-video,checkpoint）。",未接入,"{""productVision"":0}",false,false,,{},"{""overview"":""$0.044 per second"",""examples"":[{""configuration"":""audio-driven-photo-avatar"",""price"":""$0.199"",""latencyMs"":143228,""exampleId"":""seed-vault-living-emblem""},{""configuration"":""audio-driven-photo-avatar"",""price"":""$0.422"",""latencyMs"":274555,""exampleId"":""veterinary-poison-safety-reel""},{""configuration"":""audio-driven-photo-avatar"",""price"":""$0.434"",""latencyMs"":233017,""exampleId"":""volcano-docuseries-teaser-sequence""},{""configuration"":""audio-driven-photo-avatar"",""price"":""$0.868"",""latencyMs"":313665,""exampleId"":""shellfish-hatchery-sensor-explainer""}]}",统一端点；账号地区准入待确认,Bearer API Key；账号权限未实测,提交前保存 UUID；仅 getResponse 查询,2026-09-22,https://runware.ai/docs/models/klingai-avatar-2-0-standard,https://runware.ai/docs/models/klingai-avatar-2-0-standard/schema.json,f69032eaef5e90249d41881b4dff58edf44d5e715343e983d07c0884011eccf4
runware,ByteDance,Seedream 4.5,bytedance:seedream@4.5,live,,image,尚未登记,适配链路已完成但真实调用未验证,真实账号权限、真实推理、账单与质量待确认；可选高级参数未全部开放；本轮不调用真实服务。,补齐型号专用调用、选择器与恢复。,imageInference,"{""model"":14,""productAuxiliary"":8,""sourceCounts"":true}",false,false,,"{""generation"":{""mode"":""pixels"",""tiers"":{""2K"":{""targetPixels"":4194304},""3K"":{""targetPixels"":9437184},""4K"":{""targetPixels"":16777216},""auto"":{}},""minSide"":256,""maxSide"":16383,""minPixels"":3686400,""maxPixels"":16777216,""maxRatio"":16,""alignment"":1,""auto"":""square""},""editing"":{""mode"":""pixels"",""tiers"":{""2K"":{""targetPixels"":4194304},""3K"":{""targetPixels"":9437184},""4K"":{""targetPixels"":16777216},""auto"":{}},""minSide"":256,""maxSide"":16383,""minPixels"":3686400,""maxPixels"":16777216,""maxRatio"":16,""alignment"":1,""auto"":""square""}}","{""source"":""https://runware.ai/docs/models/bytedance-seedream-4-5"",""checkedAt"":""2026-09-22"",""currency"":""USD"",""amount"":null,""accountTariffConfirmed"":false,""quote"":{""examples"":[{""configuration"":""reference-to-image · 2560×1536"",""price"":""$0.04"",""latencyMs"":43769,""exampleId"":""submarine-cable-archive-restoration""},{""configuration"":""text-to-image · 1536×2560"",""price"":""$0.04"",""latencyMs"":25121,""exampleId"":""mycelium-harvest-supper-invitation""},{""configuration"":""sequential-images · 4K"",""price"":""$0.04"",""latencyMs"":79207,""exampleId"":""pinball-factory-archive-colorization""},{""configuration"":""text-to-image · 1536×2560"",""price"":""$0.04"",""latencyMs"":12144,""exampleId"":""fermentation-culture-lobby-wall-art""}]}}",统一端点；账号地区准入待确认,Bearer API Key；账号权限未实测,提交前保存 UUID；仅 getResponse 查询,2026-09-22,https://runware.ai/docs/models/bytedance-seedream-4-5,https://runware.ai/docs/models/bytedance-seedream-4-5/schema.json,b7bdb059f82eb6b2377582799c9c1cbbb8631184cd3cdacd9db2e673e6c08f72
runware,Kling AI,Kling IMAGE O1,klingai:kling-image@o1,live,,image,尚未登记,适配链路已完成但真实调用未验证,真实账号权限、真实推理、账单与质量待确认；可选高级参数未全部开放；本轮不调用真实服务。,补齐型号专用调用、选择器与恢复。,imageInference,"{""model"":10,""productAuxiliary"":8,""sourceCounts"":true}",false,false,,"{""generation"":{""mode"":""table"",""tiers"":{""1K"":{""sizes"":{""1:1"":""1024x1024"",""3:2"":""1248x832"",""2:3"":""832x1248"",""4:3"":""1168x880"",""3:4"":""880x1168"",""9:16"":""768x1360"",""16:9"":""1360x768"",""21:9"":""1552x656""}},""2K"":{""sizes"":{""1:1"":""2048x2048"",""3:2"":""2496x1664"",""2:3"":""1664x2496"",""4:3"":""2336x1760"",""3:4"":""1760x2336"",""9:16"":""1536x2720"",""16:9"":""2720x1536"",""21:9"":""3104x1312""}}},""auto"":""square""},""editing"":{""mode"":""table"",""tiers"":{""1K"":{""sizes"":{""1:1"":""1024x1024"",""3:2"":""1248x832"",""2:3"":""832x1248"",""4:3"":""1168x880"",""3:4"":""880x1168"",""9:16"":""768x1360"",""16:9"":""1360x768"",""21:9"":""1552x656""}},""2K"":{""sizes"":{""1:1"":""2048x2048"",""3:2"":""2496x1664"",""2:3"":""1664x2496"",""4:3"":""2336x1760"",""3:4"":""1760x2336"",""9:16"":""1536x2720"",""16:9"":""2720x1536"",""21:9"":""3104x1312""}}},""auto"":""square""}}","{""source"":""https://runware.ai/docs/models/klingai-image-o1"",""checkedAt"":""2026-09-22"",""currency"":""USD"",""amount"":null,""accountTariffConfirmed"":false,""quote"":{""examples"":[{""configuration"":""text-to-image · 1248×832"",""price"":""$0.028"",""latencyMs"":45001,""exampleId"":""varroa-mite-test-kit-carton""},{""configuration"":""text-to-image · 1248×832"",""price"":""$0.028"",""latencyMs"":29833,""exampleId"":""estuary-electronic-music-festival-poster""},{""configuration"":""reference-to-image · 2k"",""price"":""$0.028"",""latencyMs"":31399,""exampleId"":""mobile-library-archive-photo-restoration""},{""configuration"":""reference-to-image · 2k"",""price"":""$0.028"",""latencyMs"":48174,""exampleId"":""lowrider-bicycle-builder-editorial-portrait""}]}}",统一端点；账号地区准入待确认,Bearer API Key；账号权限未实测,提交前保存 UUID；仅 getResponse 查询,2026-09-22,https://runware.ai/docs/models/klingai-image-o1,https://runware.ai/docs/models/klingai-image-o1/schema.json,f6c22099d1e74036ea680ffcd9bc244e1182e2f965b7b365e276da0bf08de1a0
runware,Pruna AI,P-Image,prunaai:1@1,live,,image,尚未登记,适配链路已完成但真实调用未验证,真实账号权限、真实推理、账单与质量待确认；可选高级参数未全部开放；本轮不调用真实服务。,补齐型号专用调用、选择器与恢复。,imageInference,"{""model"":1,""productAuxiliary"":8,""sourceCounts"":true}",false,false,,"{""generation"":{""mode"":""pixels"",""tiers"":{""512"":{""targetPixels"":262144},""1K"":{""targetPixels"":1048576}},""minSide"":256,""maxSide"":1440,""minPixels"":65536,""maxPixels"":2073600,""maxRatio"":16,""alignment"":16,""auto"":""square""}}","{""source"":""https://runware.ai/docs/models/prunaai-p-image"",""checkedAt"":""2026-09-22"",""currency"":""USD"",""amount"":null,""accountTariffConfirmed"":false,""quote"":{""examples"":[{""configuration"":""text-to-image"",""price"":""$0.0044"",""latencyMs"":4716,""exampleId"":""counterfeit-saffron-documentary-thumbnail""},{""configuration"":""text-to-image"",""price"":""$0.0044"",""latencyMs"":5294,""exampleId"":""pigeon-racing-docuseries-key-art""},{""configuration"":""text-to-image"",""price"":""$0.0044"",""latencyMs"":4284,""exampleId"":""waterlogged-ship-timber-conservation-infographic""},{""configuration"":""text-to-image"",""price"":""$0.0044"",""latencyMs"":3415,""exampleId"":""cold-chain-failure-blog-hero""}]}}",统一端点；账号地区准入待确认,Bearer API Key；账号权限未实测,提交前保存 UUID；仅 getResponse 查询,2026-09-22,https://runware.ai/docs/models/prunaai-p-image,https://runware.ai/docs/models/prunaai-p-image/schema.json,5f8e3f57e10308111c2f9dac9ac7e61c0905901650e6f4b18f578d12790f0c4b
runware,Runway,Runway Gen-4.5,runway:1@2,live,,范围外/待确认,尚未登记,尚未登记,"超出当前文本规划/图文理解/单张位图生成精修：videoInference（text-to-video,image-to-video,checkpoint）。","超出当前文本规划/图文理解/单张位图生成精修：videoInference（text-to-video,image-to-video,checkpoint）。",未接入,"{""productVision"":0}",false,false,,{},"{""examples"":[{""configuration"":""text-to-video · 720p · 5s"",""price"":""$0.605"",""latencyMs"":105887,""exampleId"":""ceramic-factory-music-video-sequence""},{""configuration"":""text-to-video · 720p · 5s"",""price"":""$0.605"",""latencyMs"":100162,""exampleId"":""urban-mining-animated-logo-sting""},{""configuration"":""first-frame · 832×1104 · 8s"",""price"":""$0.965"",""latencyMs"":265325,""exampleId"":""pipe-inspection-crawler-demo""},{""configuration"":""first-frame · 832×1104 · 8s"",""price"":""$0.965"",""latencyMs"":258041,""exampleId"":""meteorite-documentary-title-teaser""}]}",统一端点；账号地区准入待确认,Bearer API Key；账号权限未实测,提交前保存 UUID；仅 getResponse 查询,2026-09-22,https://runware.ai/docs/models/runway-gen-4-5,https://runware.ai/docs/models/runway-gen-4-5/schema.json,238323d135bc8866c218e0045492e85d27875edb658e25b7ffa89dc508fa2aa8
runware,Kling AI,Kling VIDEO O1 Pro,klingai:kling@o1,live,,范围外/待确认,尚未登记,尚未登记,"超出当前文本规划/图文理解/单张位图生成精修：videoInference（text-to-video,image-to-video,video-to-video,edit,checkpoint）。","超出当前文本规划/图文理解/单张位图生成精修：videoInference（text-to-video,image-to-video,video-to-video,edit,checkpoint）。",未接入,"{""productVision"":0}",false,false,,{},"{""examples"":[{""configuration"":""first-frame · 5s"",""price"":""$0.56"",""latencyMs"":121281,""exampleId"":""hydropower-spring-thaw-visualization""},{""configuration"":""video-edit"",""price"":""$1.01"",""latencyMs"":181753,""exampleId"":""historic-cinema-facade-cleanup""},{""configuration"":""text-to-video · 1080p · 10s"",""price"":""$1.12"",""latencyMs"":146875,""exampleId"":""competitive-shearer-arena-composite""},{""configuration"":""first-last-frame · 10s"",""price"":""$1.12"",""latencyMs"":163650,""exampleId"":""ocularist-conference-headshot-retouch""},{""configuration"":""reference-to-video · 1080p · 7s"",""price"":""$1.18"",""latencyMs"":359291,""exampleId"":""desert-observatory-nightfall-visualization""}]}",统一端点；账号地区准入待确认,Bearer API Key；账号权限未实测,提交前保存 UUID；仅 getResponse 查询,2026-09-22,https://runware.ai/docs/models/klingai-video-o1-pro,https://runware.ai/docs/models/klingai-video-o1-pro/schema.json,44f2042487c8d62ffd71068095e76c602ac4b5fcc33201e65d2b43ec381a399e
runware,Kling AI,Kling VIDEO O1 Standard,klingai:kling@o1-standard,live,,范围外/待确认,尚未登记,尚未登记,"超出当前文本规划/图文理解/单张位图生成精修：videoInference（text-to-video,image-to-video,video-to-video,edit,checkpoint）。","超出当前文本规划/图文理解/单张位图生成精修：videoInference（text-to-video,image-to-video,video-to-video,edit,checkpoint）。",未接入,"{""productVision"":0}",false,false,,{},"{""examples"":[{""configuration"":""first-last-frame · 5s"",""price"":""$0.42"",""latencyMs"":121105,""exampleId"":""wildfire-crew-roster-update""},{""configuration"":""text-to-video · 720p · 5s"",""price"":""$0.42"",""latencyMs"":55193,""exampleId"":""archaeological-site-night-lighting-study""},{""configuration"":""video-edit"",""price"":""$0.756"",""latencyMs"":210672,""exampleId"":""rotoscoped-table-tennis-music-insert""},{""configuration"":""first-frame · 10s"",""price"":""$0.84"",""latencyMs"":64298,""exampleId"":""submarine-cable-drama-title-sequence""},{""configuration"":""reference-to-video · 720p · 7s"",""price"":""$0.882"",""latencyMs"":321235,""exampleId"":""museum-conservation-vertical-outpaint""}]}",统一端点；账号地区准入待确认,Bearer API Key；账号权限未实测,提交前保存 UUID；仅 getResponse 查询,2026-09-22,https://runware.ai/docs/models/klingai-video-o1-standard,https://runware.ai/docs/models/klingai-video-o1-standard/schema.json,8bb5af4031124ee8f48daf32da65a660b3d669482688d0dafb8ea431f5f085c8
runware,PixVerse,PixVerse V5.5,pixverse:1@6,live,,范围外/待确认,尚未登记,尚未登记,"超出当前文本规划/图文理解/单张位图生成精修：videoInference（text-to-video,checkpoint,audio）。","超出当前文本规划/图文理解/单张位图生成精修：videoInference（text-to-video,checkpoint,audio）。",未接入,"{""productVision"":0}",false,false,,{},"{""examples"":[{""configuration"":""first-frame · 720p · 8s"",""price"":""$0.354"",""latencyMs"":96756,""exampleId"":""tidal-oyster-percussion-music-segment""},{""configuration"":""first-last-frame · 1080p · 5s · audio"",""price"":""$0.383"",""latencyMs"":108997,""exampleId"":""glass-plate-archive-title-sequence""},{""configuration"":""text-to-video · 1080p · 5s · audio"",""price"":""$0.471"",""latencyMs"":100261,""exampleId"":""heritage-tile-restoration-reel""},{""configuration"":""text-to-video · 1080p · 5s · audio"",""price"":""$0.471"",""latencyMs"":114524,""exampleId"":""forensic-entomology-docuseries-teaser""}]}",统一端点；账号地区准入待确认,Bearer API Key；账号权限未实测,提交前保存 UUID；仅 getResponse 查询,2026-09-22,https://runware.ai/docs/models/pixverse-v5-5,https://runware.ai/docs/models/pixverse-v5-5/schema.json,95e94d48c172f24230a2a32f2d7652c252cf75ddc203560141c7fb474f77241e
runware,Black Forest Labs,FLUX.2 [pro],bfl:5@1,live,,image,尚未登记,适配链路已完成但真实调用未验证,真实账号权限、真实推理、账单与质量待确认；可选高级参数未全部开放；本轮不调用真实服务。,补齐型号专用调用、选择器与恢复。,imageInference,"{""model"":9,""productAuxiliary"":8,""sourceCounts"":true}",false,false,,"{""generation"":{""mode"":""pixels"",""tiers"":{""512"":{""targetPixels"":262144},""1K"":{""targetPixels"":1048576},""1.5K"":{""targetPixels"":2359296},""2K"":{""targetPixels"":4194304}},""minSide"":256,""maxSide"":2048,""minPixels"":65536,""maxPixels"":4194304,""maxRatio"":16,""alignment"":16,""auto"":""square""},""editing"":{""mode"":""pixels"",""tiers"":{""512"":{""targetPixels"":262144},""1K"":{""targetPixels"":1048576},""1.5K"":{""targetPixels"":2359296},""2K"":{""targetPixels"":4194304}},""minSide"":256,""maxSide"":2048,""minPixels"":65536,""maxPixels"":4194304,""maxRatio"":16,""alignment"":16,""auto"":""square""}}","{""source"":""https://runware.ai/docs/models/bfl-flux-2-pro"",""checkedAt"":""2026-09-22"",""currency"":""USD"",""amount"":null,""accountTariffConfirmed"":false,""quote"":{""examples"":[{""configuration"":""text-to-image · 1536×1024"",""price"":""$0.045"",""latencyMs"":17205,""exampleId"":""radio-telescope-farewell-invitation""},{""configuration"":""text-to-image · 1536×1024"",""price"":""$0.045"",""latencyMs"":14348,""exampleId"":""aircraft-deicing-operations-blog-hero""},{""configuration"":""reference-to-image · 1024×1536"",""price"":""$0.075"",""latencyMs"":22691,""exampleId"":""art-deco-moth-wall-print""},{""configuration"":""reference-to-image · 1024×1536"",""price"":""$0.075"",""latencyMs"":23424,""exampleId"":""offshore-wind-instructor-persona-portrait""}]}}",统一端点；账号地区准入待确认,Bearer API Key；账号权限未实测,提交前保存 UUID；仅 getResponse 查询,2026-09-22,https://runware.ai/docs/models/bfl-flux-2-pro,https://runware.ai/docs/models/bfl-flux-2-pro/schema.json,b7c2d16045f9c56855eec0b8af1357e48d1efaa18a2fd1fd7d91ebb19e6888db
runware,待确认,Kandinsky 5.0 Image Lite,runware:kandinsky-5.0-image-lite@1,live,,image,尚未登记,适配链路已完成但真实调用未验证,真实账号权限、真实推理、账单与质量待确认；可选高级参数未全部开放；本轮不调用真实服务。,补齐型号专用调用、选择器与恢复。,imageInference,"{""model"":1,""productAuxiliary"":8,""sourceCounts"":true}",false,false,,"{""generation"":{""mode"":""table"",""tiers"":{""1K"":{""sizes"":{""1:1"":""1024x1024"",""9:20"":""640x1408"",""20:9"":""1408x640"",""3:5"":""768x1280"",""5:3"":""1280x768"",""7:9"":""896x1152"",""9:7"":""1152x896""}}},""auto"":""square""},""editing"":{""mode"":""table"",""tiers"":{""1K"":{""sizes"":{""1:1"":""1024x1024"",""9:20"":""640x1408"",""20:9"":""1408x640"",""3:5"":""768x1280"",""5:3"":""1280x768"",""7:9"":""896x1152"",""9:7"":""1152x896""}}},""auto"":""square""}}","{""source"":""https://runware.ai/docs/models/kandinsky-5-0-image-lite"",""checkedAt"":""2026-09-22"",""currency"":""USD"",""amount"":null,""accountTariffConfirmed"":false,""quote"":{""examples"":[{""configuration"":""text-to-image"",""price"":""$0.0051"",""latencyMs"":35004,""exampleId"":""synthesizer-technician-profile-avatar""},{""configuration"":""text-to-image"",""price"":""$0.0051"",""latencyMs"":8802,""exampleId"":""anime-oyster-hatchery-recruitment-illustration""},{""configuration"":""text-to-image"",""price"":""$0.0051"",""latencyMs"":20109,""exampleId"":""pneumatic-waste-system-explainer""},{""configuration"":""text-to-image"",""price"":""$0.0051"",""latencyMs"":27284,""exampleId"":""winter-lido-redevelopment-marketing-visual""}]}}",统一端点；账号地区准入待确认,Bearer API Key；账号权限未实测,提交前保存 UUID；仅 getResponse 查询,2026-09-22,https://runware.ai/docs/models/kandinsky-5-0-image-lite,https://runware.ai/docs/models/kandinsky-5-0-image-lite/schema.json,fb1a71ba68fe952d9e9319a13843f0685750ec53fe66b75d0c3a8a6399ebea56
runware,Alibaba,Z-Image-Turbo,runware:z-image@turbo,live,,image,尚未登记,适配链路已完成但真实调用未验证,真实账号权限、真实推理、账单与质量待确认；可选高级参数未全部开放；本轮不调用真实服务。,补齐型号专用调用、选择器与恢复。,imageInference,"{""model"":1,""productAuxiliary"":8,""sourceCounts"":true}",true,false,,"{""generation"":{""mode"":""pixels"",""tiers"":{""512"":{""targetPixels"":262144},""1K"":{""targetPixels"":1048576},""1.5K"":{""targetPixels"":2359296},""2K"":{""targetPixels"":4194304}},""minSide"":128,""maxSide"":2048,""minPixels"":16384,""maxPixels"":4194304,""maxRatio"":16,""alignment"":16,""auto"":""square""},""editing"":{""mode"":""pixels"",""tiers"":{""512"":{""targetPixels"":262144},""1K"":{""targetPixels"":1048576},""1.5K"":{""targetPixels"":2359296},""2K"":{""targetPixels"":4194304}},""minSide"":128,""maxSide"":2048,""minPixels"":16384,""maxPixels"":4194304,""maxRatio"":16,""alignment"":16,""auto"":""square""}}","{""source"":""https://runware.ai/docs/models/alibaba-z-image-turbo"",""checkedAt"":""2026-09-22"",""currency"":""USD"",""amount"":null,""accountTariffConfirmed"":false,""quote"":{""overview"":""~$0.0034 per megapixel"",""examples"":[{""configuration"":""image-to-image · 1280×768"",""price"":""$0.0006"",""latencyMs"":2325,""exampleId"":""artisan-falconry-hood-lifestyle-composite""},{""configuration"":""expand · 1344×768"",""price"":""$0.0006"",""latencyMs"":3613,""exampleId"":""cranberry-scanner-harvest-lifestyle-photograph""},{""configuration"":""text-to-image · 1024×1024"",""price"":""$0.0013"",""latencyMs"":1774,""exampleId"":""tidal-turbine-editorial-illustration""},{""configuration"":""inpaint · 768×1152"",""price"":""$0.0013"",""latencyMs"":4244,""exampleId"":""rail-operations-dispatcher-avatar""}]}}",统一端点；账号地区准入待确认,Bearer API Key；账号权限未实测,提交前保存 UUID；仅 getResponse 查询,2026-09-22,https://runware.ai/docs/models/alibaba-z-image-turbo,https://runware.ai/docs/models/alibaba-z-image-turbo/schema.json,88528f9716163f2326816a8f19367ddf51a64b2dc196ab7031bebf3438fc5cf9
runware,Black Forest Labs,FLUX.2 [dev],runware:400@1,live,,image,尚未登记,适配链路已完成但真实调用未验证,真实账号权限、真实推理、账单与质量待确认；可选高级参数未全部开放；本轮不调用真实服务。,补齐型号专用调用、选择器与恢复。,imageInference,"{""model"":4,""productAuxiliary"":8,""sourceCounts"":true}",false,false,,"{""generation"":{""mode"":""pixels"",""tiers"":{""512"":{""targetPixels"":262144},""1K"":{""targetPixels"":1048576},""1.5K"":{""targetPixels"":2359296},""2K"":{""targetPixels"":4194304}},""minSide"":512,""maxSide"":2048,""minPixels"":262144,""maxPixels"":4194304,""maxRatio"":16,""alignment"":16,""auto"":""square""},""editing"":{""mode"":""pixels"",""tiers"":{""512"":{""targetPixels"":262144},""1K"":{""targetPixels"":1048576},""1.5K"":{""targetPixels"":2359296},""2K"":{""targetPixels"":4194304}},""minSide"":512,""maxSide"":2048,""minPixels"":262144,""maxPixels"":4194304,""maxRatio"":16,""alignment"":16,""auto"":""square""}}","{""source"":""https://runware.ai/docs/models/bfl-flux-2-dev"",""checkedAt"":""2026-09-22"",""currency"":""USD"",""amount"":null,""accountTariffConfirmed"":false,""quote"":{""examples"":[{""configuration"":""text-to-image · 1024×1024"",""price"":""$0.009"",""latencyMs"":3787,""exampleId"":""contemporary-apiarist-workwear-lookbook""},{""configuration"":""text-to-image · 1024×1024"",""price"":""$0.009"",""latencyMs"":4627,""exampleId"":""maritime-artifact-exhibition-scene""},{""configuration"":""reference-to-image · 1536×1024"",""price"":""$0.0294"",""latencyMs"":13379,""exampleId"":""atacama-observatory-tourism-campaign-hero""},{""configuration"":""reference-to-image · 1536×1024"",""price"":""$0.0301"",""latencyMs"":12247,""exampleId"":""adaptive-rainwear-transit-lookbook""}]}}",统一端点；账号地区准入待确认,Bearer API Key；账号权限未实测,提交前保存 UUID；仅 getResponse 查询,2026-09-22,https://runware.ai/docs/models/bfl-flux-2-dev,https://runware.ai/docs/models/bfl-flux-2-dev/schema.json,0b0598233f20d6b31d896dede01c82f5de0f1c868cec32c14321fb325fc09660
runware,Black Forest Labs,FLUX.2 [flex],bfl:6@1,live,,image,尚未登记,适配链路已完成但真实调用未验证,真实账号权限、真实推理、账单与质量待确认；可选高级参数未全部开放；本轮不调用真实服务。,补齐型号专用调用、选择器与恢复。,imageInference,"{""model"":10,""productAuxiliary"":8,""sourceCounts"":true}",false,false,,"{""generation"":{""mode"":""pixels"",""tiers"":{""512"":{""targetPixels"":262144},""1K"":{""targetPixels"":1048576},""1.5K"":{""targetPixels"":2359296},""2K"":{""targetPixels"":4194304}},""minSide"":256,""maxSide"":2048,""minPixels"":65536,""maxPixels"":4194304,""maxRatio"":16,""alignment"":16,""auto"":""square""},""editing"":{""mode"":""pixels"",""tiers"":{""512"":{""targetPixels"":262144},""1K"":{""targetPixels"":1048576},""1.5K"":{""targetPixels"":2359296},""2K"":{""targetPixels"":4194304}},""minSide"":256,""maxSide"":2048,""minPixels"":65536,""maxPixels"":4194304,""maxRatio"":16,""alignment"":16,""auto"":""square""}}","{""source"":""https://runware.ai/docs/models/bfl-flux-2-flex"",""checkedAt"":""2026-09-22"",""currency"":""USD"",""amount"":null,""accountTariffConfirmed"":false,""quote"":{""overview"":""~$0.1431 per megapixel"",""examples"":[{""configuration"":""text-to-image · 1536×1024"",""price"":""$0.12"",""latencyMs"":21984,""exampleId"":""subsea-cable-repair-feature-illustration""},{""configuration"":""text-to-image · 1536×1024"",""price"":""$0.12"",""latencyMs"":36208,""exampleId"":""mine-water-heating-explainer""},{""configuration"":""reference-to-image · 1024×1536"",""price"":""$0.24"",""latencyMs"":21656,""exampleId"":""polar-logistics-report-cover""},{""configuration"":""reference-to-image · 1024×1536"",""price"":""$0.24"",""latencyMs"":21347,""exampleId"":""typefoundry-scratchboard-editorial-portrait""}]}}",统一端点；账号地区准入待确认,Bearer API Key；账号权限未实测,提交前保存 UUID；仅 getResponse 查询,2026-09-22,https://runware.ai/docs/models/bfl-flux-2-flex,https://runware.ai/docs/models/bfl-flux-2-flex/schema.json,1211b7e6fb8cb590c49dffcb06d10423b631e69668906c97992d6d98d6ec2ad7
runware,Alibaba,Qwen-Image-Edit-2511,alibaba:qwen-image-edit@2511,live,,image,适配链路已完成但真实调用未验证,适配链路已完成但真实调用未验证,真实账号权限、真实推理、账单与质量待确认；可选高级参数未全部开放；本轮不调用真实服务。,补齐型号专用调用、选择器与恢复。,imageInference,"{""model"":3,""productAuxiliary"":8,""sourceCounts"":true}",false,false,,"{""editing"":{""mode"":""pixels"",""tiers"":{""512"":{""targetPixels"":262144},""1K"":{""targetPixels"":1048576},""1.5K"":{""targetPixels"":2359296},""2K"":{""targetPixels"":4194304},""auto"":{}},""minSide"":512,""maxSide"":2048,""minPixels"":262144,""maxPixels"":4194304,""maxRatio"":16,""alignment"":1,""auto"":""square""}}","{""source"":""https://runware.ai/docs/models/alibaba-qwen-image-edit-2511"",""checkedAt"":""2026-09-22"",""currency"":""USD"",""amount"":null,""accountTariffConfirmed"":false,""quote"":{""examples"":[{""configuration"":""reference-to-image"",""price"":""$0.0063"",""latencyMs"":9854,""exampleId"":""coastal-tidal-pool-night-visualization""},{""configuration"":""reference-to-image"",""price"":""$0.00714"",""latencyMs"":10679,""exampleId"":""handheld-marine-radio-colorway""},{""configuration"":""reference-to-image"",""price"":""$0.0098"",""latencyMs"":14283,""exampleId"":""cathedral-conservation-team-portrait""},{""configuration"":""reference-to-image"",""price"":""$0.0108"",""latencyMs"":15717,""exampleId"":""adaptive-rain-cape-virtual-try-on""}]}}",统一端点；账号地区准入待确认,Bearer API Key；账号权限未实测,提交前保存 UUID；仅 getResponse 查询,2026-09-22,https://runware.ai/docs/models/alibaba-qwen-image-edit-2511,https://runware.ai/docs/models/alibaba-qwen-image-edit-2511/schema.json,48be4520c63764313965943caf0ddb6d92eab1110bd524078b312289b2e09d5d
runware,Google,Nano Banana Pro,google:4@2,live,,image,尚未登记,适配链路已完成但真实调用未验证,真实账号权限、真实推理、账单与质量待确认；可选高级参数未全部开放；本轮不调用真实服务。,补齐型号专用调用、选择器与恢复。,imageInference,"{""model"":14,""productAuxiliary"":8,""sourceCounts"":true}",false,false,,"{""generation"":{""mode"":""table"",""tiers"":{""1K"":{""sizes"":{""1:1"":""1024x1024"",""3:2"":""1264x848"",""2:3"":""848x1264"",""4:3"":""1200x896"",""3:4"":""896x1200"",""4:5"":""928x1152"",""5:4"":""1152x928"",""9:16"":""768x1376"",""16:9"":""1376x768"",""21:9"":""1548x672""}},""2K"":{""sizes"":{""1:1"":""2048x2048"",""3:2"":""2528x1696"",""2:3"":""1696x2528"",""4:3"":""2400x1792"",""3:4"":""1792x2400"",""4:5"":""1856x2304"",""5:4"":""2304x1856"",""9:16"":""1536x2752"",""16:9"":""2752x1536"",""21:9"":""3168x1344""}},""4K"":{""sizes"":{""1:1"":""4096x4096"",""3:2"":""5056x3392"",""2:3"":""3392x5056"",""4:3"":""4800x3584"",""3:4"":""3584x4800"",""4:5"":""3712x4608"",""5:4"":""4608x3712"",""9:16"":""3072x5504"",""16:9"":""5504x3072"",""21:9"":""6336x2688""}}},""auto"":""square""},""editing"":{""mode"":""table"",""tiers"":{""1K"":{""sizes"":{""1:1"":""1024x1024"",""3:2"":""1264x848"",""2:3"":""848x1264"",""4:3"":""1200x896"",""3:4"":""896x1200"",""4:5"":""928x1152"",""5:4"":""1152x928"",""9:16"":""768x1376"",""16:9"":""1376x768"",""21:9"":""1548x672""}},""2K"":{""sizes"":{""1:1"":""2048x2048"",""3:2"":""2528x1696"",""2:3"":""1696x2528"",""4:3"":""2400x1792"",""3:4"":""1792x2400"",""4:5"":""1856x2304"",""5:4"":""2304x1856"",""9:16"":""1536x2752"",""16:9"":""2752x1536"",""21:9"":""3168x1344""}},""4K"":{""sizes"":{""1:1"":""4096x4096"",""3:2"":""5056x3392"",""2:3"":""3392x5056"",""4:3"":""4800x3584"",""3:4"":""3584x4800"",""4:5"":""3712x4608"",""5:4"":""4608x3712"",""9:16"":""3072x5504"",""16:9"":""5504x3072"",""21:9"":""6336x2688""}}},""auto"":""square""}}","{""source"":""https://runware.ai/docs/models/google-nano-banana-pro"",""checkedAt"":""2026-09-22"",""currency"":""USD"",""amount"":null,""accountTariffConfirmed"":false,""quote"":{""overview"":""From $0.138/image"",""examples"":[{""configuration"":""text-to-image · 1376×768"",""price"":""$0.138"",""latencyMs"":31142,""exampleId"":""sail-assisted-freighter-woodblock-feature""},{""configuration"":""text-to-image · 1376×768"",""price"":""$0.138"",""latencyMs"":47325,""exampleId"":""semiquincentennial-numismatics-magazine-cover""},{""configuration"":""reference-to-image · 2K"",""price"":""$0.14"",""latencyMs"":47778,""exampleId"":""master-bell-tuner-headshot""},{""configuration"":""reference-to-image · 2K"",""price"":""$0.14"",""latencyMs"":47145,""exampleId"":""freshwater-mussel-classroom-science-poster""}]}}",统一端点；账号地区准入待确认,Bearer API Key；账号权限未实测,提交前保存 UUID；仅 getResponse 查询,2026-09-22,https://runware.ai/docs/models/google-nano-banana-pro,https://runware.ai/docs/models/google-nano-banana-pro/schema.json,2383fcfb11eb2c8e0f4626044cb0f4de9414957b88835e17b15517d95f7c50aa
runware,待确认,Dia2 2B,runware:dia2@2b,live,,范围外/待确认,尚未登记,尚未登记,"超出当前文本规划/图文理解/单张位图生成精修：audioInference（text-to-audio,checkpoint）。","超出当前文本规划/图文理解/单张位图生成精修：audioInference（text-to-audio,checkpoint）。",未接入,"{""productVision"":0}",false,false,,{},"{""examples"":[{""configuration"":""text-to-audio"",""price"":""$0.0048"",""latencyMs"":13720,""exampleId"":""alpine-apiary-podcast-stinger""},{""configuration"":""text-to-audio"",""price"":""$0.0163"",""latencyMs"":26118,""exampleId"":""rare-film-archive-podcast-opening""},{""configuration"":""multi-speaker-dialogue"",""price"":""$0.0211"",""latencyMs"":31344,""exampleId"":""electric-ferry-vocal-brand-stinger""},{""configuration"":""voice-cloning"",""price"":""$0.0355"",""latencyMs"":51867,""exampleId"":""mushroom-farm-biosecurity-module-narration""}]}",统一端点；账号地区准入待确认,Bearer API Key；账号权限未实测,提交前保存 UUID；仅 getResponse 查询,2026-09-22,https://runware.ai/docs/models/dia2-2b,https://runware.ai/docs/models/dia2-2b/schema.json,44b337a1c3c7e4d5adedbf8b38640a0b516590d88092385d5edb3494b38294f4
runware,Meta,SAM 3D Objects,meta:sam@3d,live,,范围外/待确认,尚未登记,尚未登记,"超出当前文本规划/图文理解/单张位图生成精修：3dInference（image-to-3d,checkpoint）。","超出当前文本规划/图文理解/单张位图生成精修：3dInference（image-to-3d,checkpoint）。",未接入,"{""productVision"":0}",false,false,,{},"{""examples"":[{""configuration"":""image-to-3d"",""price"":""$0.0051"",""latencyMs"":103258,""exampleId"":""stop-motion-laundromat-set-maquette""},{""configuration"":""image-to-3d"",""price"":""$0.0051"",""latencyMs"":49604,""exampleId"":""vampire-squid-exhibit-creature-model""},{""configuration"":""image-to-3d"",""price"":""$0.0051"",""latencyMs"":71440,""exampleId"":""polar-clinic-set-digital-twin""},{""configuration"":""image-to-3d"",""price"":""$0.009"",""latencyMs"":103869,""exampleId"":""demining-detection-rat-vr-model""}]}",统一端点；账号地区准入待确认,Bearer API Key；账号权限未实测,提交前保存 UUID；仅 getResponse 查询,2026-09-22,https://runware.ai/docs/models/meta-sam-3d-objects,https://runware.ai/docs/models/meta-sam-3d-objects/schema.json,d66ac3a181b10e005d706fd5352138763cd450d4c44c1bc47c72f5a8f567f011
runware,ImagineArt,ImagineArt 1.5,imagineart:1@5,live,,image,尚未登记,适配链路已完成但真实调用未验证,真实账号权限、真实推理、账单与质量待确认；可选高级参数未全部开放；本轮不调用真实服务。,补齐型号专用调用、选择器与恢复。,imageInference,"{""model"":1,""productAuxiliary"":8,""sourceCounts"":true}",false,false,,"{""generation"":{""mode"":""table"",""tiers"":{""2K"":{""sizes"":{""1:1"":""2048x2048"",""16:9"":""2560x1440"",""9:16"":""1440x2560"",""4:3"":""2304x1728"",""3:4"":""1728x2304"",""3:1"":""2472x824"",""1:3"":""824x2472"",""3:2"":""2496x1664"",""2:3"":""1664x2496""}}},""auto"":""square""}}","{""source"":""https://runware.ai/docs/models/imagineart-1-5"",""checkedAt"":""2026-09-22"",""currency"":""USD"",""amount"":null,""accountTariffConfirmed"":false,""quote"":{""examples"":[{""configuration"":""text-to-image"",""price"":""$0.03"",""latencyMs"":37463,""exampleId"":""geothermal-energy-campaign-key-visual""},{""configuration"":""text-to-image"",""price"":""$0.03"",""latencyMs"":34026,""exampleId"":""night-pollinator-crew-shirt-graphic""},{""configuration"":""text-to-image"",""price"":""$0.03"",""latencyMs"":31522,""exampleId"":""radio-telescope-music-festival-poster""},{""configuration"":""text-to-image"",""price"":""$0.03"",""latencyMs"":40753,""exampleId"":""paleontology-campaign-banner-expansion""}]}}",统一端点；账号地区准入待确认,Bearer API Key；账号权限未实测,提交前保存 UUID；仅 getResponse 查询,2026-09-22,https://runware.ai/docs/models/imagineart-1-5,https://runware.ai/docs/models/imagineart-1-5/schema.json,7fa1fcb368019beb52536326075a0ae5749a7432753679039bb35d639452e1fb
runware,Pruna AI,P-Image-Edit,prunaai:2@1,live,,image,尚未登记,适配链路已完成但真实调用未验证,真实账号权限、真实推理、账单与质量待确认；可选高级参数未全部开放；本轮不调用真实服务。,补齐型号专用调用、选择器与恢复。,imageInference,"{""model"":4,""productAuxiliary"":8,""sourceCounts"":true}",false,false,,"{""editing"":{""mode"":""table"",""tiers"":{""1K"":{""sizes"":{""1:1"":""1024x1024"",""4:3"":""1184x896"",""3:4"":""896x1184"",""16:9"":""1376x768"",""9:16"":""768x1376"",""3:2"":""1248x832"",""2:3"":""832x1248""}}},""auto"":""square""}}","{""source"":""https://runware.ai/docs/models/prunaai-p-image-edit"",""checkedAt"":""2026-09-22"",""currency"":""USD"",""amount"":null,""accountTariffConfirmed"":false,""quote"":{""examples"":[{""configuration"":""reference-to-image"",""price"":""$0.0088"",""latencyMs"":5394,""exampleId"":""airport-falconry-campaign-photograph""},{""configuration"":""reference-to-image"",""price"":""$0.0088"",""latencyMs"":6744,""exampleId"":""dinosaur-exhibition-photo-cleanup""},{""configuration"":""reference-to-image"",""price"":""$0.0088"",""latencyMs"":6956,""exampleId"":""space-capsule-catalog-image-cleanup""},{""configuration"":""reference-to-image"",""price"":""$0.0088"",""latencyMs"":7002,""exampleId"":""arborist-safetywear-virtual-try-on""}]}}",统一端点；账号地区准入待确认,Bearer API Key；账号权限未实测,提交前保存 UUID；仅 getResponse 查询,2026-09-22,https://runware.ai/docs/models/prunaai-p-image-edit,https://runware.ai/docs/models/prunaai-p-image-edit/schema.json,c1c0fddfdbbcc9e2a1cb615c3c223ee5f862ef8aa7595e1642fa7c606d8c793d
runware,Bria,Bria FIBO,bria:20@1,live,,image,尚未登记,适配链路已完成但真实调用未验证,真实账号权限、真实推理、账单与质量待确认；可选高级参数未全部开放；本轮不调用真实服务。,补齐型号专用调用、选择器与恢复。,imageInference,"{""model"":1,""productAuxiliary"":8,""sourceCounts"":true}",false,false,,"{""generation"":{""mode"":""table"",""tiers"":{""1K"":{""sizes"":{""1:1"":""1024x1024"",""2:3"":""832x1216"",""3:2"":""1216x832"",""7:9"":""896x1152"",""9:7"":""1152x896"",""14:17"":""896x1088"",""17:14"":""1088x896"",""4:7"":""768x1344"",""7:4"":""1344x768""}}},""auto"":""square""},""editing"":{""mode"":""table"",""tiers"":{""1K"":{""sizes"":{""1:1"":""1024x1024"",""2:3"":""832x1216"",""3:2"":""1216x832"",""7:9"":""896x1152"",""9:7"":""1152x896"",""14:17"":""896x1088"",""17:14"":""1088x896"",""4:7"":""768x1344"",""7:4"":""1344x768""}}},""auto"":""square""}}","{""source"":""https://runware.ai/docs/models/bria-fibo"",""checkedAt"":""2026-09-22"",""currency"":""USD"",""amount"":null,""accountTariffConfirmed"":false,""quote"":{""overview"":""Each image generation costs $0.04 at 1024x1024."",""examples"":[{""configuration"":""image-edit · 896×1152"",""price"":""$0.04"",""latencyMs"":16327,""exampleId"":""coastal-carbon-sensor-campaign-visual""},{""configuration"":""text-to-image · 1216×832"",""price"":""$0.04"",""latencyMs"":21325,""exampleId"":""radio-observatory-concert-poster""},{""configuration"":""image-edit · 896×1152"",""price"":""$0.04"",""latencyMs"":20125,""exampleId"":""beaver-wetland-science-book-illustration""},{""configuration"":""text-to-image · 1216×832"",""price"":""$0.04"",""latencyMs"":41794,""exampleId"":""deicing-crew-linocut-restyle""}]}}",统一端点；账号地区准入待确认,Bearer API Key；账号权限未实测,提交前保存 UUID；仅 getResponse 查询,2026-09-22,https://runware.ai/docs/models/bria-fibo,https://runware.ai/docs/models/bria-fibo/schema.json,24c5ab245aadec1b993b845c1178a67443205dccc1eac32d281a5707d57f87a8
runware,ByteDance,ByteDance Video Upscaler,bytedance:50@1,live,,范围外/待确认,尚未登记,尚未登记,"超出当前文本规划/图文理解/单张位图生成精修：upscale（video-to-video,upscale,checkpoint）。","超出当前文本规划/图文理解/单张位图生成精修：upscale（video-to-video,upscale,checkpoint）。",未接入,"{""productVision"":0}",false,false,,{},"{""overview"":""Pricing starts at $0.00265 per second for 720p under 30fps. Resolution and Fps highly affects pricing "",""examples"":[{""configuration"":""upscale"",""price"":""$0.129"",""latencyMs"":118768,""exampleId"":""algae-dyed-rain-shell-showcase""},{""configuration"":""upscale"",""price"":""$0.129"",""latencyMs"":133674,""exampleId"":""deep-sea-expedition-footage-restoration""},{""configuration"":""upscale"",""price"":""$0.129"",""latencyMs"":110063,""exampleId"":""antique-watch-restoration-reel""},{""configuration"":""upscale"",""price"":""$0.129"",""latencyMs"":130674,""exampleId"":""seed-vault-animated-logo-ident""}]}",统一端点；账号地区准入待确认,Bearer API Key；账号权限未实测,提交前保存 UUID；仅 getResponse 查询,2026-09-22,https://runware.ai/docs/models/bytedance-video-upscaler,https://runware.ai/docs/models/bytedance-video-upscaler/schema.json,634b5dd2cc9a9e68479b2f3baa957bd4cf4038a4044f57620527cdf9961b711f
runware,MiniMax,MiniMax Hailuo 2.3 Fast,minimax:4@2,live,,范围外/待确认,尚未登记,尚未登记,"超出当前文本规划/图文理解/单张位图生成精修：videoInference（image-to-video,checkpoint）。","超出当前文本规划/图文理解/单张位图生成精修：videoInference（image-to-video,checkpoint）。",未接入,"{""productVision"":0}",false,false,,{},"{""overview"":""Currently 20% off for February 2026!"",""examples"":[{""configuration"":""first-frame"",""price"":""$0.32"",""latencyMs"":89619,""exampleId"":""heritage-signal-workshop-logo-loop""},{""configuration"":""first-frame"",""price"":""$0.32"",""latencyMs"":131696,""exampleId"":""smart-beehive-monitor-social-reel""},{""configuration"":""first-frame"",""price"":""$0.32"",""latencyMs"":116894,""exampleId"":""analog-seed-laboratory-music-video""},{""configuration"":""first-frame"",""price"":""$0.32"",""latencyMs"":100865,""exampleId"":""nuclear-safety-briefing-presenter""}]}",统一端点；账号地区准入待确认,Bearer API Key；账号权限未实测,提交前保存 UUID；仅 getResponse 查询,2026-09-22,https://runware.ai/docs/models/minimax-hailuo-2-3-fast,https://runware.ai/docs/models/minimax-hailuo-2-3-fast/schema.json,ee3a0c40775229a29c4462d8c7af2d12f1cb2e5d8ec2477a2fa56667fa75c675
runware,MiniMax,MiniMax Hailuo 2.3,minimax:4@1,live,,范围外/待确认,尚未登记,尚未登记,"超出当前文本规划/图文理解/单张位图生成精修：videoInference（text-to-video,image-to-video,checkpoint）。","超出当前文本规划/图文理解/单张位图生成精修：videoInference（text-to-video,image-to-video,checkpoint）。",未接入,"{""productVision"":0}",false,false,,{},"{""overview"":""From $0.28 per generation"",""examples"":[{""configuration"":""text-to-video · 1080p · 6s"",""price"":""$0.49"",""latencyMs"":192466,""exampleId"":""volcanic-observatory-safety-presenter""},{""configuration"":""text-to-video · 1080p · 6s"",""price"":""$0.49"",""latencyMs"":203887,""exampleId"":""marine-acoustics-logo-loop""},{""configuration"":""first-frame · 1366×768 · 10s"",""price"":""$0.56"",""latencyMs"":157292,""exampleId"":""kelp-fiber-outerwear-showcase""},{""configuration"":""first-frame · 1366×768 · 10s"",""price"":""$0.56"",""latencyMs"":160005,""exampleId"":""silkworm-cocoon-sorting-b-roll""}]}",统一端点；账号地区准入待确认,Bearer API Key；账号权限未实测,提交前保存 UUID；仅 getResponse 查询,2026-09-22,https://runware.ai/docs/models/minimax-hailuo-2-3,https://runware.ai/docs/models/minimax-hailuo-2-3/schema.json,5cb8c1a2ce16802298124ce689d3d3d80207dabda3b8f3a54b8bf81aa3b3cc84
runware,ByteDance,Seedance 1.0 Pro Fast,bytedance:2@2,live,,范围外/待确认,尚未登记,尚未登记,"超出当前文本规划/图文理解/单张位图生成精修：videoInference（text-to-video,image-to-video,checkpoint）。","超出当前文本规划/图文理解/单张位图生成精修：videoInference（text-to-video,image-to-video,checkpoint）。",未接入,"{""productVision"":0}",false,false,,{},"{""overview"":""≈ $0.0062/s at 480p, $0.0140/s at 720p, and $0.0314/s at 1080p"",""examples"":[{""configuration"":""text-to-video · 720p · 6s"",""price"":""$0.0807"",""latencyMs"":33991,""exampleId"":""aquaculture-workwear-fashion-showcase-reel""},{""configuration"":""text-to-video · 720p · 6s"",""price"":""$0.0807"",""latencyMs"":33106,""exampleId"":""sourdough-culture-archive-presenter""},{""configuration"":""first-frame · 1080p · 5s"",""price"":""$0.16"",""latencyMs"":81906,""exampleId"":""glassblowing-workshop-social-reel""},{""configuration"":""first-frame · 1080p · 5s"",""price"":""$0.16"",""latencyMs"":41389,""exampleId"":""tidal-sensor-network-logo-loop""}]}",统一端点；账号地区准入待确认,Bearer API Key；账号权限未实测,提交前保存 UUID；仅 getResponse 查询,2026-09-22,https://runware.ai/docs/models/bytedance-seedance-1-0-pro-fast,https://runware.ai/docs/models/bytedance-seedance-1-0-pro-fast/schema.json,ea389b1b96fe9f599ab50be64532dece6785ff71f580d7a4f2bb6408c83ee52e
runware,Kling AI,KlingAI 2.5 Turbo Standard,klingai:6@0,live,,范围外/待确认,尚未登记,尚未登记,"超出当前文本规划/图文理解/单张位图生成精修：videoInference（image-to-video,checkpoint）。","超出当前文本规划/图文理解/单张位图生成精修：videoInference（image-to-video,checkpoint）。",未接入,"{""productVision"":0}",false,false,,{},"{""overview"":""Each generation will cost $0.0420/s for 720p."",""examples"":[{""configuration"":""text-to-video · 5s"",""price"":""$0.21"",""latencyMs"":70644,""exampleId"":""boutique-dental-crown-reel""},{""configuration"":""text-to-video · 5s"",""price"":""$0.21"",""latencyMs"":53944,""exampleId"":""silent-film-archive-documentary-teaser""},{""configuration"":""first-frame · 10s"",""price"":""$0.42"",""latencyMs"":86427,""exampleId"":""urban-beekeeping-outerwear-showcase-reel""},{""configuration"":""first-frame · 10s"",""price"":""$0.42"",""latencyMs"":89487,""exampleId"":""textile-dye-archivist-presenter-clip""}]}",统一端点；账号地区准入待确认,Bearer API Key；账号权限未实测,提交前保存 UUID；仅 getResponse 查询,2026-09-22,https://runware.ai/docs/models/klingai-2-5-turbo-standard,https://runware.ai/docs/models/klingai-2-5-turbo-standard/schema.json,e7ea235f113b2899a56cd12b470af2ff97ed464783945ca01a2414c3a10bf6e4
runware,Mirelo,Mirelo SFX 1.5,mirelo:1@1,live,,范围外/待确认,尚未登记,尚未登记,"超出当前文本规划/图文理解/单张位图生成精修：audioInference（text-to-audio,video-to-audio,checkpoint）。","超出当前文本规划/图文理解/单张位图生成精修：audioInference（text-to-audio,video-to-audio,checkpoint）。",未接入,"{""productVision"":0}",false,false,,{},"{""overview"":""Pricing starts at $0.01/s for text to audio and video to audio "",""examples"":[{""configuration"":""text-to-audio · 6s"",""price"":""$0.0015"",""latencyMs"":2542,""exampleId"":""avalanche-rescue-training-audio-clip""},{""configuration"":""text-to-audio · 6s"",""price"":""$0.0015"",""latencyMs"":2614,""exampleId"":""apiary-training-narration-soundscape""},{""configuration"":""video-edit"",""price"":""$0.0024"",""latencyMs"":8509,""exampleId"":""herbarium-specimen-mounting-lesson-clip""},{""configuration"":""video-edit"",""price"":""$0.0024"",""latencyMs"":7709,""exampleId"":""watchmaking-podcast-segment-opener""}]}",统一端点；账号地区准入待确认,Bearer API Key；账号权限未实测,提交前保存 UUID；仅 getResponse 查询,2026-09-22,https://runware.ai/docs/models/mirelo-sfx-1-5,https://runware.ai/docs/models/mirelo-sfx-1-5/schema.json,e9c20b681740266895680d0aa9651352e6408dfa1e489b5b6997b616005e41e9
runware,Vidu,Vidu Q2 Turbo,vidu:3@2,live,,范围外/待确认,尚未登记,尚未登记,"超出当前文本规划/图文理解/单张位图生成精修：videoInference（image-to-video,checkpoint）。","超出当前文本规划/图文理解/单张位图生成精修：videoInference（image-to-video,checkpoint）。",未接入,"{""productVision"":0}",false,false,,{},"{""examples"":[{""configuration"":""first-frame · 720p · 5s"",""price"":""$0.11"",""latencyMs"":59330,""exampleId"":""pollinator-documentary-vertical-title-teaser""},{""configuration"":""reference-to-video · 960×960 · 6s"",""price"":""$0.138"",""latencyMs"":50777,""exampleId"":""autonomous-beach-cleaner-b-roll""},{""configuration"":""first-last-frame · 720p · 8s"",""price"":""$0.193"",""latencyMs"":59924,""exampleId"":""antarctic-meteorite-curator-briefing""}]}",统一端点；账号地区准入待确认,Bearer API Key；账号权限未实测,提交前保存 UUID；仅 getResponse 查询,2026-09-22,https://runware.ai/docs/models/vidu-q2-turbo,https://runware.ai/docs/models/vidu-q2-turbo/schema.json,9e1f4c97e13ee210f08e2ffd937b95b1636f75d10d27c43c0c05a56ef7d6b396
runware,Google,Veo 3.1,google:3@2,live,,范围外/待确认,尚未登记,尚未登记,"超出当前文本规划/图文理解/单张位图生成精修：videoInference（text-to-video,image-to-video,audio-to-video,edit,extend,checkpoint,audio）。","超出当前文本规划/图文理解/单张位图生成精修：videoInference（text-to-video,image-to-video,audio-to-video,edit,extend,checkpoint,audio）。",未接入,"{""productVision"":0}",false,false,,{},"{""overview"":""Each generation will cost $0.2/s for 720p, or $0.4/s for 720p with audio."",""examples"":[{""configuration"":""text-to-video · 1080p · 4s · generateAudio"",""price"":""$1.60"",""latencyMs"":89836,""exampleId"":""ultrasonic-vinyl-cleaning-social-reel""},{""configuration"":""first-last-frame · 720p · 6s · generateAudio"",""price"":""$2.40"",""latencyMs"":79917,""exampleId"":""underwater-camera-housing-colorway-reveal""},{""configuration"":""first-frame · 720p · 6s · generateAudio"",""price"":""$2.40"",""latencyMs"":57519,""exampleId"":""oyster-grading-machine-demo""},{""configuration"":""video-edit · 7s"",""price"":""$2.80"",""latencyMs"":76391,""exampleId"":""arborist-helmet-colorway-reveal""},{""configuration"":""reference-to-video · 1080p · 8s · generateAudio"",""price"":""$3.20"",""latencyMs"":92297,""exampleId"":""antique-automaton-background-replacement""}]}",统一端点；账号地区准入待确认,Bearer API Key；账号权限未实测,提交前保存 UUID；仅 getResponse 查询,2026-09-22,https://runware.ai/docs/models/google-veo-3-1,https://runware.ai/docs/models/google-veo-3-1/schema.json,105e39bcfb1e2b4600bfb78100151b8a3bc39081a2ccf28ca054f25f5976da77
runware,Google,Veo 3.1 Fast,google:3@3,live,,范围外/待确认,尚未登记,尚未登记,"超出当前文本规划/图文理解/单张位图生成精修：videoInference（text-to-video,image-to-video,edit,extend,checkpoint,audio）。","超出当前文本规划/图文理解/单张位图生成精修：videoInference（text-to-video,image-to-video,edit,extend,checkpoint,audio）。",未接入,"{""productVision"":0}",false,false,,{},"{""overview"":""Each generation will cost $0.1/s for 1080p, or $0.15/s for 1080p with audio."",""examples"":[{""configuration"":""first-frame · 720p · 4s"",""price"":""$0.60"",""latencyMs"":43745,""exampleId"":""bronze-bell-foundry-b-roll""},{""configuration"":""text-to-video · 1080p · 6s · generateAudio"",""price"":""$0.90"",""latencyMs"":81263,""exampleId"":""night-transit-director-portrait-loop""},{""configuration"":""video-extend · 7s"",""price"":""$1.05"",""latencyMs"":80931,""exampleId"":""precision-fermentation-sampling-b-roll""},{""configuration"":""reference-to-video · 1080p · 8s"",""price"":""$1.20"",""latencyMs"":103293,""exampleId"":""art-deco-lido-relight-film""},{""configuration"":""first-last-frame · 1080p · 8s"",""price"":""$1.20"",""latencyMs"":115668,""exampleId"":""ammonite-fossil-preparation-b-roll""}]}",统一端点；账号地区准入待确认,Bearer API Key；账号权限未实测,提交前保存 UUID；仅 getResponse 查询,2026-09-22,https://runware.ai/docs/models/google-veo-3-1-fast,https://runware.ai/docs/models/google-veo-3-1-fast/schema.json,f77502ea6201d5710988c2460d0620e8d3c414a9b584eb73a29800ac97f06f90
runware,Anthropic,Claude Haiku 4.5,anthropic:claude@haiku-4.5,live,,main / vision,尚未登记,适配链路已完成但真实调用未验证,真实账号权限、真实推理、账单与质量待确认；可选高级参数未全部开放；本轮不调用真实服务。,补齐型号专用调用、选择器与恢复。,textInference,"{""productVision"":3}",false,false,,{},"{""source"":""https://runware.ai/docs/models/anthropic-claude-haiku-4-5"",""checkedAt"":""2026-09-22"",""currency"":""USD"",""amount"":null,""accountTariffConfirmed"":false,""quote"":{""examples"":[{""configuration"":""text-generation"",""price"":""$0.00473"",""latencyMs"":9203,""exampleId"":""wrong-item-refund-resolution""},{""configuration"":""text-generation"",""price"":""$0.0051"",""latencyMs"":10839,""exampleId"":""saas-incident-executive-brief""},{""configuration"":""text-generation"",""price"":""$0.00658"",""latencyMs"":10271,""exampleId"":""restaurant-refrigeration-bid-decision-memo""},{""configuration"":""reference-to-text"",""price"":""$0.00991"",""latencyMs"":27900,""exampleId"":""hotel-room-defect-punch-list""}]}}",统一端点；账号地区准入待确认,Bearer API Key；账号权限未实测,提交前保存 UUID；仅 getResponse 查询,2026-09-22,https://runware.ai/docs/models/anthropic-claude-haiku-4-5,https://runware.ai/docs/models/anthropic-claude-haiku-4-5/schema.json,dc3276ec3062c232eb18cb3b57d10e47257f4f5bac151bc4dedb91a9e4a7fc53
runware,Hyper3D,Rodin Gen-2,hyper3d:rodin@gen-2,live,,范围外/待确认,尚未登记,尚未登记,"超出当前文本规划/图文理解/单张位图生成精修：3dInference（text-to-3d,image-to-3d,checkpoint）。","超出当前文本规划/图文理解/单张位图生成精修：3dInference（text-to-3d,image-to-3d,checkpoint）。",未接入,"{""productVision"":0}",false,false,,{},"{""overview"":""Pricing starts at $0.4 per generation, if add ons ( array ) parameter includes HighPack pricing is $1.2"",""examples"":[{""configuration"":""text-to-3d"",""price"":""$0.40"",""latencyMs"":127628,""exampleId"":""countertop-koji-fermentation-crock-mockup""},{""configuration"":""text-to-3d"",""price"":""$0.40"",""latencyMs"":120893,""exampleId"":""subsea-salvage-sonar-beacon-prop""},{""configuration"":""reference-to-3d · quality medium"",""price"":""$1.20"",""latencyMs"":505995,""exampleId"":""1970s-community-radio-booth-set""},{""configuration"":""reference-to-3d · quality medium"",""price"":""$1.20"",""latencyMs"":150869,""exampleId"":""museum-thylacine-reconstruction-model""}]}",统一端点；账号地区准入待确认,Bearer API Key；账号权限未实测,提交前保存 UUID；仅 getResponse 查询,2026-09-22,https://runware.ai/docs/models/hyper3d-rodin-gen-2,https://runware.ai/docs/models/hyper3d-rodin-gen-2/schema.json,5c37a88270dc3a197743be8937236547db908606fb2a135126e9b6c0cc27b476
runware,OpenAI,Sora 2 Pro,openai:3@2,deprecated,2026-09-24T00:00:00Z,范围外/待确认,尚未登记,尚未登记,"超出当前文本规划/图文理解/单张位图生成精修：videoInference（text-to-video,image-to-video,checkpoint,audio）。","超出当前文本规划/图文理解/单张位图生成精修：videoInference（text-to-video,image-to-video,checkpoint,audio）。",未接入,"{""productVision"":0}",false,false,,{},"{""overview"":""Each generation will cost $0.3/s for 720p, or $0.5/s for 1080p."",""examples"":[{""configuration"":""first-frame · 8s"",""price"":""$5.60"",""latencyMs"":542467,""exampleId"":""tailored-beekeeper-suit-fashion-reel""},{""configuration"":""first-frame · 8s"",""price"":""$5.60"",""latencyMs"":553143,""exampleId"":""urban-tree-pest-advisory""},{""configuration"":""text-to-video · 12s"",""price"":""$8.40"",""latencyMs"":426425,""exampleId"":""seed-archive-synthpop-video""},{""configuration"":""text-to-video · 12s"",""price"":""$8.40"",""latencyMs"":426549,""exampleId"":""seismic-journal-logo-loop""}]}",统一端点；账号地区准入待确认,Bearer API Key；账号权限未实测,提交前保存 UUID；仅 getResponse 查询,2026-09-22,https://runware.ai/docs/models/openai-sora-2-pro,https://runware.ai/docs/models/openai-sora-2-pro/schema.json,333cd5b0dd26e1feb77f248fe8573bd237d51bea4828251065013a12ec074c89
runware,OpenAI,Sora 2,openai:3@1,deprecated,2026-09-24T00:00:00Z,范围外/待确认,尚未登记,尚未登记,"超出当前文本规划/图文理解/单张位图生成精修：videoInference（text-to-video,image-to-video,video-to-video,audio-to-video,edit,extend,checkpoint,audio）。","超出当前文本规划/图文理解/单张位图生成精修：videoInference（text-to-video,image-to-video,video-to-video,audio-to-video,edit,extend,checkpoint,audio）。",未接入,"{""productVision"":0}",false,false,,{},"{""overview"":""Each generation will cost $0.1/s for 720p."",""examples"":[{""configuration"":""first-frame · 4s"",""price"":""$0.40"",""latencyMs"":83924,""exampleId"":""avalanche-dog-unit-recruitment-clip""},{""configuration"":""first-frame · 4s"",""price"":""$0.40"",""latencyMs"":80207,""exampleId"":""offshore-technician-background-replacement""},{""configuration"":""text-to-video · 8s"",""price"":""$0.80"",""latencyMs"":107935,""exampleId"":""ceramicist-hearing-protector-try-on""},{""configuration"":""text-to-video · 8s"",""price"":""$0.80"",""latencyMs"":111809,""exampleId"":""apollo-seamstress-background-replacement""}]}",统一端点；账号地区准入待确认,Bearer API Key；账号权限未实测,提交前保存 UUID；仅 getResponse 查询,2026-09-22,https://runware.ai/docs/models/openai-sora-2,https://runware.ai/docs/models/openai-sora-2/schema.json,d227484fc9ebf3cb7de79db1d634b6f0cba5328b4fae617f0d6f9bf7e219228b
runware,Alibaba,Wan2.5-Preview,runware:201@1,live,,范围外/待确认,尚未登记,尚未登记,"超出当前文本规划/图文理解/单张位图生成精修：videoInference（text-to-video,image-to-video,audio-to-video,checkpoint,audio）。","超出当前文本规划/图文理解/单张位图生成精修：videoInference（text-to-video,image-to-video,audio-to-video,checkpoint,audio）。",未接入,"{""productVision"":0}",false,false,,{},"{""overview"":""Each generation will cost $0.0946/s for 720p, or $0.1476/s for 1080p."",""examples"":[{""configuration"":""text-to-video · 720p · 5s · audio"",""price"":""$0.454"",""latencyMs"":108641,""exampleId"":""harbor-pilot-safety-bulletin""},{""configuration"":""text-to-video · 720p · 5s · audio"",""price"":""$0.454"",""latencyMs"":109488,""exampleId"":""florist-shears-social-video-ad""},{""configuration"":""audio-driven · 832×1088 · 5s"",""price"":""$0.454"",""latencyMs"":127748,""exampleId"":""couture-apiary-protective-suit-reel""},{""configuration"":""first-frame · 1080p · 10s · audio"",""price"":""$1.36"",""latencyMs"":188639,""exampleId"":""fossil-preparation-tour-reel""}]}",统一端点；账号地区准入待确认,Bearer API Key；账号权限未实测,提交前保存 UUID；仅 getResponse 查询,2026-09-22,https://runware.ai/docs/models/alibaba-wan2-5-preview,https://runware.ai/docs/models/alibaba-wan2-5-preview/schema.json,a7b51ecf9a8825e5f8819227582b204ef36da3db52240c7310d686976513296d
runware,VEED,VEED Fabric 1.0,veed:fabric@1.0-hosted,live,,范围外/待确认,尚未登记,尚未登记,"超出当前文本规划/图文理解/单张位图生成精修：videoInference（image-to-video,audio-to-video,checkpoint）。","超出当前文本规划/图文理解/单张位图生成精修：videoInference（image-to-video,audio-to-video,checkpoint）。",未接入,"{""productVision"":0}",false,false,,{},"{""examples"":[{""configuration"":""audio-driven"",""price"":""$1.20"",""latencyMs"":162512,""exampleId"":""coastal-radio-logo-sting""},{""configuration"":""audio-driven"",""price"":""$1.35"",""latencyMs"":191025,""exampleId"":""arctic-seed-vault-series-teaser""},{""configuration"":""audio-driven"",""price"":""$2.10"",""latencyMs"":307005,""exampleId"":""sculptural-millinery-showcase-reel""},{""configuration"":""audio-driven"",""price"":""$3.15"",""latencyMs"":441099,""exampleId"":""pearl-diver-spoken-word-performance""}]}",统一端点；账号地区准入待确认,Bearer API Key；账号权限未实测,提交前保存 UUID；仅 getResponse 查询,2026-09-22,https://runware.ai/docs/models/veed-fabric-1-0-hosted,https://runware.ai/docs/models/veed-fabric-1-0-hosted/schema.json,ba7ba2b2a13659462e1d8a2cbcb0c496c7a6d1fb95c1869aa962314cbea32340
runware,Vidu,Vidu Q2 Pro,vidu:3@1,live,,范围外/待确认,尚未登记,尚未登记,"超出当前文本规划/图文理解/单张位图生成精修：videoInference（image-to-video,checkpoint）。","超出当前文本规划/图文理解/单张位图生成精修：videoInference（image-to-video,checkpoint）。",未接入,"{""productVision"":0}",false,false,,{},"{""overview"":""Each generation will cost $0.0688/s for 1080p."",""examples"":[{""configuration"":""reference-to-video · 960×960 · 5s"",""price"":""$0.124"",""latencyMs"":59564,""exampleId"":""coral-micropropagation-laboratory-b-roll""},{""configuration"":""first-frame · 720p · 6s"",""price"":""$0.179"",""latencyMs"":91183,""exampleId"":""flower-market-music-video-segment""},{""configuration"":""first-last-frame · 720p · 8s"",""price"":""$0.234"",""latencyMs"":236266,""exampleId"":""mine-safety-avatar-presenter-clip""}]}",统一端点；账号地区准入待确认,Bearer API Key；账号权限未实测,提交前保存 UUID；仅 getResponse 查询,2026-09-22,https://runware.ai/docs/models/vidu-q2-pro,https://runware.ai/docs/models/vidu-q2-pro/schema.json,108af8010ad50ad520ca21176fff149a4b9e863a5cd9f91da951f3b8a7e961fb
runware,Alibaba,Wan2.5-Preview Image,runware:201@10,live,,image,尚未登记,适配链路已完成但真实调用未验证,真实账号权限、真实推理、账单与质量待确认；可选高级参数未全部开放；本轮不调用真实服务。,补齐型号专用调用、选择器与恢复。,imageInference,"{""model"":1,""productAuxiliary"":8,""sourceCounts"":true}",false,false,,"{""generation"":{""mode"":""pixels"",""tiers"":{""1K"":{""targetPixels"":1048576}},""minSide"":128,""maxSide"":2048,""minPixels"":589824,""maxPixels"":2073600,""maxRatio"":4,""alignment"":1,""auto"":""square""}}","{""source"":""https://runware.ai/docs/models/alibaba-wan2-5-preview-image"",""checkedAt"":""2026-09-22"",""currency"":""USD"",""amount"":null,""accountTariffConfirmed"":false,""quote"":{""overview"":""$0.027 per image"",""examples"":[{""configuration"":""text-to-image"",""price"":""$0.03"",""latencyMs"":17238,""exampleId"":""seismic-ceramics-exhibition-book-cover""},{""configuration"":""text-to-image"",""price"":""$0.03"",""latencyMs"":16627,""exampleId"":""planetarium-curator-profile-avatar""},{""configuration"":""text-to-image"",""price"":""$0.03"",""latencyMs"":33346,""exampleId"":""independent-perfumer-editorial-portrait""},{""configuration"":""text-to-image"",""price"":""$0.03"",""latencyMs"":33613,""exampleId"":""sewer-robotics-magazine-cover""}]}}",统一端点；账号地区准入待确认,Bearer API Key；账号权限未实测,提交前保存 UUID；仅 getResponse 查询,2026-09-22,https://runware.ai/docs/models/alibaba-wan2-5-preview-image,https://runware.ai/docs/models/alibaba-wan2-5-preview-image/schema.json,46db67a3f8e4591b4b331eac95139f42314ced6fc6daa14400d986977ce06d53
runware,Kling AI,KlingAI 2.5 Turbo Pro,klingai:6@1,live,,范围外/待确认,尚未登记,尚未登记,"超出当前文本规划/图文理解/单张位图生成精修：videoInference（text-to-video,image-to-video,checkpoint）。","超出当前文本规划/图文理解/单张位图生成精修：videoInference（text-to-video,image-to-video,checkpoint）。",未接入,"{""productVision"":0}",false,false,,{},"{""overview"":""Each generation will cost $0.0700/s for 1080p."",""examples"":[{""configuration"":""text-to-video · 5s"",""price"":""$0.35"",""latencyMs"":224906,""exampleId"":""industrial-sprinkler-activation-explainer-clip""},{""configuration"":""first-last-frame · 5s"",""price"":""$0.35"",""latencyMs"":148086,""exampleId"":""volcanic-observatory-documentary-titles""},{""configuration"":""text-to-video · 5s"",""price"":""$0.35"",""latencyMs"":147042,""exampleId"":""mycelium-textile-laboratory-b-roll""},{""configuration"":""first-frame · 10s"",""price"":""$0.70"",""latencyMs"":69482,""exampleId"":""antique-watch-restoration-social-reel""}]}",统一端点；账号地区准入待确认,Bearer API Key；账号权限未实测,提交前保存 UUID；仅 getResponse 查询,2026-09-22,https://runware.ai/docs/models/klingai-2-5-turbo-pro,https://runware.ai/docs/models/klingai-2-5-turbo-pro/schema.json,2c1eaca4285add36c3582ac5b4e43a7efc6a1c5afb3f96ec34ea73fcd89f0240
runware,Alibaba,Qwen-Image-Edit-Plus,runware:108@22,live,,image,尚未登记,适配链路已完成但真实调用未验证,真实账号权限、真实推理、账单与质量待确认；可选高级参数未全部开放；本轮不调用真实服务。,补齐型号专用调用、选择器与恢复。,imageInference,"{""model"":3,""productAuxiliary"":8,""sourceCounts"":true}",false,false,,"{""editing"":{""mode"":""pixels"",""tiers"":{""512"":{""targetPixels"":262144},""1K"":{""targetPixels"":1048576},""1.5K"":{""targetPixels"":2359296},""2K"":{""targetPixels"":4194304}},""minSide"":512,""maxSide"":2048,""minPixels"":262144,""maxPixels"":4194304,""maxRatio"":16,""alignment"":1,""auto"":""square""}}","{""source"":""https://runware.ai/docs/models/alibaba-qwen-image-edit-plus"",""checkedAt"":""2026-09-22"",""currency"":""USD"",""amount"":null,""accountTariffConfirmed"":false,""quote"":{""examples"":[{""configuration"":""reference-to-image"",""price"":""$0.0141"",""latencyMs"":11886,""exampleId"":""mobile-apiary-brochure-hero""},{""configuration"":""reference-to-image"",""price"":""$0.0141"",""latencyMs"":12287,""exampleId"":""solar-farm-raptor-report-hero""},{""configuration"":""reference-to-image"",""price"":""$0.0141"",""latencyMs"":19025,""exampleId"":""carousel-horse-catalog-cleanup""},{""configuration"":""reference-to-image"",""price"":""$0.0141"",""latencyMs"":11694,""exampleId"":""antarctic-logistics-winter-report-hero""}]}}",统一端点；账号地区准入待确认,Bearer API Key；账号权限未实测,提交前保存 UUID；仅 getResponse 查询,2026-09-22,https://runware.ai/docs/models/alibaba-qwen-image-edit-plus,https://runware.ai/docs/models/alibaba-qwen-image-edit-plus/schema.json,6001c5cf54379f54dbad7c7b334bfa3de1cf173ac17599dd1202cc029dfc3b50
runware,Bria,Bria Image Replace Background,bria:11@1,live,,image,尚未登记,适配链路已完成但真实调用未验证,真实账号权限、真实推理、账单与质量待确认；可选高级参数未全部开放；本轮不调用真实服务。,补齐型号专用调用、选择器与恢复。,imageInference,"{""model"":1,""productAuxiliary"":8,""sourceCounts"":true}",false,false,,"{""editing"":{""mode"":""inherit"",""tiers"":{""auto"":{}},""auto"":""omit""}}","{""source"":""https://runware.ai/docs/models/bria-image-replace-background"",""checkedAt"":""2026-09-22"",""currency"":""USD"",""amount"":null,""accountTariffConfirmed"":false,""quote"":{""examples"":[{""configuration"":""reference-to-image"",""price"":""$0.04"",""latencyMs"":11691,""exampleId"":""arctic-radio-operator-portrait-restoration""},{""configuration"":""background-replacement"",""price"":""$0.04"",""latencyMs"":18893,""exampleId"":""linocut-wetland-scientist-portrait""},{""configuration"":""reference-to-image"",""price"":""$0.04"",""latencyMs"":10487,""exampleId"":""coral-avalanche-transceiver-colorway-catalog""},{""configuration"":""background-replacement"",""price"":""$0.04"",""latencyMs"":16018,""exampleId"":""polar-night-sauna-campaign-image""}]}}",统一端点；账号地区准入待确认,Bearer API Key；账号权限未实测,提交前保存 UUID；仅 getResponse 查询,2026-09-22,https://runware.ai/docs/models/bria-image-replace-background,https://runware.ai/docs/models/bria-image-replace-background/schema.json,0f300b4a8fc1684a0cd1080cdc7e11cfd78de89da1c5ba9574fd547db7cd7290
runware,PixVerse,PixVerse V5 Fast,pixverse:1@5-fast,live,,范围外/待确认,尚未登记,尚未登记,"超出当前文本规划/图文理解/单张位图生成精修：videoInference（text-to-video,image-to-video,checkpoint）。","超出当前文本规划/图文理解/单张位图生成精修：videoInference（text-to-video,image-to-video,checkpoint）。",未接入,"{""productVision"":0}",false,false,,{},"{""overview"":""Pricing varies by resolution and duration, optimized for fast generation across preview and iteration workflows."",""examples"":[{""configuration"":""first-frame · 720p · 8s"",""price"":""$0.247"",""latencyMs"":53932,""exampleId"":""olive-oil-documentary-title-sequence""},{""configuration"":""first-frame · 720p · 8s"",""price"":""$0.247"",""latencyMs"":56517,""exampleId"":""ceramic-percussion-music-video-segment""},{""configuration"":""text-to-video · 1080p · 5s"",""price"":""$0.247"",""latencyMs"":76961,""exampleId"":""pipe-crawler-inspection-demo-clip""},{""configuration"":""text-to-video · 1080p · 5s"",""price"":""$0.247"",""latencyMs"":74080,""exampleId"":""letterpress-techno-music-video-segment""}]}",统一端点；账号地区准入待确认,Bearer API Key；账号权限未实测,提交前保存 UUID；仅 getResponse 查询,2026-09-22,https://runware.ai/docs/models/pixverse-v5-fast,https://runware.ai/docs/models/pixverse-v5-fast/schema.json,68d33423607680a2c54e01b0259f6bbabbbfb1c79580e0c62f237a4c32667cfb
runware,待确认,FLUX.1 [dev] SRPO,runware:111@1,live,,image,尚未登记,适配链路已完成但真实调用未验证,真实账号权限、真实推理、账单与质量待确认；可选高级参数未全部开放；本轮不调用真实服务。,补齐型号专用调用、选择器与恢复。,imageInference,"{""model"":1,""productAuxiliary"":8,""sourceCounts"":true}",true,false,,"{""generation"":{""mode"":""pixels"",""tiers"":{""512"":{""targetPixels"":262144},""1K"":{""targetPixels"":1048576},""1.5K"":{""targetPixels"":2359296},""2K"":{""targetPixels"":4194304}},""minSide"":128,""maxSide"":2048,""minPixels"":16384,""maxPixels"":4194304,""maxRatio"":16,""alignment"":64,""auto"":""square""},""editing"":{""mode"":""pixels"",""tiers"":{""512"":{""targetPixels"":262144},""1K"":{""targetPixels"":1048576},""1.5K"":{""targetPixels"":2359296},""2K"":{""targetPixels"":4194304}},""minSide"":128,""maxSide"":2048,""minPixels"":16384,""maxPixels"":4194304,""maxRatio"":16,""alignment"":64,""auto"":""square""}}","{""source"":""https://runware.ai/docs/models/flux-1-dev-srpo"",""checkedAt"":""2026-09-22"",""currency"":""USD"",""amount"":null,""accountTariffConfirmed"":false,""quote"":{""examples"":[{""configuration"":""text-to-image · 720p · steps 28"",""price"":""$0.0013"",""latencyMs"":2435,""exampleId"":""marine-induction-cooktop-lifestyle-hero""},{""configuration"":""image-to-image · 1024×1024 · steps 26"",""price"":""$0.0013"",""latencyMs"":4353,""exampleId"":""urban-heat-mitigation-explainer""},{""configuration"":""inpaint · 1152×896 · steps 30"",""price"":""$0.0019"",""latencyMs"":5600,""exampleId"":""audiology-clinic-reception-renovation""},{""configuration"":""reference-to-image · 1024×1024 · steps 28"",""price"":""$0.0019"",""latencyMs"":4595,""exampleId"":""tardigrade-dormancy-science-activity-card""},{""configuration"":""expand · 1216×832 · steps 28"",""price"":""$0.0032"",""latencyMs"":20216,""exampleId"":""leafcutter-ant-colony-reader-spread""}]}}",统一端点；账号地区准入待确认,Bearer API Key；账号权限未实测,提交前保存 UUID；仅 getResponse 查询,2026-09-22,https://runware.ai/docs/models/flux-1-dev-srpo,https://runware.ai/docs/models/flux-1-dev-srpo/schema.json,42312960c56dd14c0a695a8f90856dafd4cd34d26f1d4697a393dc948ef6bd74
runware,Bria,Bria Video Increase Resolution,bria:50@1,live,,范围外/待确认,尚未登记,尚未登记,"超出当前文本规划/图文理解/单张位图生成精修：upscale（video-to-video,upscale,checkpoint）。","超出当前文本规划/图文理解/单张位图生成精修：upscale（video-to-video,upscale,checkpoint）。",未接入,"{""productVision"":0}",false,false,,{},"{""overview"":""Each operation costs $0.05/s."",""examples"":[{""configuration"":""upscale"",""price"":""$0.302"",""latencyMs"":56825,""exampleId"":""arctic-seed-vault-documentary-teaser""},{""configuration"":""upscale"",""price"":""$0.302"",""latencyMs"":55909,""exampleId"":""luxury-bookbinding-process-reel""},{""configuration"":""upscale"",""price"":""$0.302"",""latencyMs"":55077,""exampleId"":""illuminated-manuscript-conservation-master""},{""configuration"":""upscale"",""price"":""$0.302"",""latencyMs"":57639,""exampleId"":""sculptural-chainmail-handbag-showcase-reel""}]}",统一端点；账号地区准入待确认,Bearer API Key；账号权限未实测,提交前保存 UUID；仅 getResponse 查询,2026-09-22,https://runware.ai/docs/models/bria-video-increase-resolution,https://runware.ai/docs/models/bria-video-increase-resolution/schema.json,c556e1e7953f199e5996e1d18deb155a73faf5bc0025d495d35bb5bf7f058152
runware,待确认,Aurora v1,creatify:aurora@0,live,,范围外/待确认,尚未登记,尚未登记,"超出当前文本规划/图文理解/单张位图生成精修：videoInference（image-to-video,audio-to-video,checkpoint）。","超出当前文本规划/图文理解/单张位图生成精修：videoInference（image-to-video,audio-to-video,checkpoint）。",未接入,"{""productVision"":0}",false,false,,{},"{""examples"":[{""configuration"":""audio-driven"",""price"":""$1.12"",""latencyMs"":67024,""exampleId"":""forensic-entomology-series-teaser""},{""configuration"":""audio-driven"",""price"":""$1.26"",""latencyMs"":94905,""exampleId"":""arctic-seed-vault-series-teaser""},{""configuration"":""audio-driven"",""price"":""$1.26"",""latencyMs"":91489,""exampleId"":""historic-organ-restoration-teaser""},{""configuration"":""audio-driven"",""price"":""$1.40"",""latencyMs"":81613,""exampleId"":""shellfish-hatchery-biosecurity-presenter""}]}",统一端点；账号地区准入待确认,Bearer API Key；账号权限未实测,提交前保存 UUID；仅 getResponse 查询,2026-09-22,https://runware.ai/docs/models/creatify-aurora-v1,https://runware.ai/docs/models/creatify-aurora-v1/schema.json,52acea6d713fa9cc208807598ef70ead8f92097d5b980505fa88ed2563e1c50e
runware,待确认,Aurora v1 Fast,creatify:aurora@fast,live,,范围外/待确认,尚未登记,尚未登记,"超出当前文本规划/图文理解/单张位图生成精修：videoInference（image-to-video,audio-to-video,checkpoint）。","超出当前文本规划/图文理解/单张位图生成精修：videoInference（image-to-video,audio-to-video,checkpoint）。",未接入,"{""productVision"":0}",false,false,,{},"{""overview"":""$0.07 / second"",""examples"":[{""configuration"":""audio-driven"",""price"":""$0.42"",""latencyMs"":56934,""exampleId"":""seed-library-logo-sting""},{""configuration"":""audio-driven"",""price"":""$0.63"",""latencyMs"":171691,""exampleId"":""mycelium-collar-fashion-showcase-reel""},{""configuration"":""audio-driven"",""price"":""$0.63"",""latencyMs"":93185,""exampleId"":""emergency-book-conservation-social-reel""},{""configuration"":""audio-driven"",""price"":""$0.70"",""latencyMs"":63476,""exampleId"":""orchid-smuggling-docuseries-teaser""}]}",统一端点；账号地区准入待确认,Bearer API Key；账号权限未实测,提交前保存 UUID；仅 getResponse 查询,2026-09-22,https://runware.ai/docs/models/creatify-aurora-v1-fast,https://runware.ai/docs/models/creatify-aurora-v1-fast/schema.json,b3dbfb74885b5a04fa45444d9960c2e19ec92cd2caea6660e45a16bffb1153a5
runware,ByteDance,Seedream 4.0,bytedance:5@0,live,,image,尚未登记,适配链路已完成但真实调用未验证,真实账号权限、真实推理、账单与质量待确认；可选高级参数未全部开放；本轮不调用真实服务。,补齐型号专用调用、选择器与恢复。,imageInference,"{""model"":14,""productAuxiliary"":8,""sourceCounts"":true}",false,false,,"{""generation"":{""mode"":""table"",""tiers"":{""1K"":{""sizes"":{""1:1"":""1024x1024""}},""2K"":{""sizes"":{""1:1"":""2048x2048"",""4:3"":""2304x1728"",""3:4"":""1728x2304"",""16:9"":""2560x1440"",""9:16"":""1440x2560"",""3:2"":""2496x1664"",""2:3"":""1664x2496"",""21:9"":""3024x1296""}},""4K"":{""sizes"":{""1:1"":""4096x4096"",""4:3"":""4608x3456"",""3:4"":""3456x4608"",""16:9"":""5120x2880"",""9:16"":""2880x5120"",""3:2"":""4992x3328"",""2:3"":""3328x4992"",""21:9"":""6048x2592""}}},""auto"":""square""},""editing"":{""mode"":""table"",""tiers"":{""1K"":{""sizes"":{""1:1"":""1024x1024""}},""2K"":{""sizes"":{""1:1"":""2048x2048"",""4:3"":""2304x1728"",""3:4"":""1728x2304"",""16:9"":""2560x1440"",""9:16"":""1440x2560"",""3:2"":""2496x1664"",""2:3"":""1664x2496"",""21:9"":""3024x1296""}},""4K"":{""sizes"":{""1:1"":""4096x4096"",""4:3"":""4608x3456"",""3:4"":""3456x4608"",""16:9"":""5120x2880"",""9:16"":""2880x5120"",""3:2"":""4992x3328"",""2:3"":""3328x4992"",""21:9"":""6048x2592""}}},""auto"":""square""}}","{""source"":""https://runware.ai/docs/models/bytedance-seedream-4-0"",""checkedAt"":""2026-09-22"",""currency"":""USD"",""amount"":null,""accountTariffConfirmed"":false,""quote"":{""overview"":""Each image generation costs $0.03 at 1024x1024."",""examples"":[{""configuration"":""sequential-images · 2304×1728"",""price"":""$0.03"",""latencyMs"":110152,""exampleId"":""subsea-cable-repair-thumbnail-series""},{""configuration"":""text-to-image · 3024×1296"",""price"":""$0.03"",""latencyMs"":15967,""exampleId"":""aerospace-acoustic-engineer-executive-portrait""},{""configuration"":""sequential-images · 2304×1728"",""price"":""$0.03"",""latencyMs"":140053,""exampleId"":""peatland-firefighting-game-concept-sequence""},{""configuration"":""reference-to-image · 1728×2304"",""price"":""$0.03"",""latencyMs"":38538,""exampleId"":""coastal-restoration-textile-wall-print""}]}}",统一端点；账号地区准入待确认,Bearer API Key；账号权限未实测,提交前保存 UUID；仅 getResponse 查询,2026-09-22,https://runware.ai/docs/models/bytedance-seedream-4-0,https://runware.ai/docs/models/bytedance-seedream-4-0/schema.json,f2031ff932bc2f15959404dde5c8f8b14f49bcdb9e3929a96ebdc7fc79b52be4
runware,PixVerse,PixVerse V5,pixverse:1@5,live,,范围外/待确认,尚未登记,尚未登记,"超出当前文本规划/图文理解/单张位图生成精修：videoInference（text-to-video,image-to-video,checkpoint）。","超出当前文本规划/图文理解/单张位图生成精修：videoInference（text-to-video,image-to-video,checkpoint）。",未接入,"{""productVision"":0}",false,false,,{},"{""overview"":""Each generation will cost $0.0598/s for 1080p."",""examples"":[{""configuration"":""first-last-frame · 540p · 5s"",""price"":""$0.112"",""latencyMs"":47186,""exampleId"":""precision-fermentation-sampling-b-roll""},{""configuration"":""visual-effect · 1080p · 5s"",""price"":""$0.299"",""latencyMs"":49260,""exampleId"":""couture-beekeeping-suit-rotation-reel""},{""configuration"":""text-to-video · 1080p · 5s"",""price"":""$0.299"",""latencyMs"":101719,""exampleId"":""backwater-valve-cutaway-explainer""},{""configuration"":""first-frame · 720p · 8s"",""price"":""$0.299"",""latencyMs"":64982,""exampleId"":""nocturnal-transit-logo-motion-loop""}]}",统一端点；账号地区准入待确认,Bearer API Key；账号权限未实测,提交前保存 UUID；仅 getResponse 查询,2026-09-22,https://runware.ai/docs/models/pixverse-v5,https://runware.ai/docs/models/pixverse-v5/schema.json,bb730444403faa495d00d832419afa6aa8bedcfbdbe46e888002fa2ff3bae5ba
runware,HeyGen,HeyGen Avatar IV,heygen:avatar@4,live,,范围外/待确认,尚未登记,尚未登记,"超出当前文本规划/图文理解/单张位图生成精修：videoInference（text-to-video,image-to-video,audio-to-video,checkpoint,audio）。","超出当前文本规划/图文理解/单张位图生成精修：videoInference（text-to-video,image-to-video,audio-to-video,checkpoint,audio）。",未接入,"{""productVision"":0}",false,false,,{},"{""examples"":[{""configuration"":""remove-background · 720p"",""price"":""$0.209"",""latencyMs"":122930,""exampleId"":""salvage-marketplace-logo-sting""},{""configuration"":""background-replacement · 720p"",""price"":""$0.384"",""latencyMs"":67054,""exampleId"":""seed-vault-intake-safety-briefing""},{""configuration"":""scripted-photo-avatar · 1080p"",""price"":""$0.399"",""latencyMs"":200362,""exampleId"":""seaweed-folk-performance-interlude""},{""configuration"":""audio-driven-photo-avatar · 1080p"",""price"":""$0.522"",""latencyMs"":64108,""exampleId"":""industrial-spoken-word-music-verse""},{""configuration"":""scripted-stock-avatar · 1080p"",""price"":""$0.712"",""latencyMs"":167580,""exampleId"":""roller-derby-electro-pop-bridge""},{""configuration"":""audio-driven-stock-avatar · 720p"",""price"":""$2.02"",""latencyMs"":256068,""exampleId"":""museum-microclimate-logger-explainer""}]}",统一端点；账号地区准入待确认,Bearer API Key；账号权限未实测,提交前保存 UUID；仅 getResponse 查询,2026-09-22,https://runware.ai/docs/models/heygen-avatar-iv,https://runware.ai/docs/models/heygen-avatar-iv/schema.json,ca24fb661bc9ae8f48186d101b11618f43f530b24326ed3ab9c0593d343128a6
runware,ByteDance,OmniHuman-1.5,bytedance:5@2,live,,范围外/待确认,尚未登记,尚未登记,"超出当前文本规划/图文理解/单张位图生成精修：videoInference（text-to-video,image-to-video,audio-to-video,checkpoint）。","超出当前文本规划/图文理解/单张位图生成精修：videoInference（text-to-video,image-to-video,audio-to-video,checkpoint）。",未接入,"{""productVision"":0}",false,false,,{},"{""examples"":[{""configuration"":""masked-audio-driven-photo-avatar"",""price"":""$1.08"",""latencyMs"":235458,""exampleId"":""pedal-compost-pickup-social-reel""},{""configuration"":""masked-audio-driven-photo-avatar"",""price"":""$1.35"",""latencyMs"":221722,""exampleId"":""antarctic-post-office-recruitment-reel""},{""configuration"":""audio-driven-photo-avatar"",""price"":""$1.44"",""latencyMs"":356256,""exampleId"":""lithium-battery-safety-presenter-clip""},{""configuration"":""audio-driven-photo-avatar"",""price"":""$1.83"",""latencyMs"":322860,""exampleId"":""livestock-auctioneer-documentary-b-roll""}]}",统一端点；账号地区准入待确认,Bearer API Key；账号权限未实测,提交前保存 UUID；仅 getResponse 查询,2026-09-22,https://runware.ai/docs/models/bytedance-omnihuman-1-5,https://runware.ai/docs/models/bytedance-omnihuman-1-5/schema.json,db42bd34a422a1fc33a6b9dc72783089c5303464529884fc4802f484c3ce1c3b
runware,Google,Nano Banana,google:4@1,deprecated,2026-10-02T00:00:00Z,image,尚未登记,适配链路已完成但真实调用未验证,真实账号权限、真实推理、账单与质量待确认；可选高级参数未全部开放；本轮不调用真实服务。,补齐型号专用调用、选择器与恢复。,imageInference,"{""model"":8,""productAuxiliary"":8,""sourceCounts"":true}",false,false,,"{""generation"":{""mode"":""table"",""tiers"":{""1K"":{""sizes"":{""1:1"":""1024x1024"",""3:2"":""1248x832"",""2:3"":""832x1248"",""4:3"":""1184x864"",""3:4"":""864x1184"",""5:4"":""1152x896"",""4:5"":""896x1152"",""16:9"":""1344x768"",""9:16"":""768x1344"",""21:9"":""1536x672""}}},""auto"":""square""},""editing"":{""mode"":""table"",""tiers"":{""1K"":{""sizes"":{""1:1"":""1024x1024"",""3:2"":""1248x832"",""2:3"":""832x1248"",""4:3"":""1184x864"",""3:4"":""864x1184"",""5:4"":""1152x896"",""4:5"":""896x1152"",""16:9"":""1344x768"",""9:16"":""768x1344"",""21:9"":""1536x672""}}},""auto"":""square""}}","{""source"":""https://runware.ai/docs/models/google-nano-banana"",""checkedAt"":""2026-09-22"",""currency"":""USD"",""amount"":null,""accountTariffConfirmed"":false,""quote"":{""overview"":""Each image generation costs $0.039 at 1024x1024."",""examples"":[{""configuration"":""text-to-image · 1344×768"",""price"":""$0.039"",""latencyMs"":7316,""exampleId"":""converted-telephone-exchange-loft-interior""},{""configuration"":""reference-to-image"",""price"":""$0.039"",""latencyMs"":10362,""exampleId"":""raptor-rehabilitation-fundraising-social-portrait""},{""configuration"":""text-to-image · 1344×768"",""price"":""$0.039"",""latencyMs"":7341,""exampleId"":""geometric-saltworks-landscape-wall-art""},{""configuration"":""reference-to-image"",""price"":""$0.039"",""latencyMs"":9890,""exampleId"":""accessible-bathroom-retrofit-visualization""}]}}",统一端点；账号地区准入待确认,Bearer API Key；账号权限未实测,提交前保存 UUID；仅 getResponse 查询,2026-09-22,https://runware.ai/docs/models/google-nano-banana,https://runware.ai/docs/models/google-nano-banana/schema.json,db31b45029496a8e2109d2138110f79f02d7b121ad18a3026e05497569b626d9
runware,sync.,lipsync-2,sync:lipsync-2@1,live,,范围外/待确认,尚未登记,尚未登记,"超出当前文本规划/图文理解/单张位图生成精修：videoInference（video-to-video,audio-to-video,checkpoint）。","超出当前文本规划/图文理解/单张位图生成精修：videoInference（video-to-video,audio-to-video,checkpoint）。",未接入,"{""productVision"":0}",false,false,,{},"{""overview"":""$0.0440 per second"",""examples"":[{""configuration"":""segmented-lip-sync"",""price"":""$0.266"",""latencyMs"":114991,""exampleId"":""mushroom-farm-duet-music-segment""},{""configuration"":""segmented-lip-sync"",""price"":""$0.266"",""latencyMs"":304925,""exampleId"":""seed-vault-intake-conversation-b-roll""},{""configuration"":""audio-driven"",""price"":""$0.428"",""latencyMs"":95161,""exampleId"":""nocturnal-auctioneer-spoken-word-music-video""},{""configuration"":""audio-driven"",""price"":""$0.517"",""latencyMs"":100342,""exampleId"":""polar-station-safety-presenter""}]}",统一端点；账号地区准入待确认,Bearer API Key；账号权限未实测,提交前保存 UUID；仅 getResponse 查询,2026-09-22,https://runware.ai/docs/models/sync-lipsync-2,https://runware.ai/docs/models/sync-lipsync-2/schema.json,6ce624142488f548112d62fd62c85069478c41efe3b8d69fbd295104fa622ab6
runware,sync.,lipsync-2-pro,sync:lipsync-2-pro@1,live,,范围外/待确认,尚未登记,尚未登记,"超出当前文本规划/图文理解/单张位图生成精修：videoInference（video-to-video,audio-to-video,checkpoint）。","超出当前文本规划/图文理解/单张位图生成精修：videoInference（video-to-video,audio-to-video,checkpoint）。",未接入,"{""productVision"":0}",false,false,,{},"{""overview"":""$0.0733 per second"",""examples"":[{""configuration"":""segmented-lip-sync"",""price"":""$0.37"",""latencyMs"":129042,""exampleId"":""conflict-mediation-sonic-logo-sting""},{""configuration"":""segmented-lip-sync"",""price"":""$0.443"",""latencyMs"":322149,""exampleId"":""weather-station-spoken-bridge-segment""},{""configuration"":""audio-driven"",""price"":""$0.611"",""latencyMs"":78252,""exampleId"":""hearing-jewelry-showcase-reel""},{""configuration"":""audio-driven"",""price"":""$0.69"",""latencyMs"":188751,""exampleId"":""mycology-cleanroom-training-presenter""}]}",统一端点；账号地区准入待确认,Bearer API Key；账号权限未实测,提交前保存 UUID；仅 getResponse 查询,2026-09-22,https://runware.ai/docs/models/sync-lipsync-2-pro,https://runware.ai/docs/models/sync-lipsync-2-pro/schema.json,37a5005c63c1781721ad8b5a35024333ee774f511d188d5b822c1abc3a7ad18c
runware,Alibaba,Qwen-Image-Edit,runware:108@20,live,,image,尚未登记,适配链路已完成但真实调用未验证,真实账号权限、真实推理、账单与质量待确认；可选高级参数未全部开放；本轮不调用真实服务。,补齐型号专用调用、选择器与恢复。,imageInference,"{""model"":1,""productAuxiliary"":8,""sourceCounts"":true}",false,false,,"{""editing"":{""mode"":""pixels"",""tiers"":{""512"":{""targetPixels"":262144},""1K"":{""targetPixels"":1048576},""1.5K"":{""targetPixels"":2359296},""2K"":{""targetPixels"":4194304},""auto"":{}},""minSide"":128,""maxSide"":2048,""minPixels"":16384,""maxPixels"":4194304,""maxRatio"":16,""alignment"":16,""auto"":""square""}}","{""source"":""https://runware.ai/docs/models/alibaba-qwen-image-edit"",""checkedAt"":""2026-09-22"",""currency"":""USD"",""amount"":null,""accountTariffConfirmed"":false,""quote"":{""overview"":""Each image generation costs $0.0032 at 1024x1024."",""examples"":[{""configuration"":""reference-to-image"",""price"":""$0.0045"",""latencyMs"":8974,""exampleId"":""oyster-farmer-wader-virtual-try-on""},{""configuration"":""reference-to-image"",""price"":""$0.0045"",""latencyMs"":9471,""exampleId"":""puppet-theater-cast-press-portrait""},{""configuration"":""reference-to-image"",""price"":""$0.0045"",""latencyMs"":8988,""exampleId"":""polar-scientist-speaker-headshot""},{""configuration"":""reference-to-image"",""price"":""$0.0045"",""latencyMs"":9556,""exampleId"":""lighthouse-lens-workshop-photo-restoration""}]}}",统一端点；账号地区准入待确认,Bearer API Key；账号权限未实测,提交前保存 UUID；仅 getResponse 查询,2026-09-22,https://runware.ai/docs/models/alibaba-qwen-image-edit,https://runware.ai/docs/models/alibaba-qwen-image-edit/schema.json,7d7ae44bfb27abf5b9aef09a9b45ab5996547198e98d6ab912dd49fe7e259c48
runware,Runway,Runway Gen-4 Image Turbo,runway:4@2,live,,image,尚未登记,适配链路已完成但真实调用未验证,真实账号权限、真实推理、账单与质量待确认；可选高级参数未全部开放；本轮不调用真实服务。,补齐型号专用调用、选择器与恢复。,imageInference,"{""model"":3,""productAuxiliary"":8,""sourceCounts"":true}",false,false,,"{""editing"":{""mode"":""table"",""tiers"":{""2K"":{""sizes"":{""16:9"":""1920x1080"",""9:16"":""1080x1920"",""1:1"":""1080x1080"",""4:3"":""1440x1080"",""3:4"":""1080x1440"",""21:9"":""2112x912""}},""1K"":{""sizes"":{""1:1"":""1024x1024"",""16:9"":""1360x768"",""4:3"":""1168x880"",""21:9"":""1808x768"",""9:16"":""720x1280"",""3:4"":""720x960""}}},""auto"":""square""}}","{""source"":""https://runware.ai/docs/models/runway-gen-4-image-turbo"",""checkedAt"":""2026-09-22"",""currency"":""USD"",""amount"":null,""accountTariffConfirmed"":false,""quote"":{""examples"":[{""configuration"":""reference-to-image"",""price"":""$0.02"",""latencyMs"":19703,""exampleId"":""sound-archive-exhibition-hero-image""},{""configuration"":""reference-to-image"",""price"":""$0.02"",""latencyMs"":24684,""exampleId"":""winter-waterworks-relighting-visualization""},{""configuration"":""reference-to-image"",""price"":""$0.02"",""latencyMs"":21340,""exampleId"":""historic-opera-house-cleanup""},{""configuration"":""reference-to-image"",""price"":""$0.02"",""latencyMs"":25769,""exampleId"":""marbled-paper-atelier-editorial-panorama""}]}}",统一端点；账号地区准入待确认,Bearer API Key；账号权限未实测,提交前保存 UUID；仅 getResponse 查询,2026-09-22,https://runware.ai/docs/models/runway-gen-4-image-turbo,https://runware.ai/docs/models/runway-gen-4-image-turbo/schema.json,942f55d0c1e35286785a3c95c5c369b44b71c7138869718607e1a6192c6f8fcc
runware,OpenAI,GPT-5 Mini,openai:gpt@5-mini,live,,main / vision,尚未登记,适配链路已完成但真实调用未验证,真实账号权限、真实推理、账单与质量待确认；可选高级参数未全部开放；本轮不调用真实服务。,补齐型号专用调用、选择器与恢复。,textInference,"{""productVision"":3}",false,false,,{},"{""source"":""https://runware.ai/docs/models/openai-gpt-5-mini"",""checkedAt"":""2026-09-22"",""currency"":""USD"",""amount"":null,""accountTariffConfirmed"":false,""quote"":{""examples"":[{""configuration"":""tool-calling"",""price"":""$0.000366"",""latencyMs"":3377,""exampleId"":""pharma-cargo-cutoff-decision""},{""configuration"":""structured-output"",""price"":""$0.0083"",""latencyMs"":33894,""exampleId"":""commercial-lease-abstract-dataset""},{""configuration"":""text-generation"",""price"":""$0.0135"",""latencyMs"":94807,""exampleId"":""documentary-distribution-deal-memo""},{""configuration"":""reference-to-text"",""price"":""$0.0147"",""latencyMs"":74931,""exampleId"":""wetland-trail-camera-survey-report""}]}}",统一端点；账号地区准入待确认,Bearer API Key；账号权限未实测,提交前保存 UUID；仅 getResponse 查询,2026-09-22,https://runware.ai/docs/models/openai-gpt-5-mini,https://runware.ai/docs/models/openai-gpt-5-mini/schema.json,ee220c5aeffe9d03fb03524656a4262210b85bebd2c61ba7228f1754721611f5
runware,OpenAI,GPT-5 Nano,openai:gpt@5-nano,live,,main / vision,尚未登记,适配链路已完成但真实调用未验证,真实账号权限、真实推理、账单与质量待确认；可选高级参数未全部开放；本轮不调用真实服务。,补齐型号专用调用、选择器与恢复。,textInference,"{""productVision"":3}",false,false,,{},"{""source"":""https://runware.ai/docs/models/openai-gpt-5-nano"",""checkedAt"":""2026-09-22"",""currency"":""USD"",""amount"":null,""accountTariffConfirmed"":false,""quote"":{""examples"":[{""configuration"":""tool-calling"",""price"":""$0.000022"",""latencyMs"":1208,""exampleId"":""live-incident-status-update""},{""configuration"":""reference-to-text"",""price"":""$0.000503"",""latencyMs"":10182,""exampleId"":""grocery-shelf-availability-audit""},{""configuration"":""text-generation"",""price"":""$0.000737"",""latencyMs"":10556,""exampleId"":""mobile-dental-clinic-grant-summary""},{""configuration"":""structured-output"",""price"":""$0.00331"",""latencyMs"":42827,""exampleId"":""retail-lease-risk-register""}]}}",统一端点；账号地区准入待确认,Bearer API Key；账号权限未实测,提交前保存 UUID；仅 getResponse 查询,2026-09-22,https://runware.ai/docs/models/openai-gpt-5-nano,https://runware.ai/docs/models/openai-gpt-5-nano/schema.json,a9da60e340827b9b6b013d367c1f9b5e355e61bf71712f8aabe1855b2b8d3637
runware,Alibaba,Qwen-Image,runware:108@1,live,,image,尚未登记,适配链路已完成但真实调用未验证,真实账号权限、真实推理、账单与质量待确认；可选高级参数未全部开放；本轮不调用真实服务。,补齐型号专用调用、选择器与恢复。,imageInference,"{""model"":1,""productAuxiliary"":8,""sourceCounts"":true}",true,false,,"{""generation"":{""mode"":""pixels"",""tiers"":{""512"":{""targetPixels"":262144},""1K"":{""targetPixels"":1048576},""1.5K"":{""targetPixels"":2359296},""2K"":{""targetPixels"":4194304}},""minSide"":256,""maxSide"":2048,""minPixels"":65536,""maxPixels"":4194304,""maxRatio"":16,""alignment"":8,""auto"":""square""},""editing"":{""mode"":""pixels"",""tiers"":{""512"":{""targetPixels"":262144},""1K"":{""targetPixels"":1048576},""1.5K"":{""targetPixels"":2359296},""2K"":{""targetPixels"":4194304}},""minSide"":256,""maxSide"":2048,""minPixels"":65536,""maxPixels"":4194304,""maxRatio"":16,""alignment"":8,""auto"":""square""}}","{""source"":""https://runware.ai/docs/models/alibaba-qwen-image"",""checkedAt"":""2026-09-22"",""currency"":""USD"",""amount"":null,""accountTariffConfirmed"":false,""quote"":{""overview"":""Each image generation costs $0.0058 at 1024x1024."",""examples"":[{""configuration"":""image-to-image · 1280×768"",""price"":""$0.0026"",""latencyMs"":5723,""exampleId"":""pediatric-lab-journey-learning-panel""},{""configuration"":""expand · 1024×768"",""price"":""$0.0026"",""latencyMs"":6387,""exampleId"":""meteorological-observatory-linocut-wall-art""},{""configuration"":""inpaint · 768×1024"",""price"":""$0.0026"",""latencyMs"":6739,""exampleId"":""coastal-eco-thriller-series-poster""},{""configuration"":""text-to-image · 1024×1024"",""price"":""$0.0032"",""latencyMs"":5291,""exampleId"":""subsea-documentary-square-expansion""}]}}",统一端点；账号地区准入待确认,Bearer API Key；账号权限未实测,提交前保存 UUID；仅 getResponse 查询,2026-09-22,https://runware.ai/docs/models/alibaba-qwen-image,https://runware.ai/docs/models/alibaba-qwen-image/schema.json,63864dd1aee777099723d7f97409efa448bf3b893fdb3f910470914637fd41e1
runware,Krea,FLUX.1 Krea [dev],runware:107@1,live,,image,尚未登记,适配链路已完成但真实调用未验证,真实账号权限、真实推理、账单与质量待确认；可选高级参数未全部开放；本轮不调用真实服务。,补齐型号专用调用、选择器与恢复。,imageInference,"{""model"":1,""productAuxiliary"":8,""sourceCounts"":true}",true,false,,"{""generation"":{""mode"":""pixels"",""tiers"":{""512"":{""targetPixels"":262144},""1K"":{""targetPixels"":1048576},""1.5K"":{""targetPixels"":2359296},""2K"":{""targetPixels"":4194304}},""minSide"":128,""maxSide"":2048,""minPixels"":16384,""maxPixels"":4194304,""maxRatio"":16,""alignment"":64,""auto"":""square""},""editing"":{""mode"":""pixels"",""tiers"":{""512"":{""targetPixels"":262144},""1K"":{""targetPixels"":1048576},""1.5K"":{""targetPixels"":2359296},""2K"":{""targetPixels"":4194304}},""minSide"":128,""maxSide"":2048,""minPixels"":16384,""maxPixels"":4194304,""maxRatio"":16,""alignment"":64,""auto"":""square""}}","{""source"":""https://runware.ai/docs/models/krea-flux-1-krea-dev"",""checkedAt"":""2026-09-22"",""currency"":""USD"",""amount"":null,""accountTariffConfirmed"":false,""quote"":{""overview"":""Each image generation costs $0.0098 at 1024x1024."",""examples"":[{""configuration"":""control-guided · 1152×768"",""price"":""$0.0073"",""latencyMs"":21780,""exampleId"":""maritime-folk-cassette-cover""},{""configuration"":""image-to-image · 1152×768"",""price"":""$0.0073"",""latencyMs"":15477,""exampleId"":""oyster-farm-salinity-meter-campaign""},{""configuration"":""reference-to-image · 1024×1024"",""price"":""$0.0073"",""latencyMs"":15496,""exampleId"":""cave-rescue-wayfinding-icon-set""},{""configuration"":""expand · 720p"",""price"":""$0.0079"",""latencyMs"":4470,""exampleId"":""airport-falconry-explainer-thumbnail""},{""configuration"":""text-to-image · 1024×1024 · steps 28"",""price"":""$0.0079"",""latencyMs"":3697,""exampleId"":""museum-ceramic-conservator-avatar""},{""configuration"":""inpaint · 1024×1024"",""price"":""$0.0079"",""latencyMs"":5669,""exampleId"":""agricultural-bio-thriller-series-poster""}]}}",统一端点；账号地区准入待确认,Bearer API Key；账号权限未实测,提交前保存 UUID；仅 getResponse 查询,2026-09-22,https://runware.ai/docs/models/krea-flux-1-krea-dev,https://runware.ai/docs/models/krea-flux-1-krea-dev/schema.json,e8402a130dc13e694071ed6c3592d8d573a4985d8c7dfe0bda1ffb2b51d23758
runware,PixVerse,PixVerse LipSync,pixverse:lipsync@1,live,,范围外/待确认,尚未登记,尚未登记,"超出当前文本规划/图文理解/单张位图生成精修：videoInference（text-to-video,audio-to-video,checkpoint）。","超出当前文本规划/图文理解/单张位图生成精修：videoInference（text-to-video,audio-to-video,checkpoint）。",未接入,"{""productVision"":0}",false,false,,{},"{""overview"":""$0.0136 per second of audio"",""examples"":[{""configuration"":""scripted-lip-sync"",""price"":""$0.0546"",""latencyMs"":32738,""exampleId"":""community-radio-vocal-logo-loop""},{""configuration"":""audio-driven"",""price"":""$0.109"",""latencyMs"":63077,""exampleId"":""arctic-eco-thriller-teaser-shot""},{""configuration"":""scripted-lip-sync"",""price"":""$0.123"",""latencyMs"":49959,""exampleId"":""manuscript-scanner-product-explainer""},{""configuration"":""audio-driven"",""price"":""$0.136"",""latencyMs"":57073,""exampleId"":""oyster-hatchery-sensor-explainer""}]}",统一端点；账号地区准入待确认,Bearer API Key；账号权限未实测,提交前保存 UUID；仅 getResponse 查询,2026-09-22,https://runware.ai/docs/models/pixverse-lipsync,https://runware.ai/docs/models/pixverse-lipsync/schema.json,54596a6c6997cc849e4c64f221c92c1de969b80894336fe7b387730f8ee885ca
runware,Black Forest Labs,FLUX.1 Kontext [max],bfl:4@1,live,,image,尚未登记,适配链路已完成但真实调用未验证,真实账号权限、真实推理、账单与质量待确认；可选高级参数未全部开放；本轮不调用真实服务。,补齐型号专用调用、选择器与恢复。,imageInference,"{""model"":2,""productAuxiliary"":8,""sourceCounts"":true}",false,false,,"{""editing"":{""mode"":""table"",""tiers"":{""1K"":{""sizes"":{""21:9"":""1568x672"",""16:9"":""1392x752"",""4:3"":""1184x880"",""3:2"":""1248x832"",""1:1"":""1024x1024"",""2:3"":""832x1248"",""3:4"":""880x1184"",""9:16"":""752x1392"",""9:21"":""672x1568""}}},""auto"":""square""}}","{""source"":""https://runware.ai/docs/models/bfl-flux-1-kontext-max"",""checkedAt"":""2026-09-22"",""currency"":""USD"",""amount"":null,""accountTariffConfirmed"":false,""quote"":{""overview"":""Each image generation costs $0.08 at 1024x1024."",""examples"":[{""configuration"":""reference-to-image · 880×1184"",""price"":""$0.08"",""latencyMs"":12387,""exampleId"":""maritime-auction-catalog-portrait""},{""configuration"":""text-to-image · 1392×752"",""price"":""$0.08"",""latencyMs"":9051,""exampleId"":""rooftop-beekeeping-suit-try-on""},{""configuration"":""reference-to-image · 880×1184"",""price"":""$0.08"",""latencyMs"":17025,""exampleId"":""alpine-observatory-winter-campaign-hero""},{""configuration"":""text-to-image · 1392×752"",""price"":""$0.08"",""latencyMs"":12584,""exampleId"":""opera-costume-atelier-panorama""}]}}",统一端点；账号地区准入待确认,Bearer API Key；账号权限未实测,提交前保存 UUID；仅 getResponse 查询,2026-09-22,https://runware.ai/docs/models/bfl-flux-1-kontext-max,https://runware.ai/docs/models/bfl-flux-1-kontext-max/schema.json,5b71c38587170a33ac6e7a48dab6f34fe8751daf3a8e2771f8eb704c47101624
runware,Black Forest Labs,FLUX.1 Kontext [pro],bfl:3@1,live,,image,尚未登记,适配链路已完成但真实调用未验证,真实账号权限、真实推理、账单与质量待确认；可选高级参数未全部开放；本轮不调用真实服务。,补齐型号专用调用、选择器与恢复。,imageInference,"{""model"":2,""productAuxiliary"":8,""sourceCounts"":true}",false,false,,"{""editing"":{""mode"":""table"",""tiers"":{""1K"":{""sizes"":{""21:9"":""1568x672"",""16:9"":""1392x752"",""4:3"":""1184x880"",""3:2"":""1248x832"",""1:1"":""1024x1024"",""2:3"":""832x1248"",""3:4"":""880x1184"",""9:16"":""752x1392"",""9:21"":""672x1568""}}},""auto"":""square""}}","{""source"":""https://runware.ai/docs/models/bfl-flux-1-kontext-pro"",""checkedAt"":""2026-09-22"",""currency"":""USD"",""amount"":null,""accountTariffConfirmed"":false,""quote"":{""overview"":""Each image generation costs $0.04 at 1024x1024."",""examples"":[{""configuration"":""reference-to-image · 880×1184"",""price"":""$0.04"",""latencyMs"":8650,""exampleId"":""tattoo-machine-cobalt-colorway""},{""configuration"":""text-to-image · 1392×752"",""price"":""$0.04"",""latencyMs"":10726,""exampleId"":""aquaculture-sensor-campaign-hero""},{""configuration"":""text-to-image · 1392×752"",""price"":""$0.04"",""latencyMs"":7487,""exampleId"":""avalanche-patrol-team-composite""},{""configuration"":""reference-to-image · 880×1184"",""price"":""$0.04"",""latencyMs"":8048,""exampleId"":""air-ambulance-incubator-deployment-visual""}]}}",统一端点；账号地区准入待确认,Bearer API Key；账号权限未实测,提交前保存 UUID；仅 getResponse 查询,2026-09-22,https://runware.ai/docs/models/bfl-flux-1-kontext-pro,https://runware.ai/docs/models/bfl-flux-1-kontext-pro/schema.json,db2b37240e0caf3d9bd9c6b9faf151462806106d67d5042447706d4476178510
runware,Bria,Bria Image Increase Resolution,bria:52@1,live,,范围外/待确认,尚未登记,尚未登记,"超出当前文本规划/图文理解/单张位图生成精修：upscale（image-to-image,upscale,checkpoint）。","超出当前文本规划/图文理解/单张位图生成精修：upscale（image-to-image,upscale,checkpoint）。",未接入,"{""productVision"":0}",false,false,,{},"{""overview"":""Each operation costs $0.018."",""examples"":[{""configuration"":""upscale"",""price"":""$0.04"",""latencyMs"":8843,""exampleId"":""utility-lineworker-recruitment-portrait""},{""configuration"":""upscale"",""price"":""$0.04"",""latencyMs"":8606,""exampleId"":""archival-cephalopod-plate-enlargement""},{""configuration"":""upscale"",""price"":""$0.04"",""latencyMs"":10333,""exampleId"":""cassowary-museum-campaign-composite""},{""configuration"":""upscale"",""price"":""$0.04"",""latencyMs"":7168,""exampleId"":""blue-hour-observatory-hero-image""}]}",统一端点；账号地区准入待确认,Bearer API Key；账号权限未实测,提交前保存 UUID；仅 getResponse 查询,2026-09-22,https://runware.ai/docs/models/bria-image-increase-resolution,https://runware.ai/docs/models/bria-image-increase-resolution/schema.json,b5d9057a58df2d3fc06a2b905e531ea8e1cc057dc80ea46e52185ba2b4ef6d4b
runware,MiniMax,MiniMax Hailuo 02,minimax:3@1,live,,范围外/待确认,尚未登记,尚未登记,"超出当前文本规划/图文理解/单张位图生成精修：videoInference（text-to-video,image-to-video,checkpoint）。","超出当前文本规划/图文理解/单张位图生成精修：videoInference（text-to-video,image-to-video,checkpoint）。",未接入,"{""productVision"":0}",false,false,,{},"{""overview"":""Each generation will cost $0.0560/s for 768p, or $0.0817/s for 1080p."",""examples"":[{""configuration"":""first-last-frame · 1366×768 · 6s"",""price"":""$0.28"",""latencyMs"":108172,""exampleId"":""historic-stone-laser-cleaning-reel""},{""configuration"":""text-to-video · 1080p · 6s"",""price"":""$0.49"",""latencyMs"":154266,""exampleId"":""sculptural-hearing-jewelry-fashion-reel""},{""configuration"":""text-to-video · 1080p · 6s"",""price"":""$0.49"",""latencyMs"":172355,""exampleId"":""forensic-botany-docuseries-title-teaser""},{""configuration"":""first-frame · 1366×768 · 10s"",""price"":""$0.56"",""latencyMs"":294674,""exampleId"":""couture-beekeeping-suit-showcase-reel""}]}",统一端点；账号地区准入待确认,Bearer API Key；账号权限未实测,提交前保存 UUID；仅 getResponse 查询,2026-09-22,https://runware.ai/docs/models/minimax-hailuo-02,https://runware.ai/docs/models/minimax-hailuo-02/schema.json,6682cd28085875f80ef5f59a047dfcf7c39fb9b7b6343a0d5de0f46f58bb1907
runware,Black Forest Labs,FLUX.1 Kontext [dev],runware:106@1,live,,image,尚未登记,适配链路已完成但真实调用未验证,真实账号权限、真实推理、账单与质量待确认；可选高级参数未全部开放；本轮不调用真实服务。,补齐型号专用调用、选择器与恢复。,imageInference,"{""model"":1,""productAuxiliary"":8,""sourceCounts"":true}",false,false,,"{""editing"":{""mode"":""table"",""tiers"":{""1K"":{""sizes"":{""21:9"":""1568x672"",""20:9"":""1504x688"",""2:1"":""1456x720"",""17:9"":""1392x752"",""5:3"":""1328x800"",""3:2"":""1248x832"",""4:3"":""1184x880"",""7:6"":""1104x944"",""1:1"":""1024x1024"",""6:7"":""944x1104"",""3:4"":""880x1184"",""2:3"":""832x1248"",""3:5"":""800x1328"",""9:17"":""752x1392"",""1:2"":""720x1456"",""9:20"":""688x1504"",""9:21"":""672x1568""}}},""auto"":""square""}}","{""source"":""https://runware.ai/docs/models/bfl-flux-1-kontext-dev"",""checkedAt"":""2026-09-22"",""currency"":""USD"",""amount"":null,""accountTariffConfirmed"":false,""quote"":{""overview"":""Each image generation costs $0.0105 at 1024x1024."",""examples"":[{""configuration"":""text-to-image · 1248×832"",""price"":""$0.0098"",""latencyMs"":6633,""exampleId"":""coastal-floodgate-winter-lighting-visualization""},{""configuration"":""text-to-image · 1248×832"",""price"":""$0.0098"",""latencyMs"":6996,""exampleId"":""subsea-robot-reef-survey-composite""},{""configuration"":""reference-to-image · 832×1248"",""price"":""$0.013"",""latencyMs"":13224,""exampleId"":""urban-raptor-conservation-portrait""},{""configuration"":""reference-to-image · 832×1248"",""price"":""$0.013"",""latencyMs"":37767,""exampleId"":""foley-artist-editorial-headshot""}]}}",统一端点；账号地区准入待确认,Bearer API Key；账号权限未实测,提交前保存 UUID；仅 getResponse 查询,2026-09-22,https://runware.ai/docs/models/bfl-flux-1-kontext-dev,https://runware.ai/docs/models/bfl-flux-1-kontext-dev/schema.json,4ab80af814b6627f4c9b122945eeaf5269c6d90f022da71347850d849065eacb
runware,Bria,Bria Video Background Removal,bria:51@1,live,,范围外/待确认,尚未登记,尚未登记,"超出当前文本规划/图文理解/单张位图生成精修：removeBackground（video-to-video,remove-background,checkpoint,transparency）。","超出当前文本规划/图文理解/单张位图生成精修：removeBackground（video-to-video,remove-background,checkpoint,transparency）。",未接入,"{""productVision"":0}",false,false,,{},"{""overview"":""Each operation costs $0.05/s."",""examples"":[{""configuration"":""remove-background"",""price"":""$0.302"",""latencyMs"":23143,""exampleId"":""adaptive-fencing-reel-subject-cutout""},{""configuration"":""remove-background"",""price"":""$0.302"",""latencyMs"":37057,""exampleId"":""polar-docuseries-title-sequence-plate""},{""configuration"":""remove-background"",""price"":""$0.302"",""latencyMs"":21844,""exampleId"":""punk-asl-lyric-cutout""},{""configuration"":""remove-background"",""price"":""$0.302"",""latencyMs"":23159,""exampleId"":""tidal-turbine-logo-loop""}]}",统一端点；账号地区准入待确认,Bearer API Key；账号权限未实测,提交前保存 UUID；仅 getResponse 查询,2026-09-22,https://runware.ai/docs/models/bria-video-background-removal,https://runware.ai/docs/models/bria-video-background-removal/schema.json,07c1fbf261454928a77b09cf655fd2b62f1384350f99caa998617e9b3f3fa450
runware,待确认,Stable Diffusion 3,runware:5@1,live,,image,尚未登记,适配链路已完成但真实调用未验证,真实账号权限、真实推理、账单与质量待确认；可选高级参数未全部开放；本轮不调用真实服务。,补齐型号专用调用、选择器与恢复。,imageInference,"{""model"":1,""productAuxiliary"":8,""sourceCounts"":true}",true,false,,"{""generation"":{""mode"":""pixels"",""tiers"":{""512"":{""targetPixels"":262144},""1K"":{""targetPixels"":1048576},""1.5K"":{""targetPixels"":2359296},""2K"":{""targetPixels"":4194304}},""minSide"":128,""maxSide"":2048,""minPixels"":16384,""maxPixels"":4194304,""maxRatio"":16,""alignment"":16,""auto"":""square""},""editing"":{""mode"":""pixels"",""tiers"":{""512"":{""targetPixels"":262144},""1K"":{""targetPixels"":1048576},""1.5K"":{""targetPixels"":2359296},""2K"":{""targetPixels"":4194304}},""minSide"":128,""maxSide"":2048,""minPixels"":16384,""maxPixels"":4194304,""maxRatio"":16,""alignment"":16,""auto"":""square""}}","{""source"":""https://runware.ai/docs/models/stabilityai-stable-diffusion-3"",""checkedAt"":""2026-09-22"",""currency"":""USD"",""amount"":null,""accountTariffConfirmed"":false,""quote"":{""overview"":""~$0.0043 per megapixel"",""examples"":[{""configuration"":""text-to-image · 1024×1024"",""price"":""$0.0013"",""latencyMs"":10172,""exampleId"":""marina-biofouling-inspection-guide-illustration""},{""configuration"":""inpaint · 1152×896"",""price"":""$0.0013"",""latencyMs"":10993,""exampleId"":""museum-conservation-paste-tin-label""},{""configuration"":""image-to-image · 1280×768"",""price"":""$0.0013"",""latencyMs"":10171,""exampleId"":""electric-snowplow-fleet-blog-hero""},{""configuration"":""control-guided · 1024×1536"",""price"":""$0.0019"",""latencyMs"":11622,""exampleId"":""racing-wheelchair-colorway-visualization""},{""configuration"":""expand · 1536×1024"",""price"":""$0.0026"",""latencyMs"":14231,""exampleId"":""mushroom-farm-biosecurity-sticker-pack""}]}}",统一端点；账号地区准入待确认,Bearer API Key；账号权限未实测,提交前保存 UUID；仅 getResponse 查询,2026-09-22,https://runware.ai/docs/models/stabilityai-stable-diffusion-3,https://runware.ai/docs/models/stabilityai-stable-diffusion-3/schema.json,f4de8d8a222ed29161640d7e8e72a9ad8fea4b9f2850c6e69a87111a3176f17a
runware,Bria,Bria 3.2,bria:10@1,live,,image,尚未登记,适配链路已完成但真实调用未验证,真实账号权限、真实推理、账单与质量待确认；可选高级参数未全部开放；本轮不调用真实服务。,补齐型号专用调用、选择器与恢复。,imageInference,"{""model"":1,""productAuxiliary"":8,""sourceCounts"":true}",false,false,,"{""generation"":{""mode"":""table"",""tiers"":{""1K"":{""sizes"":{""1:1"":""1024x1024"",""2:3"":""832x1216"",""3:2"":""1216x832"",""7:9"":""896x1152"",""9:7"":""1152x896"",""14:17"":""896x1088"",""17:14"":""1088x896"",""4:7"":""768x1344"",""7:4"":""1344x768""}}},""auto"":""square""}}","{""source"":""https://runware.ai/docs/models/bria-3-2"",""checkedAt"":""2026-09-22"",""currency"":""USD"",""amount"":null,""accountTariffConfirmed"":false,""quote"":{""overview"":""Each image generation costs $0.04 at 1024x1024."",""examples"":[{""configuration"":""text-to-image"",""price"":""$0.04"",""latencyMs"":16155,""exampleId"":""critical-minerals-lab-editorial-portrait""},{""configuration"":""text-to-image"",""price"":""$0.04"",""latencyMs"":13576,""exampleId"":""falconry-gps-tracker-packshot""},{""configuration"":""text-to-image"",""price"":""$0.04"",""latencyMs"":8069,""exampleId"":""pediatric-mri-ceiling-mural""},{""configuration"":""text-to-image"",""price"":""$0.04"",""latencyMs"":12649,""exampleId"":""soil-dna-kit-packaging""}]}}",统一端点；账号地区准入待确认,Bearer API Key；账号权限未实测,提交前保存 UUID；仅 getResponse 查询,2026-09-22,https://runware.ai/docs/models/bria-3-2,https://runware.ai/docs/models/bria-3-2/schema.json,23db40bf9226b990b119fb9b7dd6128b9e16d7d8d73a3e34bcc0db555dd8e7eb
runware,ByteDance,Seedance 1.0 Pro,bytedance:2@1,live,,范围外/待确认,尚未登记,尚未登记,"超出当前文本规划/图文理解/单张位图生成精修：videoInference（text-to-video,image-to-video,checkpoint）。","超出当前文本规划/图文理解/单张位图生成精修：videoInference（text-to-video,image-to-video,checkpoint）。",未接入,"{""productVision"":0}",false,false,,{},"{""overview"":""Each generation will cost $0.0968/s for 1080p."",""examples"":[{""configuration"":""first-last-frame · 480p · 8s"",""price"":""$0.155"",""latencyMs"":66486,""exampleId"":""dry-powder-inhaler-mechanism-demo""},{""configuration"":""first-frame · 1080p · 5s"",""price"":""$0.489"",""latencyMs"":68722,""exampleId"":""hatchery-biosecurity-presenter-clip""},{""configuration"":""first-frame · 1080p · 5s"",""price"":""$0.489"",""latencyMs"":49504,""exampleId"":""polar-mail-museum-presenter-clip""},{""configuration"":""text-to-video · 2176×928 · 6s"",""price"":""$0.566"",""latencyMs"":67016,""exampleId"":""mycelium-acoustic-tile-social-reel""}]}",统一端点；账号地区准入待确认,Bearer API Key；账号权限未实测,提交前保存 UUID；仅 getResponse 查询,2026-09-22,https://runware.ai/docs/models/bytedance-seedance-1-0-pro,https://runware.ai/docs/models/bytedance-seedance-1-0-pro/schema.json,fb9e24358aee5556a98c1883c574cb2764cf1e61b39b051f8d0bd78308b35b93
runware,PixVerse,PixVerse V4.5,pixverse:1@3,live,,范围外/待确认,尚未登记,尚未登记,"超出当前文本规划/图文理解/单张位图生成精修：videoInference（text-to-video,image-to-video,checkpoint）。","超出当前文本规划/图文理解/单张位图生成精修：videoInference（text-to-video,image-to-video,checkpoint）。",未接入,"{""productVision"":0}",false,false,,{},"{""overview"":""Each generation will cost $0.0598/s for 1080p."",""examples"":[{""configuration"":""visual-effect · 540p · 5s"",""price"":""$0.112"",""latencyMs"":73829,""exampleId"":""museum-after-dark-logo-sting""},{""configuration"":""text-to-video · 720p · 5s"",""price"":""$0.299"",""latencyMs"":46058,""exampleId"":""fish-market-percussion-music-video""},{""configuration"":""first-frame · 1080p · 5s"",""price"":""$0.299"",""latencyMs"":54538,""exampleId"":""subsea-tidal-turbine-inspection-b-roll""},{""configuration"":""first-last-frame · 720p · 8s"",""price"":""$0.299"",""latencyMs"":42054,""exampleId"":""technical-apiary-suit-fashion-reel""}]}",统一端点；账号地区准入待确认,Bearer API Key；账号权限未实测,提交前保存 UUID；仅 getResponse 查询,2026-09-22,https://runware.ai/docs/models/pixverse-v4-5,https://runware.ai/docs/models/pixverse-v4-5/schema.json,a2ba053320e5b1b7c7badedc1c8bfa40cd438a0d49135970a04b3baa889e3125
runware,Runway,Runway Gen-4 Image,runway:4@1,live,,image,尚未登记,适配链路已完成但真实调用未验证,真实账号权限、真实推理、账单与质量待确认；可选高级参数未全部开放；本轮不调用真实服务。,补齐型号专用调用、选择器与恢复。,imageInference,"{""model"":3,""productAuxiliary"":8,""sourceCounts"":true}",false,false,,"{""generation"":{""mode"":""table"",""tiers"":{""2K"":{""sizes"":{""16:9"":""1920x1080"",""9:16"":""1080x1920"",""1:1"":""1080x1080"",""4:3"":""1440x1080"",""3:4"":""1080x1440"",""21:9"":""2112x912""}},""1K"":{""sizes"":{""1:1"":""1024x1024"",""16:9"":""1360x768"",""4:3"":""1168x880"",""21:9"":""1808x768"",""9:16"":""720x1280"",""3:4"":""720x960""}}},""auto"":""square""},""editing"":{""mode"":""table"",""tiers"":{""2K"":{""sizes"":{""16:9"":""1920x1080"",""9:16"":""1080x1920"",""1:1"":""1080x1080"",""4:3"":""1440x1080"",""3:4"":""1080x1440"",""21:9"":""2112x912""}},""1K"":{""sizes"":{""1:1"":""1024x1024"",""16:9"":""1360x768"",""4:3"":""1168x880"",""21:9"":""1808x768"",""9:16"":""720x1280"",""3:4"":""720x960""}}},""auto"":""square""}}","{""source"":""https://runware.ai/docs/models/runway-gen-4-image"",""checkedAt"":""2026-09-22"",""currency"":""USD"",""amount"":null,""accountTariffConfirmed"":false,""quote"":{""examples"":[{""configuration"":""reference-to-image · 1080p"",""price"":""$0.08"",""latencyMs"":37656,""exampleId"":""maritime-artifact-exhibition-hero""},{""configuration"":""text-to-image · 1360×768"",""price"":""$0.08"",""latencyMs"":28961,""exampleId"":""urban-beekeeper-editorial-headshot""},{""configuration"":""text-to-image · 1360×768"",""price"":""$0.08"",""latencyMs"":29571,""exampleId"":""opera-wardrobe-banner-expansion""},{""configuration"":""reference-to-image · 1080p"",""price"":""$0.08"",""latencyMs"":71118,""exampleId"":""wildfire-strategy-game-key-art""}]}}",统一端点；账号地区准入待确认,Bearer API Key；账号权限未实测,提交前保存 UUID；仅 getResponse 查询,2026-09-22,https://runware.ai/docs/models/runway-gen-4-image,https://runware.ai/docs/models/runway-gen-4-image/schema.json,ff08e344c2f25c762218ffd96ce8ea854db8b6724de41173511a4b6ea2d99a01
runware,待确认,ControlNet Preprocess Canny,runware:controlnet-preprocess@canny,live,,范围外/待确认,尚未登记,尚未登记,"超出当前文本规划/图文理解/单张位图生成精修：controlNetPreprocess（image-to-image,preprocess,edge-detection,checkpoint）。","超出当前文本规划/图文理解/单张位图生成精修：controlNetPreprocess（image-to-image,preprocess,edge-detection,checkpoint）。",未接入,"{""productVision"":0}",false,false,,{},"{""examples"":[{""configuration"":""canny-edge-detection"",""price"":""$0.0006"",""latencyMs"":3139,""exampleId"":""wheelchair-racer-arena-composite""},{""configuration"":""canny-edge-detection"",""price"":""$0.0006"",""latencyMs"":5351,""exampleId"":""roman-mosaic-cleanup-edge-guide""},{""configuration"":""canny-edge-detection"",""price"":""$0.0006"",""latencyMs"":3236,""exampleId"":""watchmaker-team-composite-edge-guide""},{""configuration"":""canny-edge-detection"",""price"":""$0.0006"",""latencyMs"":4692,""exampleId"":""saturation-diver-headshot-edge-guide""}]}",统一端点；账号地区准入待确认,Bearer API Key；账号权限未实测,提交前保存 UUID；仅 getResponse 查询,2026-09-22,https://runware.ai/docs/models/controlnet-preprocess-canny,https://runware.ai/docs/models/controlnet-preprocess-canny/schema.json,e10199792663541b356a183054fcff8f146215a6acb0ad9b5381e32899181679
runware,待确认,ControlNet Preprocess Depth,runware:controlnet-preprocess@depth,live,,范围外/待确认,尚未登记,尚未登记,"超出当前文本规划/图文理解/单张位图生成精修：controlNetPreprocess（image-to-image,preprocess,depth-estimation,checkpoint）。","超出当前文本规划/图文理解/单张位图生成精修：controlNetPreprocess（image-to-image,preprocess,depth-estimation,checkpoint）。",未接入,"{""productVision"":0}",false,false,,{},"{""examples"":[{""configuration"":""depth-estimation"",""price"":""$0.0013"",""latencyMs"":4941,""exampleId"":""hatchery-brochure-cleanup-depth-guide""},{""configuration"":""depth-estimation"",""price"":""$0.0013"",""latencyMs"":4222,""exampleId"":""forensic-entomologist-portrait-depth-guide""},{""configuration"":""depth-estimation"",""price"":""$0.0013"",""latencyMs"":6113,""exampleId"":""polar-night-plant-depth-guide""},{""configuration"":""depth-estimation"",""price"":""$0.0019"",""latencyMs"":5921,""exampleId"":""diving-suit-background-replacement-guide""}]}",统一端点；账号地区准入待确认,Bearer API Key；账号权限未实测,提交前保存 UUID；仅 getResponse 查询,2026-09-22,https://runware.ai/docs/models/controlnet-preprocess-depth,https://runware.ai/docs/models/controlnet-preprocess-depth/schema.json,48da72dd49ffc961c1f47f9b8bc5790aa56657cc83db6c8edcfa7d4f35ea09a9
runware,待确认,ControlNet Preprocess Lineart,runware:controlnet-preprocess@lineart,live,,范围外/待确认,尚未登记,尚未登记,"超出当前文本规划/图文理解/单张位图生成精修：controlNetPreprocess（image-to-image,preprocess,line-extraction,checkpoint）。","超出当前文本规划/图文理解/单张位图生成精修：controlNetPreprocess（image-to-image,preprocess,line-extraction,checkpoint）。",未接入,"{""productVision"":0}",false,false,,{},"{""examples"":[{""configuration"":""lineart-extraction"",""price"":""$0.0006"",""latencyMs"":5200,""exampleId"":""avalanche-patrol-portrait-line-art-guide""},{""configuration"":""lineart-extraction"",""price"":""$0.0006"",""latencyMs"":3829,""exampleId"":""deep-sea-exhibit-panorama-guide""},{""configuration"":""lineart-extraction"",""price"":""$0.0006"",""latencyMs"":3992,""exampleId"":""hydroelectric-mural-expansion-guide""},{""configuration"":""lineart-extraction"",""price"":""$0.0006"",""latencyMs"":3897,""exampleId"":""arborist-helmet-colorway-line-guide""}]}",统一端点；账号地区准入待确认,Bearer API Key；账号权限未实测,提交前保存 UUID；仅 getResponse 查询,2026-09-22,https://runware.ai/docs/models/controlnet-preprocess-lineart,https://runware.ai/docs/models/controlnet-preprocess-lineart/schema.json,15809bca314d7b627a6bba2245a7d50cf84e5a2a8aa11d1a8d912fade5825c9f
runware,待确认,ControlNet Preprocess Lineart Anime,runware:controlnet-preprocess@lineart-anime,live,,范围外/待确认,尚未登记,尚未登记,"超出当前文本规划/图文理解/单张位图生成精修：controlNetPreprocess（image-to-image,preprocess,line-extraction,checkpoint）。","超出当前文本规划/图文理解/单张位图生成精修：controlNetPreprocess（image-to-image,preprocess,line-extraction,checkpoint）。",未接入,"{""productVision"":0}",false,false,,{},"{""examples"":[{""configuration"":""lineart-extraction"",""price"":""$0.0006"",""latencyMs"":3900,""exampleId"":""antarctic-crew-roster-line-guide""},{""configuration"":""lineart-extraction"",""price"":""$0.0006"",""latencyMs"":5916,""exampleId"":""heritage-tram-coloring-page""},{""configuration"":""lineart-extraction"",""price"":""$0.0006"",""latencyMs"":5824,""exampleId"":""aquarium-mural-outpaint-line-guide""},{""configuration"":""lineart-extraction"",""price"":""$0.0006"",""latencyMs"":3963,""exampleId"":""mine-safety-canary-logo-vectorization""}]}",统一端点；账号地区准入待确认,Bearer API Key；账号权限未实测,提交前保存 UUID；仅 getResponse 查询,2026-09-22,https://runware.ai/docs/models/controlnet-preprocess-lineart-anime,https://runware.ai/docs/models/controlnet-preprocess-lineart-anime/schema.json,6c8acff6358740533a8f58dd53ad93fc379f9f9ade72bc3cebf06b1425435d67
runware,待确认,ControlNet Preprocess MLSD,runware:controlnet-preprocess@mlsd,live,,范围外/待确认,尚未登记,尚未登记,"超出当前文本规划/图文理解/单张位图生成精修：controlNetPreprocess（image-to-image,preprocess,line-extraction,checkpoint）。","超出当前文本规划/图文理解/单张位图生成精修：controlNetPreprocess（image-to-image,preprocess,line-extraction,checkpoint）。",未接入,"{""productVision"":0}",false,false,,{},"{""examples"":[{""configuration"":""line-segment-extraction"",""price"":""$0.0006"",""latencyMs"":3979,""exampleId"":""pipe-organ-venue-swap-guide""},{""configuration"":""line-segment-extraction"",""price"":""$0.0006"",""latencyMs"":3457,""exampleId"":""seed-vault-emblem-vector-trace""},{""configuration"":""line-segment-extraction"",""price"":""$0.0006"",""latencyMs"":3093,""exampleId"":""modular-sauna-background-replacement-guide""},{""configuration"":""line-segment-extraction"",""price"":""$0.0013"",""latencyMs"":4307,""exampleId"":""sento-gouache-restyle-structure-map""}]}",统一端点；账号地区准入待确认,Bearer API Key；账号权限未实测,提交前保存 UUID；仅 getResponse 查询,2026-09-22,https://runware.ai/docs/models/controlnet-preprocess-mlsd,https://runware.ai/docs/models/controlnet-preprocess-mlsd/schema.json,ede16f1cf15b9034ca6fbeb9713f17d896a5f37f71cd1d70c60718f1136486d5
runware,待确认,ControlNet Preprocess NormalBae,runware:controlnet-preprocess@normalbae,live,,范围外/待确认,尚未登记,尚未登记,"超出当前文本规划/图文理解/单张位图生成精修：controlNetPreprocess（image-to-image,preprocess,surface-normal-estimation,checkpoint）。","超出当前文本规划/图文理解/单张位图生成精修：controlNetPreprocess（image-to-image,preprocess,surface-normal-estimation,checkpoint）。",未接入,"{""productVision"":0}",false,false,,{},"{""examples"":[{""configuration"":""surface-normal-estimation"",""price"":""$0.0006"",""latencyMs"":3947,""exampleId"":""marionette-photograph-restoration-normal-map""},{""configuration"":""surface-normal-estimation"",""price"":""$0.0013"",""latencyMs"":5880,""exampleId"":""underwater-rov-compositing-normal-pass""},{""configuration"":""surface-normal-estimation"",""price"":""$0.0013"",""latencyMs"":6941,""exampleId"":""aviation-archive-restoration-normal-pass""},{""configuration"":""surface-normal-estimation"",""price"":""$0.0013"",""latencyMs"":4846,""exampleId"":""pipe-organ-panorama-normal-guide""}]}",统一端点；账号地区准入待确认,Bearer API Key；账号权限未实测,提交前保存 UUID；仅 getResponse 查询,2026-09-22,https://runware.ai/docs/models/controlnet-preprocess-normalbae,https://runware.ai/docs/models/controlnet-preprocess-normalbae/schema.json,52f3ee1a5b4a6f000f4f4cf5cd1cdb262e2a5abab537b97fb543d2242e42e049
runware,待确认,ControlNet Preprocess OpenPose,runware:controlnet-preprocess@openpose,live,,范围外/待确认,尚未登记,尚未登记,"超出当前文本规划/图文理解/单张位图生成精修：controlNetPreprocess（image-to-image,preprocess,pose-estimation,checkpoint）。","超出当前文本规划/图文理解/单张位图生成精修：controlNetPreprocess（image-to-image,preprocess,pose-estimation,checkpoint）。",未接入,"{""productVision"":0}",false,false,,{},"{""examples"":[{""configuration"":""pose-estimation"",""price"":""$0.0026"",""latencyMs"":6624,""exampleId"":""volcanologist-wpa-poster-restyle""},{""configuration"":""detailed-pose-estimation"",""price"":""$0.0032"",""latencyMs"":7674,""exampleId"":""roller-derby-roster-addition-pose-map""},{""configuration"":""pose-estimation"",""price"":""$0.0032"",""latencyMs"":7478,""exampleId"":""motorcycle-airbag-suit-pose-map""},{""configuration"":""detailed-pose-estimation"",""price"":""$0.0038"",""latencyMs"":9535,""exampleId"":""museum-interpreter-scene-swap-pose-map""}]}",统一端点；账号地区准入待确认,Bearer API Key；账号权限未实测,提交前保存 UUID；仅 getResponse 查询,2026-09-22,https://runware.ai/docs/models/controlnet-preprocess-openpose,https://runware.ai/docs/models/controlnet-preprocess-openpose/schema.json,f485704f9c613c97c0ea559ed65775a2d31c46ca37346a82d3e739925bd1825b
runware,待确认,ControlNet Preprocess Scribble,runware:controlnet-preprocess@scribble,live,,范围外/待确认,尚未登记,尚未登记,"超出当前文本规划/图文理解/单张位图生成精修：controlNetPreprocess（image-to-image,preprocess,line-extraction,checkpoint）。","超出当前文本规划/图文理解/单张位图生成精修：controlNetPreprocess（image-to-image,preprocess,line-extraction,checkpoint）。",未接入,"{""productVision"":0}",false,false,,{},"{""examples"":[{""configuration"":""scribble-extraction"",""price"":""$0.0006"",""latencyMs"":4218,""exampleId"":""aerospace-founder-headshot-retouch-guide""},{""configuration"":""scribble-extraction"",""price"":""$0.0006"",""latencyMs"":6685,""exampleId"":""avalanche-team-portrait-scribble-guide""},{""configuration"":""scribble-extraction"",""price"":""$0.0006"",""latencyMs"":3446,""exampleId"":""damaged-clinic-bus-restoration-guide""},{""configuration"":""scribble-extraction"",""price"":""$0.0006"",""latencyMs"":3222,""exampleId"":""bathysphere-panorama-expansion-guide""}]}",统一端点；账号地区准入待确认,Bearer API Key；账号权限未实测,提交前保存 UUID；仅 getResponse 查询,2026-09-22,https://runware.ai/docs/models/controlnet-preprocess-scribble,https://runware.ai/docs/models/controlnet-preprocess-scribble/schema.json,ddd8a573ca2ffae3c3592c9fb5f748cd3bee54913012589fa36d0385bf6b5ae5
runware,待确认,ControlNet Preprocess Seg,runware:controlnet-preprocess@seg,live,,范围外/待确认,尚未登记,尚未登记,"超出当前文本规划/图文理解/单张位图生成精修：controlNetPreprocess（image-to-image,preprocess,segmentation,checkpoint）。","超出当前文本规划/图文理解/单张位图生成精修：controlNetPreprocess（image-to-image,preprocess,segmentation,checkpoint）。",未接入,"{""productVision"":0}",false,false,,{},"{""examples"":[{""configuration"":""semantic-segmentation"",""price"":""$0.0013"",""latencyMs"":4557,""exampleId"":""drysuit-colorway-segmentation-map""},{""configuration"":""semantic-segmentation"",""price"":""$0.0013"",""latencyMs"":5839,""exampleId"":""cargo-trike-colorway-segmentation-guide""},{""configuration"":""semantic-segmentation"",""price"":""$0.0013"",""latencyMs"":6546,""exampleId"":""glassblower-headshot-retouch-segmentation""},{""configuration"":""semantic-segmentation"",""price"":""$0.0013"",""latencyMs"":4881,""exampleId"":""oyster-hatchery-dusk-relight-guide""}]}",统一端点；账号地区准入待确认,Bearer API Key；账号权限未实测,提交前保存 UUID；仅 getResponse 查询,2026-09-22,https://runware.ai/docs/models/controlnet-preprocess-seg,https://runware.ai/docs/models/controlnet-preprocess-seg/schema.json,4e7429cce900ddf946dedc5a1f04927731722be2d336b73d0e646c27ab8adf3c
runware,待确认,ControlNet Preprocess Shuffle,runware:controlnet-preprocess@shuffle,live,,范围外/待确认,尚未登记,尚未登记,"超出当前文本规划/图文理解/单张位图生成精修：controlNetPreprocess（image-to-image,preprocess,checkpoint）。","超出当前文本规划/图文理解/单张位图生成精修：controlNetPreprocess（image-to-image,preprocess,checkpoint）。",未接入,"{""productVision"":0}",false,false,,{},"{""examples"":[{""configuration"":""content-shuffle"",""price"":""$0.0006"",""latencyMs"":3061,""exampleId"":""polar-night-station-relight-guide""},{""configuration"":""content-shuffle"",""price"":""$0.0006"",""latencyMs"":4716,""exampleId"":""night-market-cooktop-scene-guide""},{""configuration"":""content-shuffle"",""price"":""$0.0006"",""latencyMs"":6290,""exampleId"":""geology-exhibition-panorama-expansion""},{""configuration"":""content-shuffle"",""price"":""$0.0006"",""latencyMs"":3368,""exampleId"":""skate-championship-broadcast-expansion-guide""}]}",统一端点；账号地区准入待确认,Bearer API Key；账号权限未实测,提交前保存 UUID；仅 getResponse 查询,2026-09-22,https://runware.ai/docs/models/controlnet-preprocess-shuffle,https://runware.ai/docs/models/controlnet-preprocess-shuffle/schema.json,472bdba007ac30dc78f99cb351088457ce430a0d31f9bbf55e3c2e021e62aac9
runware,待确认,ControlNet Preprocess SoftEdge,runware:controlnet-preprocess@softedge,live,,范围外/待确认,尚未登记,尚未登记,"超出当前文本规划/图文理解/单张位图生成精修：controlNetPreprocess（image-to-image,preprocess,edge-detection,checkpoint）。","超出当前文本规划/图文理解/单张位图生成精修：controlNetPreprocess（image-to-image,preprocess,edge-detection,checkpoint）。",未接入,"{""productVision"":0}",false,false,,{},"{""examples"":[{""configuration"":""soft-edge-detection"",""price"":""$0.0006"",""latencyMs"":3478,""exampleId"":""vintage-synthesizer-catalog-cleanup-guide""},{""configuration"":""soft-edge-detection"",""price"":""$0.0006"",""latencyMs"":4327,""exampleId"":""harbor-pilot-headshot-edge-guide""},{""configuration"":""soft-edge-detection"",""price"":""$0.0006"",""latencyMs"":4300,""exampleId"":""espresso-machine-colorway-edge-guide""},{""configuration"":""soft-edge-detection"",""price"":""$0.0006"",""latencyMs"":4489,""exampleId"":""alpine-tram-heritage-lithograph""}]}",统一端点；账号地区准入待确认,Bearer API Key；账号权限未实测,提交前保存 UUID；仅 getResponse 查询,2026-09-22,https://runware.ai/docs/models/controlnet-preprocess-softedge,https://runware.ai/docs/models/controlnet-preprocess-softedge/schema.json,6ca78ad2c6b1566a5219d2a871100dad19b024aad0e0a4ef141e22c87757680a
runware,待确认,ControlNet Preprocess Tile,runware:controlnet-preprocess@tile,live,,范围外/待确认,尚未登记,尚未登记,"超出当前文本规划/图文理解/单张位图生成精修：controlNetPreprocess（image-to-image,preprocess,checkpoint）。","超出当前文本规划/图文理解/单张位图生成精修：controlNetPreprocess（image-to-image,preprocess,checkpoint）。",未接入,"{""productVision"":0}",false,false,,{},"{""examples"":[{""configuration"":""tile-preprocessing"",""price"":""$0.0006"",""latencyMs"":4680,""exampleId"":""accordion-colorway-detail-guide""},{""configuration"":""tile-preprocessing"",""price"":""$0.0006"",""latencyMs"":5670,""exampleId"":""wildland-ecologist-headshot-detail-map""},{""configuration"":""tile-preprocessing"",""price"":""$0.0006"",""latencyMs"":4179,""exampleId"":""historic-planetarium-restoration-control-map""},{""configuration"":""tile-preprocessing"",""price"":""$0.0006"",""latencyMs"":3855,""exampleId"":""woodcut-organ-restyle-detail-guide""}]}",统一端点；账号地区准入待确认,Bearer API Key；账号权限未实测,提交前保存 UUID；仅 getResponse 查询,2026-09-22,https://runware.ai/docs/models/controlnet-preprocess-tile,https://runware.ai/docs/models/controlnet-preprocess-tile/schema.json,69e9c809dd7fcc79e663fc13e0dfc07281c32a0c1f3bf5d7fa89dd6a4d83340a
runware,Ideogram,Ideogram 3.0 Edit,ideogram:4@3,live,,image,尚未登记,适配链路已完成但真实调用未验证,真实账号权限、真实推理、账单与质量待确认；可选高级参数未全部开放；本轮不调用真实服务。,补齐型号专用调用、选择器与恢复。,imageInference,"{""model"":1,""productAuxiliary"":8,""sourceCounts"":true}",true,false,,"{""editing"":{""mode"":""inherit"",""tiers"":{""auto"":{}},""auto"":""omit""}}","{""source"":""https://runware.ai/docs/models/ideogram-3-0-edit"",""checkedAt"":""2026-09-22"",""currency"":""USD"",""amount"":null,""accountTariffConfirmed"":false,""quote"":{""examples"":[{""configuration"":""identity-preservation"",""price"":""$0.06"",""latencyMs"":26268,""exampleId"":""volcanologist-field-report-portrait""},{""configuration"":""inpaint"",""price"":""$0.06"",""latencyMs"":16948,""exampleId"":""railway-signalwoman-portrait-restoration""},{""configuration"":""masked-identity-preservation"",""price"":""$0.06"",""latencyMs"":24318,""exampleId"":""synchronized-swim-roster-portrait""}]}}",统一端点；账号地区准入待确认,Bearer API Key；账号权限未实测,提交前保存 UUID；仅 getResponse 查询,2026-09-22,https://runware.ai/docs/models/ideogram-3-0-edit,https://runware.ai/docs/models/ideogram-3-0-edit/schema.json,c99b94824990e138081cdbd8d5aa5ae38a4165311243d357c2308df4f8e70430
runware,Ideogram,Ideogram 3.0 Remix,ideogram:4@2,live,,image,尚未登记,适配链路已完成但真实调用未验证,真实账号权限、真实推理、账单与质量待确认；可选高级参数未全部开放；本轮不调用真实服务。,补齐型号专用调用、选择器与恢复。,imageInference,"{""model"":1,""productAuxiliary"":8,""sourceCounts"":true}",false,false,,"{""editing"":{""mode"":""table"",""tiers"":{""1K"":{""sizes"":{""3:1"":""1536x512"",""21:9"":""1536x576"",""2:1"":""1344x640"",""16:9"":""1280x704"",""5:3"":""1280x768"",""16:10"":""1280x800"",""3:2"":""1248x832"",""4:3"":""1152x832"",""5:4"":""1152x896"",""1:1"":""960x896"",""4:5"":""960x1088"",""3:4"":""832x1088"",""2:3"":""768x1088"",""10:16"":""768x1216"",""3:5"":""704x1152"",""9:16"":""704x1216"",""1:2"":""704x1344"",""9:21"":""640x1408"",""1:3"":""576x1536""}}},""auto"":""square""}}","{""source"":""https://runware.ai/docs/models/ideogram-3-0-remix"",""checkedAt"":""2026-09-22"",""currency"":""USD"",""amount"":null,""accountTariffConfirmed"":false,""quote"":{""examples"":[{""configuration"":""masked-identity-preservation · 896×1152"",""price"":""$0.06"",""latencyMs"":22975,""exampleId"":""adaptive-rain-cape-virtual-try-on""},{""configuration"":""reference-to-image · 1024×1024"",""price"":""$0.06"",""latencyMs"":12620,""exampleId"":""beekeeping-cooperative-textile-campaign-artwork""},{""configuration"":""identity-preservation · 832×1216"",""price"":""$0.09"",""latencyMs"":25163,""exampleId"":""subsea-engineer-leadership-headshot""}]}}",统一端点；账号地区准入待确认,Bearer API Key；账号权限未实测,提交前保存 UUID；仅 getResponse 查询,2026-09-22,https://runware.ai/docs/models/ideogram-3-0-remix,https://runware.ai/docs/models/ideogram-3-0-remix/schema.json,b4dcf2e656c96dd055b199ab074651df7de45528ba11b58052ecbf26018d02da
runware,OpenAI,GPT Image 1 Mini,openai:1@2,deprecated,2026-12-01T00:00:00Z,image,尚未登记,适配链路已完成但真实调用未验证,真实账号权限、真实推理、账单与质量待确认；可选高级参数未全部开放；本轮不调用真实服务。,补齐型号专用调用、选择器与恢复。,imageInference,"{""model"":16,""productAuxiliary"":8,""sourceCounts"":true}",true,true,,"{""generation"":{""mode"":""table"",""tiers"":{""1K"":{""sizes"":{""1:1"":""1024x1024"",""3:2"":""1536x1024"",""2:3"":""1024x1536""}}},""auto"":""square""},""editing"":{""mode"":""table"",""tiers"":{""1K"":{""sizes"":{""1:1"":""1024x1024"",""3:2"":""1536x1024"",""2:3"":""1024x1536""}}},""auto"":""square""}}","{""source"":""https://runware.ai/docs/models/openai-gpt-image-1-mini"",""checkedAt"":""2026-09-22"",""currency"":""USD"",""amount"":null,""accountTariffConfirmed"":false,""quote"":{""examples"":[{""configuration"":""transparent-background · 1024×1024"",""price"":""$0.036"",""latencyMs"":41268,""exampleId"":""battery-safety-book-character-sticker""},{""configuration"":""inpaint · 1024×1024"",""price"":""$0.036"",""latencyMs"":33860,""exampleId"":""observatory-architecture-square-outpaint""},{""configuration"":""text-to-image · 1536×1024"",""price"":""$0.052"",""latencyMs"":47158,""exampleId"":""polar-research-vessel-christening-invitation""},{""configuration"":""reference-to-image · 1024×1536"",""price"":""$0.052"",""latencyMs"":49685,""exampleId"":""pipe-organ-workshop-cover""}]}}",统一端点；账号地区准入待确认,Bearer API Key；账号权限未实测,提交前保存 UUID；仅 getResponse 查询,2026-09-22,https://runware.ai/docs/models/openai-gpt-image-1-mini,https://runware.ai/docs/models/openai-gpt-image-1-mini/schema.json,cf01bfc830d9212c56b05ec163f7a24cfb5cfd13b0daf04319a406ddf0a5a051
runware,Vidu,Vidu Q1 Classic,vidu:1@0,live,,范围外/待确认,尚未登记,尚未登记,"超出当前文本规划/图文理解/单张位图生成精修：videoInference（text-to-video,image-to-video,checkpoint）。","超出当前文本规划/图文理解/单张位图生成精修：videoInference（text-to-video,image-to-video,checkpoint）。",未接入,"{""productVision"":0}",false,false,,{},"{""examples"":[{""configuration"":""first-last-frame"",""price"":""$0.22"",""latencyMs"":157786,""exampleId"":""recycled-glass-logo-sting""},{""configuration"":""first-last-frame"",""price"":""$0.22"",""latencyMs"":123537,""exampleId"":""polar-archive-exhibition-title-sequence""},{""configuration"":""first-frame"",""price"":""$0.22"",""latencyMs"":107439,""exampleId"":""wildfire-investigation-docuseries-title-teaser""},{""configuration"":""first-frame"",""price"":""$0.22"",""latencyMs"":135747,""exampleId"":""marine-oil-skimmer-demonstration-clip""}]}",统一端点；账号地区准入待确认,Bearer API Key；账号权限未实测,提交前保存 UUID；仅 getResponse 查询,2026-09-22,https://runware.ai/docs/models/vidu-q1-classic,https://runware.ai/docs/models/vidu-q1-classic/schema.json,1c8ec698a79f1313fce271fb212a3343ba97ac52281a20fa9b92376c9d5ab91e
runware,Vidu,Vidu Q1,vidu:1@1,live,,范围外/待确认,尚未登记,尚未登记,"超出当前文本规划/图文理解/单张位图生成精修：videoInference（text-to-video,image-to-video,checkpoint）。","超出当前文本规划/图文理解/单张位图生成精修：videoInference（text-to-video,image-to-video,checkpoint）。",未接入,"{""productVision"":0}",false,false,,{},"{""overview"":""Each generation will cost $0.0440/s for 1080p."",""examples"":[{""configuration"":""first-frame"",""price"":""$0.22"",""latencyMs"":135014,""exampleId"":""magnetic-silo-crawler-demo-clip""},{""configuration"":""first-last-frame"",""price"":""$0.22"",""latencyMs"":113659,""exampleId"":""cuneiform-docuseries-title-sequence""},{""configuration"":""text-to-video"",""price"":""$0.22"",""latencyMs"":244776,""exampleId"":""apiary-workwear-fashion-reel""},{""configuration"":""text-to-video"",""price"":""$0.22"",""latencyMs"":301870,""exampleId"":""volcanic-observatory-anime-series-teaser""}]}",统一端点；账号地区准入待确认,Bearer API Key；账号权限未实测,提交前保存 UUID；仅 getResponse 查询,2026-09-22,https://runware.ai/docs/models/vidu-q1,https://runware.ai/docs/models/vidu-q1/schema.json,d5f381dc884f8559cf5a75f33b26eff38ba5e9323793d59805f168d64c70d58f
runware,MiniMax,MiniMax 01 Live,minimax:2@3,live,,范围外/待确认,尚未登记,尚未登记,"超出当前文本规划/图文理解/单张位图生成精修：videoInference（text-to-video,image-to-video,checkpoint）。","超出当前文本规划/图文理解/单张位图生成精修：videoInference（text-to-video,image-to-video,checkpoint）。",未接入,"{""productVision"":0}",false,false,,{},"{""overview"":""Each generation will cost $0.0560/s for 720p."",""examples"":[{""configuration"":""first-frame · 6s"",""price"":""$0.28"",""latencyMs"":216304,""exampleId"":""climate-documentary-series-title-sequence""},{""configuration"":""first-frame"",""price"":""$0.28"",""latencyMs"":418569,""exampleId"":""semiconductor-cleanroom-couture-reel""},{""configuration"":""first-frame · 6s"",""price"":""$0.28"",""latencyMs"":167662,""exampleId"":""regenerative-kelp-synth-pop-video""},{""configuration"":""first-frame"",""price"":""$0.28"",""latencyMs"":369186,""exampleId"":""rare-manuscript-conservation-b-roll""}]}",统一端点；账号地区准入待确认,Bearer API Key；账号权限未实测,提交前保存 UUID；仅 getResponse 查询,2026-09-22,https://runware.ai/docs/models/minimax-01-live,https://runware.ai/docs/models/minimax-01-live/schema.json,57663737297e85a1cf8432c5c25c308290a28cdf2bed76f08c0da566c6344b62
runware,待确认,HiDream-I1 Dev,runware:97@2,live,,image,尚未登记,适配链路已完成但真实调用未验证,真实账号权限、真实推理、账单与质量待确认；可选高级参数未全部开放；本轮不调用真实服务。,补齐型号专用调用、选择器与恢复。,imageInference,"{""model"":1,""productAuxiliary"":8,""sourceCounts"":true}",false,false,,"{""generation"":{""mode"":""pixels"",""tiers"":{""512"":{""targetPixels"":262144},""1K"":{""targetPixels"":1048576},""1.5K"":{""targetPixels"":2359296},""2K"":{""targetPixels"":4194304}},""minSide"":128,""maxSide"":2048,""minPixels"":16384,""maxPixels"":4194304,""maxRatio"":16,""alignment"":16,""auto"":""square""}}","{""source"":""https://runware.ai/docs/models/hidream-i1-dev"",""checkedAt"":""2026-09-22"",""currency"":""USD"",""amount"":null,""accountTariffConfirmed"":false,""quote"":{""overview"":""Each image generation costs $0.0045 at 1024x1024."",""examples"":[{""configuration"":""text-to-image"",""price"":""$0.0026"",""latencyMs"":5588,""exampleId"":""childrens-paleontology-host-character-portrait""},{""configuration"":""text-to-image"",""price"":""$0.0026"",""latencyMs"":4613,""exampleId"":""subsea-infrastructure-magazine-cover""},{""configuration"":""text-to-image"",""price"":""$0.0026"",""latencyMs"":4506,""exampleId"":""high-rise-cleaner-personal-portrait""},{""configuration"":""text-to-image"",""price"":""$0.0026"",""latencyMs"":4536,""exampleId"":""stoneware-fermentation-crock-product-packshot""}]}}",统一端点；账号地区准入待确认,Bearer API Key；账号权限未实测,提交前保存 UUID；仅 getResponse 查询,2026-09-22,https://runware.ai/docs/models/hidream-i1-dev,https://runware.ai/docs/models/hidream-i1-dev/schema.json,a3ddc7ec856af30f906045c638af9c856a1435497f6afb61f3c218b48590eea9
runware,Runway,Runway Gen-4 Turbo,runway:1@1,live,,范围外/待确认,尚未登记,尚未登记,"超出当前文本规划/图文理解/单张位图生成精修：videoInference（image-to-video,checkpoint）。","超出当前文本规划/图文理解/单张位图生成精修：videoInference（image-to-video,checkpoint）。",未接入,"{""productVision"":0}",false,false,,{},"{""overview"":""$0.05 / second of video "",""examples"":[{""configuration"":""first-frame"",""price"":""$0.252"",""latencyMs"":24919,""exampleId"":""seed-cryobank-training-presenter-clip""},{""configuration"":""first-frame"",""price"":""$0.252"",""latencyMs"":27531,""exampleId"":""urban-pigeon-racing-series-teaser""},{""configuration"":""first-frame"",""price"":""$0.252"",""latencyMs"":25325,""exampleId"":""pipe-organ-documentary-title-sequence""},{""configuration"":""first-frame"",""price"":""$0.252"",""latencyMs"":24645,""exampleId"":""pre-dawn-fish-auction-music-video""}]}",统一端点；账号地区准入待确认,Bearer API Key；账号权限未实测,提交前保存 UUID；仅 getResponse 查询,2026-09-22,https://runware.ai/docs/models/runway-gen-4-turbo,https://runware.ai/docs/models/runway-gen-4-turbo/schema.json,5b9dec6d04d385e36db7787c371a8b3b23aeba21cc4bdaf5bf3ca34ddb204b79
runware,待确认,HiDream-I1 Fast,runware:97@3,live,,image,尚未登记,适配链路已完成但真实调用未验证,真实账号权限、真实推理、账单与质量待确认；可选高级参数未全部开放；本轮不调用真实服务。,补齐型号专用调用、选择器与恢复。,imageInference,"{""model"":1,""productAuxiliary"":8,""sourceCounts"":true}",false,false,,"{""generation"":{""mode"":""pixels"",""tiers"":{""512"":{""targetPixels"":262144},""1K"":{""targetPixels"":1048576},""1.5K"":{""targetPixels"":2359296},""2K"":{""targetPixels"":4194304}},""minSide"":128,""maxSide"":2048,""minPixels"":16384,""maxPixels"":4194304,""maxRatio"":16,""alignment"":16,""auto"":""square""}}","{""source"":""https://runware.ai/docs/models/hidream-i1-fast"",""checkedAt"":""2026-09-22"",""currency"":""USD"",""amount"":null,""accountTariffConfirmed"":false,""quote"":{""overview"":""Each image generation costs $0.0032 at 1024x1024."",""examples"":[{""configuration"":""text-to-image"",""price"":""$0.0019"",""latencyMs"":3779,""exampleId"":""cold-chain-logistics-campaign-visual""},{""configuration"":""text-to-image"",""price"":""$0.0019"",""latencyMs"":3199,""exampleId"":""opera-archive-heist-poster""},{""configuration"":""text-to-image"",""price"":""$0.0019"",""latencyMs"":3339,""exampleId"":""roller-rink-organist-editorial-portrait""},{""configuration"":""text-to-image"",""price"":""$0.0019"",""latencyMs"":4084,""exampleId"":""seed-vault-atlas-cover""}]}}",统一端点；账号地区准入待确认,Bearer API Key；账号权限未实测,提交前保存 UUID；仅 getResponse 查询,2026-09-22,https://runware.ai/docs/models/hidream-i1-fast,https://runware.ai/docs/models/hidream-i1-fast/schema.json,14ac87d256735d252444ab68c2b88fbe8b840c86bd8637905a9a98e8a4e99b5a
runware,待确认,HiDream-I1 Full,runware:97@1,live,,image,尚未登记,适配链路已完成但真实调用未验证,真实账号权限、真实推理、账单与质量待确认；可选高级参数未全部开放；本轮不调用真实服务。,补齐型号专用调用、选择器与恢复。,imageInference,"{""model"":1,""productAuxiliary"":8,""sourceCounts"":true}",false,false,,"{""generation"":{""mode"":""pixels"",""tiers"":{""512"":{""targetPixels"":262144},""1K"":{""targetPixels"":1048576},""1.5K"":{""targetPixels"":2359296},""2K"":{""targetPixels"":4194304}},""minSide"":128,""maxSide"":2048,""minPixels"":16384,""maxPixels"":4194304,""maxRatio"":16,""alignment"":16,""auto"":""square""}}","{""source"":""https://runware.ai/docs/models/hidream-i1-full"",""checkedAt"":""2026-09-22"",""currency"":""USD"",""amount"":null,""accountTariffConfirmed"":false,""quote"":{""overview"":""Each image generation costs $0.009 at 1024x1024."",""examples"":[{""configuration"":""text-to-image"",""price"":""$0.0045"",""latencyMs"":10003,""exampleId"":""subsea-cable-incident-reconstruction""},{""configuration"":""text-to-image"",""price"":""$0.0045"",""latencyMs"":10095,""exampleId"":""illegal-timber-forensics-blog-hero""},{""configuration"":""text-to-image"",""price"":""$0.0045"",""latencyMs"":9154,""exampleId"":""premium-poultry-waterer-packshot""},{""configuration"":""text-to-image"",""price"":""$0.0051"",""latencyMs"":8649,""exampleId"":""wildland-fire-strategy-game-key-art""}]}}",统一端点；账号地区准入待确认,Bearer API Key；账号权限未实测,提交前保存 UUID；仅 getResponse 查询,2026-09-22,https://runware.ai/docs/models/hidream-i1-full,https://runware.ai/docs/models/hidream-i1-full/schema.json,eb1a358f53b252ff3593151c4b8b6775604d1372289e4efc8f3dd8e3f60e688a
runware,Alibaba,Qwen2.5-VL-7B Age Detector,runware:152@50,live,,范围外/待确认,尚未登记,尚未登记,年龄检测专用，不是科研图问答识图。,年龄检测专用，不是科研图问答识图。,未接入,"{""productVision"":0}",false,false,,{},"{""examples"":[{""configuration"":""caption"",""price"":""$0.0006"",""latencyMs"":4649,""exampleId"":""insurance-spokesperson-casting-age-review""},{""configuration"":""caption"",""price"":""$0.0006"",""latencyMs"":4566,""exampleId"":""culinary-talent-age-band-assessment""},{""configuration"":""caption"",""price"":""$0.0006"",""latencyMs"":4693,""exampleId"":""clinical-trial-age-cohort-review""},{""configuration"":""caption"",""price"":""$0.0006"",""latencyMs"":13150,""exampleId"":""alcohol-delivery-age-triage""}]}",统一端点；账号地区准入待确认,Bearer API Key；账号权限未实测,提交前保存 UUID；仅 getResponse 查询,2026-09-22,https://runware.ai/docs/models/qwen2-5-vl-7b-age-detector,https://runware.ai/docs/models/qwen2-5-vl-7b-age-detector/schema.json,021e6f5253c815e53e8783d248b6408ab7bd179f1ca644c9f1a8b8473f96dd9c
runware,Vidu,Vidu Q1,vidu:q1@image,live,,image,尚未登记,适配链路已完成但真实调用未验证,真实账号权限、真实推理、账单与质量待确认；可选高级参数未全部开放；本轮不调用真实服务。,补齐型号专用调用、选择器与恢复。,imageInference,"{""model"":7,""productAuxiliary"":8,""sourceCounts"":true}",false,false,,"{""editing"":{""mode"":""table"",""tiers"":{""2K"":{""sizes"":{""16:9"":""1920x1080"",""1:1"":""1440x1440"",""9:16"":""1080x1920""}}},""auto"":""square""}}","{""source"":""https://runware.ai/docs/models/vidu-q1-image"",""checkedAt"":""2026-09-22"",""currency"":""USD"",""amount"":null,""accountTariffConfirmed"":false,""quote"":{""examples"":[{""configuration"":""reference-to-image"",""price"":""$0.055"",""latencyMs"":35184,""exampleId"":""master-horologist-press-headshot""},{""configuration"":""reference-to-image"",""price"":""$0.055"",""latencyMs"":47497,""exampleId"":""tidal-forager-workwear-lookbook""},{""configuration"":""reference-to-image"",""price"":""$0.055"",""latencyMs"":40479,""exampleId"":""subterranean-survey-crew-portrait""},{""configuration"":""reference-to-image"",""price"":""$0.055"",""latencyMs"":37625,""exampleId"":""estonian-bog-sauna-tourism-campaign""}]}}",统一端点；账号地区准入待确认,Bearer API Key；账号权限未实测,提交前保存 UUID；仅 getResponse 查询,2026-09-22,https://runware.ai/docs/models/vidu-q1-image,https://runware.ai/docs/models/vidu-q1-image/schema.json,672e6e6335b8927f559fbe282e9c86712316571ce2d8dcae8291f27826ef6c1d
runware,Ideogram,Ideogram 3.0,ideogram:4@1,live,,image,尚未登记,适配链路已完成但真实调用未验证,真实账号权限、真实推理、账单与质量待确认；可选高级参数未全部开放；本轮不调用真实服务。,补齐型号专用调用、选择器与恢复。,imageInference,"{""model"":1,""productAuxiliary"":8,""sourceCounts"":true}",false,false,,"{""generation"":{""mode"":""table"",""tiers"":{""1K"":{""sizes"":{""3:1"":""1536x512"",""21:9"":""1536x576"",""2:1"":""1344x640"",""16:9"":""1280x704"",""5:3"":""1280x768"",""16:10"":""1280x800"",""3:2"":""1248x832"",""4:3"":""1152x832"",""5:4"":""1152x896"",""1:1"":""960x896"",""4:5"":""960x1088"",""3:4"":""832x1088"",""2:3"":""768x1088"",""10:16"":""768x1216"",""3:5"":""704x1152"",""9:16"":""704x1216"",""1:2"":""704x1344"",""9:21"":""640x1408"",""1:3"":""576x1536""}}},""auto"":""square""}}","{""source"":""https://runware.ai/docs/models/ideogram-3-0"",""checkedAt"":""2026-09-22"",""currency"":""USD"",""amount"":null,""accountTariffConfirmed"":false,""quote"":{""examples"":[{""configuration"":""identity-preservation · 896×1152"",""price"":""$0.09"",""latencyMs"":94740,""exampleId"":""geothermal-careers-recruitment-campaign-visual""},{""configuration"":""text-to-image · 1024×1024"",""price"":""$0.09"",""latencyMs"":26037,""exampleId"":""ceramic-glaze-powder-pouch-label""},{""configuration"":""text-to-image · 1024×1024"",""price"":""$0.09"",""latencyMs"":23794,""exampleId"":""municipal-dive-supervisor-headshot""}]}}",统一端点；账号地区准入待确认,Bearer API Key；账号权限未实测,提交前保存 UUID；仅 getResponse 查询,2026-09-22,https://runware.ai/docs/models/ideogram-3-0,https://runware.ai/docs/models/ideogram-3-0/schema.json,f581dc75d25f5a9d64820a50f60a2d03873af3352756868f484a2661344b4515
runware,Ideogram,Ideogram 3.0 Reframe,ideogram:4@4,live,,范围外/待确认,尚未登记,尚未登记,画布重构专用，无自然语言修改入口；不得忽略用户精修指令。,画布重构专用，无自然语言修改入口；不得忽略用户精修指令。,未接入,"{""productVision"":0}",false,false,,{},"{""examples"":[{""configuration"":""expand"",""price"":""$0.06"",""latencyMs"":17976,""exampleId"":""heritage-bell-foundry-crew-portrait""},{""configuration"":""expand"",""price"":""$0.06"",""latencyMs"":17394,""exampleId"":""sage-beekeeping-suit-colorway-banner""}]}",统一端点；账号地区准入待确认,Bearer API Key；账号权限未实测,提交前保存 UUID；仅 getResponse 查询,2026-09-22,https://runware.ai/docs/models/ideogram-3-0-reframe,https://runware.ai/docs/models/ideogram-3-0-reframe/schema.json,e843a4a4a3e2c382454541aa3cd72e1a5b2c92f85902470990c682b05dec372a
runware,Ideogram,Ideogram 3.0 Replace Background,ideogram:4@5,live,,image,尚未登记,适配链路已完成但真实调用未验证,真实账号权限、真实推理、账单与质量待确认；可选高级参数未全部开放；本轮不调用真实服务。,补齐型号专用调用、选择器与恢复。,imageInference,"{""model"":1,""productAuxiliary"":8,""sourceCounts"":true}",false,false,,"{""editing"":{""mode"":""inherit"",""tiers"":{""auto"":{}},""auto"":""omit""}}","{""source"":""https://runware.ai/docs/models/ideogram-3-0-replace-background"",""checkedAt"":""2026-09-22"",""currency"":""USD"",""amount"":null,""accountTariffConfirmed"":false,""quote"":{""examples"":[{""configuration"":""background-replacement"",""price"":""$0.06"",""latencyMs"":18371,""exampleId"":""pharmaceutical-robotics-sales-hero""},{""configuration"":""background-replacement"",""price"":""$0.06"",""latencyMs"":23131,""exampleId"":""wildfire-meteorologist-leadership-headshot""},{""configuration"":""background-replacement"",""price"":""$0.06"",""latencyMs"":31977,""exampleId"":""heritage-railway-twilight-campaign-photograph""},{""configuration"":""background-replacement"",""price"":""$0.06"",""latencyMs"":16008,""exampleId"":""winter-glamping-booking-hero""}]}}",统一端点；账号地区准入待确认,Bearer API Key；账号权限未实测,提交前保存 UUID；仅 getResponse 查询,2026-09-22,https://runware.ai/docs/models/ideogram-3-0-replace-background,https://runware.ai/docs/models/ideogram-3-0-replace-background/schema.json,a66783952de188def1951a3b6842ae9aa69b33d9f0d589a1e6a96bc2d0043bf1
runware,OpenAI,GPT Image 1,openai:1@1,deprecated,2026-10-23T00:00:00Z,image,尚未登记,适配链路已完成但真实调用未验证,真实账号权限、真实推理、账单与质量待确认；可选高级参数未全部开放；本轮不调用真实服务。,补齐型号专用调用、选择器与恢复。,imageInference,"{""model"":16,""productAuxiliary"":8,""sourceCounts"":true}",true,true,,"{""generation"":{""mode"":""table"",""tiers"":{""1K"":{""sizes"":{""1:1"":""1024x1024"",""3:2"":""1536x1024"",""2:3"":""1024x1536""}}},""auto"":""square""},""editing"":{""mode"":""table"",""tiers"":{""1K"":{""sizes"":{""1:1"":""1024x1024"",""3:2"":""1536x1024"",""2:3"":""1024x1536""}}},""auto"":""square""}}","{""source"":""https://runware.ai/docs/models/openai-gpt-image-1"",""checkedAt"":""2026-09-22"",""currency"":""USD"",""amount"":null,""accountTariffConfirmed"":false,""quote"":{""examples"":[{""configuration"":""transparent-background · 1024×1024 · quality high"",""price"":""$0.167"",""latencyMs"":34855,""exampleId"":""oceanographic-sensor-product-cutout-asset""},{""configuration"":""reference-to-image · 1024×1024"",""price"":""$0.167"",""latencyMs"":38436,""exampleId"":""battery-failure-analysis-blog-hero""},{""configuration"":""text-to-image · 1536×1024 · quality high"",""price"":""$0.25"",""latencyMs"":58702,""exampleId"":""historic-telescope-observatory-background-composite""},{""configuration"":""inpaint · 1024×1536"",""price"":""$0.25"",""latencyMs"":25612,""exampleId"":""vintage-stunt-rider-portrait-restoration""}]}}",统一端点；账号地区准入待确认,Bearer API Key；账号权限未实测,提交前保存 UUID；仅 getResponse 查询,2026-09-22,https://runware.ai/docs/models/openai-gpt-image-1,https://runware.ai/docs/models/openai-gpt-image-1/schema.json,53c7ad1eb01ac8108b0c072fda696dfe44a5add13190ac53c347700abf99b39b
runware,RunDiffusion,Juggernaut Lightning Flux,rundiffusion:110@101,live,,image,尚未登记,适配链路已完成但真实调用未验证,真实账号权限、真实推理、账单与质量待确认；可选高级参数未全部开放；本轮不调用真实服务。,补齐型号专用调用、选择器与恢复。,imageInference,"{""model"":1,""productAuxiliary"":8,""sourceCounts"":true}",true,false,,"{""generation"":{""mode"":""pixels"",""tiers"":{""512"":{""targetPixels"":262144},""1K"":{""targetPixels"":1048576},""1.5K"":{""targetPixels"":2359296},""2K"":{""targetPixels"":4194304}},""minSide"":128,""maxSide"":2048,""minPixels"":16384,""maxPixels"":4194304,""maxRatio"":16,""alignment"":64,""auto"":""square""},""editing"":{""mode"":""pixels"",""tiers"":{""512"":{""targetPixels"":262144},""1K"":{""targetPixels"":1048576},""1.5K"":{""targetPixels"":2359296},""2K"":{""targetPixels"":4194304}},""minSide"":128,""maxSide"":2048,""minPixels"":16384,""maxPixels"":4194304,""maxRatio"":16,""alignment"":64,""auto"":""square""}}","{""source"":""https://runware.ai/docs/models/rundiffusion-juggernaut-lightning-flux"",""checkedAt"":""2026-09-22"",""currency"":""USD"",""amount"":null,""accountTariffConfirmed"":false,""quote"":{""overview"":""~$0.0014 per megapixel"",""examples"":[{""configuration"":""text-to-image · 1344×768 · steps 4"",""price"":""$0.00078"",""latencyMs"":1408,""exampleId"":""setouchi-island-cycling-campaign-key-art""},{""configuration"":""image-to-image · 1024×1024 · steps 4"",""price"":""$0.00078"",""latencyMs"":2587,""exampleId"":""industrial-mycology-album-cover""},{""configuration"":""expand · 720p"",""price"":""$0.00078"",""latencyMs"":17716,""exampleId"":""polar-archivist-profile-avatar""},{""configuration"":""inpaint · 896×1152 · steps 4"",""price"":""$0.00169"",""latencyMs"":4331,""exampleId"":""experimental-civic-noise-album-cover""}]}}",统一端点；账号地区准入待确认,Bearer API Key；账号权限未实测,提交前保存 UUID；仅 getResponse 查询,2026-09-22,https://runware.ai/docs/models/rundiffusion-juggernaut-lightning-flux,https://runware.ai/docs/models/rundiffusion-juggernaut-lightning-flux/schema.json,22dfb741e0fc67b8522f7d0dd1516ff0ebcf7bd2a6a9a845574f21cd44ca33bb
runware,RunDiffusion,Juggernaut Pro Flux,rundiffusion:130@100,live,,image,尚未登记,适配链路已完成但真实调用未验证,真实账号权限、真实推理、账单与质量待确认；可选高级参数未全部开放；本轮不调用真实服务。,补齐型号专用调用、选择器与恢复。,imageInference,"{""model"":1,""productAuxiliary"":8,""sourceCounts"":true}",true,false,,"{""generation"":{""mode"":""pixels"",""tiers"":{""512"":{""targetPixels"":262144},""1K"":{""targetPixels"":1048576},""1.5K"":{""targetPixels"":2359296},""2K"":{""targetPixels"":4194304}},""minSide"":128,""maxSide"":2048,""minPixels"":16384,""maxPixels"":4194304,""maxRatio"":16,""alignment"":64,""auto"":""square""},""editing"":{""mode"":""pixels"",""tiers"":{""512"":{""targetPixels"":262144},""1K"":{""targetPixels"":1048576},""1.5K"":{""targetPixels"":2359296},""2K"":{""targetPixels"":4194304}},""minSide"":128,""maxSide"":2048,""minPixels"":16384,""maxPixels"":4194304,""maxRatio"":16,""alignment"":64,""auto"":""square""}}","{""source"":""https://runware.ai/docs/models/rundiffusion-juggernaut-pro-flux"",""checkedAt"":""2026-09-22"",""currency"":""USD"",""amount"":null,""accountTariffConfirmed"":false,""quote"":{""overview"":""~$0.0067 per megapixel"",""examples"":[{""configuration"":""image-to-image · 1280×768"",""price"":""$0.00169"",""latencyMs"":3480,""exampleId"":""inujima-industrial-heritage-tourism-banner""},{""configuration"":""text-to-image · 1024×1024 · steps 33"",""price"":""$0.00247"",""latencyMs"":3533,""exampleId"":""cathedral-organ-restoration-clean-plate""},{""configuration"":""expand · 720p"",""price"":""$0.00247"",""latencyMs"":5149,""exampleId"":""electroacoustic-field-recording-album-cover""},{""configuration"":""inpaint · 768×1024"",""price"":""$0.00247"",""latencyMs"":5926,""exampleId"":""seed-vault-curator-portrait""}]}}",统一端点；账号地区准入待确认,Bearer API Key；账号权限未实测,提交前保存 UUID；仅 getResponse 查询,2026-09-22,https://runware.ai/docs/models/rundiffusion-juggernaut-pro-flux,https://runware.ai/docs/models/rundiffusion-juggernaut-pro-flux/schema.json,7ccec6f284d564c748d900f642d41a9b9c4f412f32fa8bfafa6cec6d1c56b235
runware,RunDiffusion,Juggernaut Base Flux,rundiffusion:120@100,live,,image,尚未登记,适配链路已完成但真实调用未验证,真实账号权限、真实推理、账单与质量待确认；可选高级参数未全部开放；本轮不调用真实服务。,补齐型号专用调用、选择器与恢复。,imageInference,"{""model"":1,""productAuxiliary"":8,""sourceCounts"":true}",true,false,,"{""generation"":{""mode"":""pixels"",""tiers"":{""512"":{""targetPixels"":262144},""1K"":{""targetPixels"":1048576},""1.5K"":{""targetPixels"":2359296},""2K"":{""targetPixels"":4194304}},""minSide"":128,""maxSide"":2048,""minPixels"":16384,""maxPixels"":4194304,""maxRatio"":16,""alignment"":64,""auto"":""square""},""editing"":{""mode"":""pixels"",""tiers"":{""512"":{""targetPixels"":262144},""1K"":{""targetPixels"":1048576},""1.5K"":{""targetPixels"":2359296},""2K"":{""targetPixels"":4194304}},""minSide"":128,""maxSide"":2048,""minPixels"":16384,""maxPixels"":4194304,""maxRatio"":16,""alignment"":64,""auto"":""square""}}","{""source"":""https://runware.ai/docs/models/rundiffusion-juggernaut-base-flux"",""checkedAt"":""2026-09-22"",""currency"":""USD"",""amount"":null,""accountTariffConfirmed"":false,""quote"":{""examples"":[{""configuration"":""control-guided · 1024×768"",""price"":""$0.00416"",""latencyMs"":24581,""exampleId"":""mesopotamian-marshes-tourism-hero""},{""configuration"":""image-to-image · 1024×1024"",""price"":""$0.00416"",""latencyMs"":14347,""exampleId"":""civic-infrastructure-magazine-cover""},{""configuration"":""text-to-image · 720p"",""price"":""$0.00494"",""latencyMs"":11827,""exampleId"":""oyster-reef-benefit-dinner-invitation""},{""configuration"":""inpaint · 896×1152"",""price"":""$0.00494"",""latencyMs"":8871,""exampleId"":""quarry-hearing-protection-campaign""},{""configuration"":""expand · 1536×1024"",""price"":""$0.00754"",""latencyMs"":17439,""exampleId"":""night-greenhouse-ambient-album-cover""}]}}",统一端点；账号地区准入待确认,Bearer API Key；账号权限未实测,提交前保存 UUID；仅 getResponse 查询,2026-09-22,https://runware.ai/docs/models/rundiffusion-juggernaut-base-flux,https://runware.ai/docs/models/rundiffusion-juggernaut-base-flux/schema.json,460413e2577e7660ef388c5f313aa2261e9fbee314c327f0ba588bc50b7bea0c
runware,PixVerse,PixVerse V3.5,pixverse:1@1,live,,范围外/待确认,尚未登记,尚未登记,"超出当前文本规划/图文理解/单张位图生成精修：videoInference（text-to-video,checkpoint）。","超出当前文本规划/图文理解/单张位图生成精修：videoInference（text-to-video,checkpoint）。",未接入,"{""productVision"":0}",false,false,,{},"{""overview"":""Each generation will cost $0.0598/s for 1080p."",""examples"":[{""configuration"":""visual-effect · 540p · 5s"",""price"":""$0.112"",""latencyMs"":91270,""exampleId"":""anatomical-corsetry-fashion-showcase-reel""},{""configuration"":""text-to-video · 1080p · 5s"",""price"":""$0.299"",""latencyMs"":92725,""exampleId"":""industrial-techno-foundry-music-segment""},{""configuration"":""first-last-frame · 1080p · 5s"",""price"":""$0.299"",""latencyMs"":83977,""exampleId"":""countertop-mushroom-grow-kit-reel""},{""configuration"":""first-frame · 720p · 8s"",""price"":""$0.299"",""latencyMs"":60679,""exampleId"":""reflective-cycling-cape-showcase-reel""}]}",统一端点；账号地区准入待确认,Bearer API Key；账号权限未实测,提交前保存 UUID；仅 getResponse 查询,2026-09-22,https://runware.ai/docs/models/pixverse-v3-5,https://runware.ai/docs/models/pixverse-v3-5/schema.json,cc18a4e22f2b0efacab8ab915ebe4cb85500ede7fc4d294bbba8bbe2cf635b0e
runware,Ideogram,Ideogram 2a Remix,ideogram:2@2,live,,image,尚未登记,适配链路已完成但真实调用未验证,真实账号权限、真实推理、账单与质量待确认；可选高级参数未全部开放；本轮不调用真实服务。,补齐型号专用调用、选择器与恢复。,imageInference,"{""model"":1,""productAuxiliary"":8,""sourceCounts"":true}",false,false,,"{""editing"":{""mode"":""table"",""tiers"":{""1K"":{""sizes"":{""3:1"":""1536x512"",""21:9"":""1536x576"",""2:1"":""1344x640"",""16:9"":""1280x704"",""5:3"":""1280x768"",""16:10"":""1216x768"",""3:2"":""1248x832"",""4:3"":""1152x832"",""5:4"":""1152x896"",""1:1"":""960x896"",""4:5"":""960x1088"",""3:4"":""832x1088"",""2:3"":""768x1088"",""10:16"":""768x1216"",""3:5"":""704x1152"",""9:16"":""704x1216"",""1:2"":""704x1344"",""9:21"":""640x1408"",""1:3"":""576x1536""}}},""auto"":""square""}}","{""source"":""https://runware.ai/docs/models/ideogram-2a-remix"",""checkedAt"":""2026-09-22"",""currency"":""USD"",""amount"":null,""accountTariffConfirmed"":false,""quote"":{""examples"":[{""configuration"":""reference-to-image"",""price"":""$0.04"",""latencyMs"":5786,""exampleId"":""lunar-robotics-field-team-portrait""},{""configuration"":""reference-to-image"",""price"":""$0.04"",""latencyMs"":5109,""exampleId"":""coastal-memorial-urn-lifestyle-image""}]}}",统一端点；账号地区准入待确认,Bearer API Key；账号权限未实测,提交前保存 UUID；仅 getResponse 查询,2026-09-22,https://runware.ai/docs/models/ideogram-2a-remix,https://runware.ai/docs/models/ideogram-2a-remix/schema.json,dce86c6015761e00d078ed11606c96133a32a04b864a6f89fe4eeaf76f5e53fb
runware,Ideogram,Ideogram 2a,ideogram:2@1,live,,image,尚未登记,适配链路已完成但真实调用未验证,真实账号权限、真实推理、账单与质量待确认；可选高级参数未全部开放；本轮不调用真实服务。,补齐型号专用调用、选择器与恢复。,imageInference,"{""model"":1,""productAuxiliary"":8,""sourceCounts"":true}",false,false,,"{""generation"":{""mode"":""table"",""tiers"":{""1K"":{""sizes"":{""3:1"":""1536x512"",""21:9"":""1536x576"",""2:1"":""1344x640"",""16:9"":""1280x704"",""5:3"":""1280x768"",""16:10"":""1216x768"",""3:2"":""1248x832"",""4:3"":""1152x832"",""5:4"":""1152x896"",""1:1"":""960x896"",""4:5"":""960x1088"",""3:4"":""832x1088"",""2:3"":""768x1088"",""10:16"":""768x1216"",""3:5"":""704x1152"",""9:16"":""704x1216"",""1:2"":""704x1344"",""9:21"":""640x1408"",""1:3"":""576x1536""}}},""auto"":""square""}}","{""source"":""https://runware.ai/docs/models/ideogram-2a"",""checkedAt"":""2026-09-22"",""currency"":""USD"",""amount"":null,""accountTariffConfirmed"":false,""quote"":{""examples"":[{""configuration"":""text-to-image"",""price"":""$0.04"",""latencyMs"":12441,""exampleId"":""subsea-cable-documentary-thumbnail""},{""configuration"":""text-to-image"",""price"":""$0.04"",""latencyMs"":12513,""exampleId"":""polar-field-recording-album-cover""}]}}",统一端点；账号地区准入待确认,Bearer API Key；账号权限未实测,提交前保存 UUID；仅 getResponse 查询,2026-09-22,https://runware.ai/docs/models/ideogram-2a,https://runware.ai/docs/models/ideogram-2a/schema.json,e01c3d3f6ed40a6ce470188cb60f829f13a7c11eb9bf8555648a49c08b8b69e5
runware,PixVerse,PixVerse V4,pixverse:1@2,live,,范围外/待确认,尚未登记,尚未登记,"超出当前文本规划/图文理解/单张位图生成精修：videoInference（text-to-video,image-to-video,video-to-video,checkpoint）。","超出当前文本规划/图文理解/单张位图生成精修：videoInference（text-to-video,image-to-video,video-to-video,checkpoint）。",未接入,"{""productVision"":0}",false,false,,{},"{""overview"":""Each generation will cost $0.0598/s for 1080p."",""examples"":[{""configuration"":""visual-effect · 540p · 5s"",""price"":""$0.112"",""latencyMs"":80887,""exampleId"":""mushroom-farm-open-house-reel""},{""configuration"":""first-frame · 1080p · 5s"",""price"":""$0.299"",""latencyMs"":59732,""exampleId"":""mobile-planetarium-social-media-reel""},{""configuration"":""text-to-video · 720p · 5s"",""price"":""$0.299"",""latencyMs"":49141,""exampleId"":""optical-glass-sorting-b-roll""},{""configuration"":""first-last-frame · 720p · 8s"",""price"":""$0.299"",""latencyMs"":38611,""exampleId"":""geothermal-utility-logo-reveal""}]}",统一端点；账号地区准入待确认,Bearer API Key；账号权限未实测,提交前保存 UUID；仅 getResponse 查询,2026-09-22,https://runware.ai/docs/models/pixverse-v4,https://runware.ai/docs/models/pixverse-v4/schema.json,a3a5f17c61fca3323c4cbf7fdf8b5ca3da90a5d293c81e4acb94d02a35f83b82
runware,待确认,Open Age Detection,runware:154@1,live,,范围外/待确认,尚未登记,尚未登记,年龄检测专用，不是科研图问答识图。,年龄检测专用，不是科研图问答识图。,未接入,"{""productVision"":0}",false,false,,{},"{""examples"":[{""configuration"":""caption"",""price"":""$0.0006"",""latencyMs"":3091,""exampleId"":""alcohol-delivery-age-screening""},{""configuration"":""caption"",""price"":""$0.0006"",""latencyMs"":3616,""exampleId"":""luxury-campaign-casting-age-classification""},{""configuration"":""caption"",""price"":""$0.0006"",""latencyMs"":3631,""exampleId"":""newspaper-portrait-age-metadata""},{""configuration"":""caption"",""price"":""$0.0006"",""latencyMs"":3731,""exampleId"":""senior-esports-division-age-check""}]}",统一端点；账号地区准入待确认,Bearer API Key；账号权限未实测,提交前保存 UUID；仅 getResponse 查询,2026-09-22,https://runware.ai/docs/models/open-age-detection,https://runware.ai/docs/models/open-age-detection/schema.json,087d84cfc77dfb53f8db80a625620ab8c0e960ce7dbaeec3eafd7e784c6c9d42
runware,ByteDance,OmniHuman-1,bytedance:5@1,live,,范围外/待确认,尚未登记,尚未登记,"超出当前文本规划/图文理解/单张位图生成精修：videoInference（image-to-video,audio-to-video,checkpoint）。","超出当前文本规划/图文理解/单张位图生成精修：videoInference（image-to-video,audio-to-video,checkpoint）。",未接入,"{""productVision"":0}",false,false,,{},"{""examples"":[{""configuration"":""audio-driven-photo-avatar"",""price"":""$0.418"",""latencyMs"":123213,""exampleId"":""mycelium-packaging-mascot-logo-sting""},{""configuration"":""audio-driven-photo-avatar"",""price"":""$0.488"",""latencyMs"":344424,""exampleId"":""heritage-seed-library-logo-sting""},{""configuration"":""audio-driven-photo-avatar"",""price"":""$0.61"",""latencyMs"":140521,""exampleId"":""polar-researcher-editorial-stock-clip""},{""configuration"":""audio-driven-photo-avatar"",""price"":""$1.09"",""latencyMs"":165673,""exampleId"":""wholesale-fish-auction-caller-clip""}]}",统一端点；账号地区准入待确认,Bearer API Key；账号权限未实测,提交前保存 UUID；仅 getResponse 查询,2026-09-22,https://runware.ai/docs/models/bytedance-omnihuman-1,https://runware.ai/docs/models/bytedance-omnihuman-1/schema.json,f9326217b55de14f4293272c789fc49e7a38d923380a7c7c30d579497308fd44
runware,MiniMax,MiniMax 01 Director,minimax:2@1,live,,范围外/待确认,尚未登记,尚未登记,"超出当前文本规划/图文理解/单张位图生成精修：videoInference（text-to-video,checkpoint）。","超出当前文本规划/图文理解/单张位图生成精修：videoInference（text-to-video,checkpoint）。",未接入,"{""productVision"":0}",false,false,,{},"{""overview"":""Each generation will cost $0.0560/s for 720p."",""examples"":[{""configuration"":""first-frame"",""price"":""$0.28"",""latencyMs"":166532,""exampleId"":""geothermal-control-room-presenter-clip""},{""configuration"":""text-to-video"",""price"":""$0.28"",""latencyMs"":164822,""exampleId"":""veterinary-blood-bank-symbol-loop""},{""configuration"":""text-to-video"",""price"":""$0.28"",""latencyMs"":153176,""exampleId"":""rooftop-apiary-honey-social-ad""},{""configuration"":""first-frame"",""price"":""$0.28"",""latencyMs"":176413,""exampleId"":""tidal-workwear-fashion-showcase""}]}",统一端点；账号地区准入待确认,Bearer API Key；账号权限未实测,提交前保存 UUID；仅 getResponse 查询,2026-09-22,https://runware.ai/docs/models/minimax-01-director,https://runware.ai/docs/models/minimax-01-director/schema.json,36799e59025db5210cc69d62356a73a8f9ddd309681d96b1bf5cbc3f47c2e2d2
runware,Vidu,Vidu 2.0,vidu:2@0,live,,范围外/待确认,尚未登记,尚未登记,"超出当前文本规划/图文理解/单张位图生成精修：videoInference（image-to-video,checkpoint）。","超出当前文本规划/图文理解/单张位图生成精修：videoInference（image-to-video,checkpoint）。",未接入,"{""productVision"":0}",false,false,,{},"{""overview"":""Each generation will cost $0.0275/s for 720p (4s), or $0.0344/s for 720p (8s)."",""examples"":[{""configuration"":""reference-to-video · 720p · 4s"",""price"":""$0.22"",""latencyMs"":60908,""exampleId"":""adaptive-handcycle-social-video-ad""},{""configuration"":""first-frame · 1080p · 4s"",""price"":""$0.275"",""latencyMs"":37105,""exampleId"":""ocean-sensor-network-logo-loop""},{""configuration"":""first-last-frame · 720p · 8s"",""price"":""$0.275"",""latencyMs"":127922,""exampleId"":""industrial-wool-mill-music-video""}]}",统一端点；账号地区准入待确认,Bearer API Key；账号权限未实测,提交前保存 UUID；仅 getResponse 查询,2026-09-22,https://runware.ai/docs/models/vidu-2-0,https://runware.ai/docs/models/vidu-2-0/schema.json,4ea6ff4dc839994c45feff619df8e979b1fe3454da0672fccc9044ca8bfd338e
runware,Black Forest Labs,FLUX.1 Fill [dev],runware:102@1,live,,image,尚未登记,适配链路已完成但真实调用未验证,真实账号权限、真实推理、账单与质量待确认；可选高级参数未全部开放；本轮不调用真实服务。,补齐型号专用调用、选择器与恢复。,imageInference,"{""model"":1,""productAuxiliary"":8,""sourceCounts"":true}",true,false,,"{""editing"":{""mode"":""pixels"",""tiers"":{""512"":{""targetPixels"":262144},""1K"":{""targetPixels"":1048576},""1.5K"":{""targetPixels"":2359296},""2K"":{""targetPixels"":4194304}},""minSide"":128,""maxSide"":2048,""minPixels"":16384,""maxPixels"":4194304,""maxRatio"":16,""alignment"":64,""auto"":""square""}}","{""source"":""https://runware.ai/docs/models/bfl-flux-1-fill-dev"",""checkedAt"":""2026-09-22"",""currency"":""USD"",""amount"":null,""accountTariffConfirmed"":false,""quote"":{""examples"":[{""configuration"":""expand · 720p"",""price"":""$0.0019"",""latencyMs"":26543,""exampleId"":""vintage-snowmobile-auction-landscape""},{""configuration"":""inpaint · 1024×1024"",""price"":""$0.0026"",""latencyMs"":13968,""exampleId"":""terrazzo-sample-catalog-cleanup""},{""configuration"":""inpaint · 1024×1024"",""price"":""$0.0026"",""latencyMs"":11415,""exampleId"":""apiary-smoker-enamel-colorway""},{""configuration"":""expand · 1344×768 · steps 26"",""price"":""$0.0032"",""latencyMs"":8598,""exampleId"":""cathedral-restoration-editorial-banner""}]}}",统一端点；账号地区准入待确认,Bearer API Key；账号权限未实测,提交前保存 UUID；仅 getResponse 查询,2026-09-22,https://runware.ai/docs/models/bfl-flux-1-fill-dev,https://runware.ai/docs/models/bfl-flux-1-fill-dev/schema.json,7c0105b9edb4c28c7614c2ed2f40d67c86d0fc9c52876cb2f1722ed499dce2d3
runware,Black Forest Labs,FLUX.1 Expand [pro],bfl:1@3,live,,范围外/待确认,尚未登记,尚未登记,扩边专用；需要明确四边扩展像素的独立画布操作。,扩边专用；需要明确四边扩展像素的独立画布操作。,未接入,"{""productVision"":0}",false,false,,{},"{""examples"":[{""configuration"":""expand"",""price"":""$0.05"",""latencyMs"":14467,""exampleId"":""avalanche-patrol-team-portrait""},{""configuration"":""expand"",""price"":""$0.05"",""latencyMs"":13684,""exampleId"":""monsoon-observatory-campaign-banner""},{""configuration"":""expand"",""price"":""$0.05"",""latencyMs"":14171,""exampleId"":""pipe-organ-restoration-editorial-panorama""},{""configuration"":""expand"",""price"":""$0.05"",""latencyMs"":14720,""exampleId"":""meteorite-conservation-magazine-opener""}]}",统一端点；账号地区准入待确认,Bearer API Key；账号权限未实测,提交前保存 UUID；仅 getResponse 查询,2026-09-22,https://runware.ai/docs/models/bfl-flux-1-expand-pro,https://runware.ai/docs/models/bfl-flux-1-expand-pro/schema.json,be385e36d311d21c0727993412f0d2b38200341a4b7bc07bcbbc8c6620183823
runware,Bria,Bria RMBG v2.0,bria:2@1,live,,范围外/待确认,尚未登记,尚未登记,"超出当前文本规划/图文理解/单张位图生成精修：removeBackground（image-to-image,remove-background,checkpoint,transparency）。","超出当前文本规划/图文理解/单张位图生成精修：removeBackground（image-to-image,remove-background,checkpoint,transparency）。",未接入,"{""productVision"":0}",false,false,,{},"{""examples"":[{""configuration"":""remove-background"",""price"":""$0.018"",""latencyMs"":3606,""exampleId"":""polar-habitat-relighting-cutout""},{""configuration"":""remove-background"",""price"":""$0.018"",""latencyMs"":5274,""exampleId"":""salmon-fly-ecommerce-cutout""},{""configuration"":""remove-background"",""price"":""$0.018"",""latencyMs"":5455,""exampleId"":""lion-dance-head-compositing-cutout""},{""configuration"":""remove-background"",""price"":""$0.018"",""latencyMs"":4151,""exampleId"":""vintage-marionette-archive-cutout""}]}",统一端点；账号地区准入待确认,Bearer API Key；账号权限未实测,提交前保存 UUID；仅 getResponse 查询,2026-09-22,https://runware.ai/docs/models/bria-rmbg-v2-0,https://runware.ai/docs/models/bria-rmbg-v2-0/schema.json,62a4c69abb2077efa49536bd10ccb18088c658ac77e71fd0d7a06adcdc24fead
runware,Black Forest Labs,FLUX.1.1 [pro] Ultra,bfl:2@2,live,,image,尚未登记,适配链路已完成但真实调用未验证,真实账号权限、真实推理、账单与质量待确认；可选高级参数未全部开放；本轮不调用真实服务。,补齐型号专用调用、选择器与恢复。,imageInference,"{""model"":1,""productAuxiliary"":8,""sourceCounts"":true}",false,false,,"{""generation"":{""mode"":""table"",""tiers"":{""2K"":{""sizes"":{""21:9"":""3136x1344"",""16:9"":""2752x1536"",""4:3"":""2368x1792"",""3:2"":""2496x1664"",""1:1"":""2048x2048"",""2:3"":""1664x2496"",""3:4"":""1792x2368"",""9:16"":""1536x2752"",""9:21"":""1344x3136""}}},""auto"":""square""}}","{""source"":""https://runware.ai/docs/models/bfl-flux-1-1-pro-ultra"",""checkedAt"":""2026-09-22"",""currency"":""USD"",""amount"":null,""accountTariffConfirmed"":false,""quote"":{""examples"":[{""configuration"":""text-to-image"",""price"":""$0.06"",""latencyMs"":25833,""exampleId"":""converted-bowling-alley-office-interior""},{""configuration"":""text-to-image"",""price"":""$0.06"",""latencyMs"":9951,""exampleId"":""bioluminescent-kelp-farm-wall-art""},{""configuration"":""text-to-image"",""price"":""$0.06"",""latencyMs"":11631,""exampleId"":""runway-rubber-removal-video-thumbnail""},{""configuration"":""text-to-image"",""price"":""$0.06"",""latencyMs"":9823,""exampleId"":""overnight-transplant-courier-illustration""}]}}",统一端点；账号地区准入待确认,Bearer API Key；账号权限未实测,提交前保存 UUID；仅 getResponse 查询,2026-09-22,https://runware.ai/docs/models/bfl-flux-1-1-pro-ultra,https://runware.ai/docs/models/bfl-flux-1-1-pro-ultra/schema.json,b96fa590052830e406caabab9d63a3075e6a79b6680891718b1e7097b3dbcba0
runware,Black Forest Labs,FLUX.1 Fill [pro],bfl:1@2,live,,image,尚未登记,适配链路已完成但真实调用未验证,真实账号权限、真实推理、账单与质量待确认；可选高级参数未全部开放；本轮不调用真实服务。,补齐型号专用调用、选择器与恢复。,imageInference,"{""model"":1,""productAuxiliary"":8,""sourceCounts"":true}",true,false,,"{""editing"":{""mode"":""inherit"",""tiers"":{""auto"":{}},""auto"":""omit""}}","{""source"":""https://runware.ai/docs/models/bfl-flux-1-fill-pro"",""checkedAt"":""2026-09-22"",""currency"":""USD"",""amount"":null,""accountTariffConfirmed"":false,""quote"":{""examples"":[{""configuration"":""inpaint"",""price"":""$0.05"",""latencyMs"":12193,""exampleId"":""polar-institute-director-headshot""},{""configuration"":""inpaint"",""price"":""$0.05"",""latencyMs"":16467,""exampleId"":""hydroelectric-intake-tower-night-relight""},{""configuration"":""inpaint · steps 30"",""price"":""$0.05"",""latencyMs"":15797,""exampleId"":""taiko-ensemble-press-photo-update""},{""configuration"":""inpaint · steps 32"",""price"":""$0.05"",""latencyMs"":16606,""exampleId"":""boro-textile-collection-panorama""}]}}",统一端点；账号地区准入待确认,Bearer API Key；账号权限未实测,提交前保存 UUID；仅 getResponse 查询,2026-09-22,https://runware.ai/docs/models/bfl-flux-1-fill-pro,https://runware.ai/docs/models/bfl-flux-1-fill-pro/schema.json,8e4a8383a874eaec9843d7c9da9d7c11319ffeefd2b5ee88209b0e0680772da9
runware,Ideogram,Ideogram 2.0 Remix,ideogram:3@2,live,,image,尚未登记,适配链路已完成但真实调用未验证,真实账号权限、真实推理、账单与质量待确认；可选高级参数未全部开放；本轮不调用真实服务。,补齐型号专用调用、选择器与恢复。,imageInference,"{""model"":1,""productAuxiliary"":8,""sourceCounts"":true}",false,false,,"{""editing"":{""mode"":""table"",""tiers"":{""1K"":{""sizes"":{""3:1"":""1536x512"",""21:9"":""1536x576"",""2:1"":""1344x640"",""16:9"":""1280x704"",""5:3"":""1280x768"",""16:10"":""1232x768"",""3:2"":""1248x832"",""4:3"":""1152x832"",""5:4"":""1152x896"",""1:1"":""960x896"",""4:5"":""960x1088"",""3:4"":""832x1088"",""2:3"":""768x1088"",""10:16"":""768x1216"",""3:5"":""704x1152"",""9:16"":""704x1216"",""1:2"":""704x1344"",""9:21"":""640x1408"",""1:3"":""576x1536""}}},""auto"":""square""}}","{""source"":""https://runware.ai/docs/models/ideogram-2-0-remix"",""checkedAt"":""2026-09-22"",""currency"":""USD"",""amount"":null,""accountTariffConfirmed"":false,""quote"":{""examples"":[{""configuration"":""reference-to-image"",""price"":""$0.08"",""latencyMs"":17568,""exampleId"":""heritage-telescope-tourism-hero-image""},{""configuration"":""reference-to-image"",""price"":""$0.08"",""latencyMs"":10253,""exampleId"":""antarctic-station-winter-editorial""}]}}",统一端点；账号地区准入待确认,Bearer API Key；账号权限未实测,提交前保存 UUID；仅 getResponse 查询,2026-09-22,https://runware.ai/docs/models/ideogram-2-0-remix,https://runware.ai/docs/models/ideogram-2-0-remix/schema.json,5721225b6a72b758c028b72114fe8b2fc01cff394799d1330903dea99178d4b8
runware,Black Forest Labs,FLUX.1.1 [pro],bfl:2@1,live,,image,尚未登记,适配链路已完成但真实调用未验证,真实账号权限、真实推理、账单与质量待确认；可选高级参数未全部开放；本轮不调用真实服务。,补齐型号专用调用、选择器与恢复。,imageInference,"{""model"":1,""productAuxiliary"":8,""sourceCounts"":true}",false,false,,"{""generation"":{""mode"":""pixels"",""tiers"":{""512"":{""targetPixels"":262144},""1K"":{""targetPixels"":1048576}},""minSide"":256,""maxSide"":1440,""minPixels"":65536,""maxPixels"":2073600,""maxRatio"":16,""alignment"":32,""auto"":""square""}}","{""source"":""https://runware.ai/docs/models/bfl-flux-1-1-pro"",""checkedAt"":""2026-09-22"",""currency"":""USD"",""amount"":null,""accountTariffConfirmed"":false,""quote"":{""examples"":[{""configuration"":""text-to-image"",""price"":""$0.04"",""latencyMs"":6013,""exampleId"":""subsea-cable-engineer-editorial-portrait""},{""configuration"":""text-to-image"",""price"":""$0.04"",""latencyMs"":5158,""exampleId"":""dung-beetle-navigation-illustration""},{""configuration"":""text-to-image"",""price"":""$0.04"",""latencyMs"":6504,""exampleId"":""anechoic-lab-executive-portrait""},{""configuration"":""text-to-image"",""price"":""$0.04"",""latencyMs"":6997,""exampleId"":""oyster-hatchery-risograph-editorial""}]}}",统一端点；账号地区准入待确认,Bearer API Key；账号权限未实测,提交前保存 UUID；仅 getResponse 查询,2026-09-22,https://runware.ai/docs/models/bfl-flux-1-1-pro,https://runware.ai/docs/models/bfl-flux-1-1-pro/schema.json,8e62f4e66e49090475a1cdab13f36695d1deb8819193163f52c71fd4fec62113
runware,Kling AI,KlingAI Lip-Sync,klingai:7@1,live,,范围外/待确认,尚未登记,尚未登记,"超出当前文本规划/图文理解/单张位图生成精修：videoInference（video-to-video,checkpoint）。","超出当前文本规划/图文理解/单张位图生成精修：videoInference（video-to-video,checkpoint）。",未接入,"{""productVision"":0}",false,false,,{},"{""overview"":""$0.0462 for up to 5s, $0.0924 for up to 10s, then $0.0092 per additional second."",""examples"":[{""configuration"":""audio-driven"",""price"":""$0.32"",""latencyMs"":153439,""exampleId"":""forensic-botany-series-teaser""},{""configuration"":""audio-driven"",""price"":""$0.32"",""latencyMs"":154584,""exampleId"":""aquaculture-oxygen-meter-explainer-clip""},{""configuration"":""audio-driven"",""price"":""$0.32"",""latencyMs"":159535,""exampleId"":""seaweed-rain-jacket-showcase-reel""},{""configuration"":""audio-driven"",""price"":""$0.32"",""latencyMs"":132837,""exampleId"":""planetarium-midnight-broadcast-ident""}]}",统一端点；账号地区准入待确认,Bearer API Key；账号权限未实测,提交前保存 UUID；仅 getResponse 查询,2026-09-22,https://runware.ai/docs/models/klingai-lip-sync,https://runware.ai/docs/models/klingai-lip-sync/schema.json,bf6d9c8ac72aab6e62aa929f496cb28c3d892e5ee3c7216d41bbc1f28f07edf8
runware,MiniMax,MiniMax 01,minimax:1@1,live,,范围外/待确认,尚未登记,尚未登记,"超出当前文本规划/图文理解/单张位图生成精修：videoInference（text-to-video,checkpoint）。","超出当前文本规划/图文理解/单张位图生成精修：videoInference（text-to-video,checkpoint）。",未接入,"{""productVision"":0}",false,false,,{},"{""examples"":[{""configuration"":""first-frame"",""price"":""$0.28"",""latencyMs"":183586,""exampleId"":""competitive-topiary-series-title-teaser""},{""configuration"":""text-to-video"",""price"":""$0.28"",""latencyMs"":174389,""exampleId"":""food-fraud-docuseries-title-sting""},{""configuration"":""text-to-video"",""price"":""$0.28"",""latencyMs"":441563,""exampleId"":""clockwork-techno-music-video-segment""},{""configuration"":""reference-to-video"",""price"":""$0.42"",""latencyMs"":209416,""exampleId"":""couture-apiary-suit-showcase-reel""}]}",统一端点；账号地区准入待确认,Bearer API Key；账号权限未实测,提交前保存 UUID；仅 getResponse 查询,2026-09-22,https://runware.ai/docs/models/minimax-01,https://runware.ai/docs/models/minimax-01/schema.json,2fb025ae1e289b5f9188315344c5f6afa1bbbad9f7d665752d876c1da687118e
runware,Ideogram,Ideogram 2.0,ideogram:3@1,live,,image,尚未登记,适配链路已完成但真实调用未验证,真实账号权限、真实推理、账单与质量待确认；可选高级参数未全部开放；本轮不调用真实服务。,补齐型号专用调用、选择器与恢复。,imageInference,"{""model"":1,""productAuxiliary"":8,""sourceCounts"":true}",false,false,,"{""generation"":{""mode"":""table"",""tiers"":{""1K"":{""sizes"":{""3:1"":""1536x512"",""21:9"":""1536x576"",""2:1"":""1344x640"",""16:9"":""1280x704"",""5:3"":""1280x768"",""16:10"":""1232x768"",""3:2"":""1248x832"",""4:3"":""1152x832"",""5:4"":""1152x896"",""1:1"":""960x896"",""4:5"":""960x1088"",""3:4"":""832x1088"",""2:3"":""768x1088"",""10:16"":""768x1216"",""3:5"":""704x1152"",""9:16"":""704x1216"",""1:2"":""704x1344"",""9:21"":""640x1408"",""1:3"":""576x1536""}}},""auto"":""square""}}","{""source"":""https://runware.ai/docs/models/ideogram-2-0"",""checkedAt"":""2026-09-22"",""currency"":""USD"",""amount"":null,""accountTariffConfirmed"":false,""quote"":{""overview"":""Each generation costs $0.08."",""examples"":[{""configuration"":""text-to-image"",""price"":""$0.08"",""latencyMs"":22254,""exampleId"":""museum-cafe-dessert-menu-cover""},{""configuration"":""text-to-image"",""price"":""$0.08"",""latencyMs"":23191,""exampleId"":""geothermal-educator-profile-avatar""}]}}",统一端点；账号地区准入待确认,Bearer API Key；账号权限未实测,提交前保存 UUID；仅 getResponse 查询,2026-09-22,https://runware.ai/docs/models/ideogram-2-0,https://runware.ai/docs/models/ideogram-2-0/schema.json,b8a9326378577c1cb37e239f55594b315955bd9efa45bf47c9f4d4775fd02870
runware,Black Forest Labs,FLUX.1 [schnell],runware:100@1,live,,image,尚未登记,适配链路已完成但真实调用未验证,真实账号权限、真实推理、账单与质量待确认；可选高级参数未全部开放；本轮不调用真实服务。,补齐型号专用调用、选择器与恢复。,imageInference,"{""model"":1,""productAuxiliary"":8,""sourceCounts"":true}",true,false,,"{""generation"":{""mode"":""pixels"",""tiers"":{""512"":{""targetPixels"":262144},""1K"":{""targetPixels"":1048576},""1.5K"":{""targetPixels"":2359296},""2K"":{""targetPixels"":4194304}},""minSide"":128,""maxSide"":2048,""minPixels"":16384,""maxPixels"":4194304,""maxRatio"":16,""alignment"":64,""auto"":""square""},""editing"":{""mode"":""pixels"",""tiers"":{""512"":{""targetPixels"":262144},""1K"":{""targetPixels"":1048576},""1.5K"":{""targetPixels"":2359296},""2K"":{""targetPixels"":4194304}},""minSide"":128,""maxSide"":2048,""minPixels"":16384,""maxPixels"":4194304,""maxRatio"":16,""alignment"":64,""auto"":""square""}}","{""source"":""https://runware.ai/docs/models/bfl-flux-1-schnell"",""checkedAt"":""2026-09-22"",""currency"":""USD"",""amount"":null,""accountTariffConfirmed"":false,""quote"":{""overview"":""~$0.0018 per megapixel"",""examples"":[{""configuration"":""inpaint · 1024×1024"",""price"":""$0.0006"",""latencyMs"":4161,""exampleId"":""forensic-botany-book-cover""},{""configuration"":""image-to-image · 1024×768"",""price"":""$0.0006"",""latencyMs"":3803,""exampleId"":""modernist-lido-fundraiser-invitation""},{""configuration"":""text-to-image · 720p"",""price"":""$0.0006"",""latencyMs"":1233,""exampleId"":""rooftop-beekeeper-editorial-headshot""},{""configuration"":""expand · 1536×1024"",""price"":""$0.0013"",""latencyMs"":15455,""exampleId"":""danube-delta-tourism-campaign-panorama""}]}}",统一端点；账号地区准入待确认,Bearer API Key；账号权限未实测,提交前保存 UUID；仅 getResponse 查询,2026-09-22,https://runware.ai/docs/models/bfl-flux-1-schnell,https://runware.ai/docs/models/bfl-flux-1-schnell/schema.json,22a87ed4b7170ff59d40645b48a5f3cd8469f57bfec97b774dd4fd65acc80e1d
runware,Black Forest Labs,FLUX.1 [dev],runware:101@1,live,,image,尚未登记,适配链路已完成但真实调用未验证,真实账号权限、真实推理、账单与质量待确认；可选高级参数未全部开放；本轮不调用真实服务。,补齐型号专用调用、选择器与恢复。,imageInference,"{""model"":1,""productAuxiliary"":8,""sourceCounts"":true}",true,false,,"{""generation"":{""mode"":""pixels"",""tiers"":{""512"":{""targetPixels"":262144},""1K"":{""targetPixels"":1048576},""1.5K"":{""targetPixels"":2359296},""2K"":{""targetPixels"":4194304}},""minSide"":128,""maxSide"":2048,""minPixels"":16384,""maxPixels"":4194304,""maxRatio"":16,""alignment"":64,""auto"":""square""},""editing"":{""mode"":""pixels"",""tiers"":{""512"":{""targetPixels"":262144},""1K"":{""targetPixels"":1048576},""1.5K"":{""targetPixels"":2359296},""2K"":{""targetPixels"":4194304}},""minSide"":128,""maxSide"":2048,""minPixels"":16384,""maxPixels"":4194304,""maxRatio"":16,""alignment"":64,""auto"":""square""}}","{""source"":""https://runware.ai/docs/models/bfl-flux-1-dev"",""checkedAt"":""2026-09-22"",""currency"":""USD"",""amount"":null,""accountTariffConfirmed"":false,""quote"":{""overview"":""Each image generation costs $0.0038 at 1024x1024."",""examples"":[{""configuration"":""text-to-image · 1024×1024 · steps 28"",""price"":""$0.0013"",""latencyMs"":2942,""exampleId"":""coastal-radar-station-rental-interior""},{""configuration"":""expand · 1536×1024"",""price"":""$0.0032"",""latencyMs"":7612,""exampleId"":""bespoke-sign-painter-portrait""},{""configuration"":""inpaint · 1024×1024"",""price"":""$0.0038"",""latencyMs"":8294,""exampleId"":""desert-survival-save-station-concept""},{""configuration"":""image-to-image · 720p"",""price"":""$0.0038"",""latencyMs"":4263,""exampleId"":""wastewater-science-picture-book-spread""}]}}",统一端点；账号地区准入待确认,Bearer API Key；账号权限未实测,提交前保存 UUID；仅 getResponse 查询,2026-09-22,https://runware.ai/docs/models/bfl-flux-1-dev,https://runware.ai/docs/models/bfl-flux-1-dev/schema.json,10fc779030abb016918a48c5b3b3f37a209101171ad3c7bd33232aa65b0babd7
runware,待确认,ViT Age Classifier,runware:153@1,live,,范围外/待确认,尚未登记,尚未登记,年龄检测专用，不是科研图问答识图。,年龄检测专用，不是科研图问答识图。,未接入,"{""productVision"":0}",false,false,,{},"{""examples"":[{""configuration"":""caption"",""price"":""$0.0006"",""latencyMs"":2501,""exampleId"":""oral-history-age-cohort-tag""},{""configuration"":""caption"",""price"":""$0.0006"",""latencyMs"":3966,""exampleId"":""museum-visitor-age-segment-audit""},{""configuration"":""caption"",""price"":""$0.0006"",""latencyMs"":4012,""exampleId"":""documentary-casting-age-cohort-check""},{""configuration"":""caption"",""price"":""$0.0006"",""latencyMs"":3175,""exampleId"":""stock-portrait-age-metadata-tag""}]}",统一端点；账号地区准入待确认,Bearer API Key；账号权限未实测,提交前保存 UUID；仅 getResponse 查询,2026-09-22,https://runware.ai/docs/models/vit-age-classifier,https://runware.ai/docs/models/vit-age-classifier/schema.json,cba2b0b25e3c9fcebd9633d82ec4c2d8f9c22429b0f8018c82ef782f8bf15efa
runware,待确认,Llama 3.1 8B Prompt Enhancer,runware:llama-3-1-8b@prompt-enhancer,live,,范围外/待确认,尚未登记,尚未登记,"超出当前文本规划/图文理解/单张位图生成精修：promptEnhance（text-to-text,prompt-enhance,checkpoint）。","超出当前文本规划/图文理解/单张位图生成精修：promptEnhance（text-to-text,prompt-enhance,checkpoint）。",未接入,"{""productVision"":0}",false,false,,{},{},统一端点；账号地区准入待确认,Bearer API Key；账号权限未实测,提交前保存 UUID；仅 getResponse 查询,2026-09-22,https://runware.ai/docs/models/llama-3-1-8b-prompt-enhancer,https://runware.ai/docs/models/llama-3-1-8b-prompt-enhancer/schema.json,39aac1a94af640ae36685a926187710d6396aa34149e8a74d3ddcbe9a79bacc7
runware,ByteDance,Seed Audio 1.0,bytedance:seed-audio@1.0,live,,范围外/待确认,尚未登记,尚未登记,"超出当前文本规划/图文理解/单张位图生成精修：audioInference（text-to-audio,audio-to-audio,checkpoint）。","超出当前文本规划/图文理解/单张位图生成精修：audioInference（text-to-audio,audio-to-audio,checkpoint）。",未接入,"{""productVision"":0}",false,false,,{},"{""overview"":""Pricing is $0.158 per min of Audio generated"",""examples"":[{""configuration"":""reference-to-audio"",""price"":""$0.0266"",""latencyMs"":24489,""exampleId"":""wheelchair-rugby-broadcast-victory-stinger""},{""configuration"":""text-to-audio"",""price"":""$0.0829"",""latencyMs"":37227,""exampleId"":""night-garden-admission-stinger""},{""configuration"":""text-to-audio"",""price"":""$0.0848"",""latencyMs"":28097,""exampleId"":""substation-maintenance-simulator-ambience""},{""configuration"":""reference-to-audio"",""price"":""$0.118"",""latencyMs"":78098,""exampleId"":""flooded-photograph-rescue-narration""}]}",统一端点；账号地区准入待确认,Bearer API Key；账号权限未实测,提交前保存 UUID；仅 getResponse 查询,2026-09-22,https://runware.ai/docs/models/bytedance-seed-audio-1-0,https://runware.ai/docs/models/bytedance-seed-audio-1-0/schema.json,184b6f2fb7fed118b450dac96e8c2aa0b210a60c3cd3361eef38b8e97f750478
runware,待确认,Clarity,runware:500@1,live,,范围外/待确认,尚未登记,尚未登记,"超出当前文本规划/图文理解/单张位图生成精修：upscale（image-to-image,upscale,checkpoint）。","超出当前文本规划/图文理解/单张位图生成精修：upscale（image-to-image,upscale,checkpoint）。",未接入,"{""productVision"":0}",false,false,,{},"{""examples"":[{""configuration"":""upscale"",""price"":""$0.0026"",""latencyMs"":11385,""exampleId"":""historic-organ-campaign-panorama""},{""configuration"":""upscale"",""price"":""$0.0032"",""latencyMs"":13001,""exampleId"":""antarctic-radio-archive-photo-restoration""},{""configuration"":""upscale"",""price"":""$0.0045"",""latencyMs"":15962,""exampleId"":""cave-rescue-team-commemorative-wall-portrait""},{""configuration"":""upscale"",""price"":""$0.0064"",""latencyMs"":16304,""exampleId"":""falconry-hood-cutout-upscale""}]}",统一端点；账号地区准入待确认,Bearer API Key；账号权限未实测,提交前保存 UUID；仅 getResponse 查询,2026-09-22,https://runware.ai/docs/models/clarity,https://runware.ai/docs/models/clarity/schema.json,5e9deeab66c11bae5a51a7513742b617d00a5c73c112a29a17cb81c98fa24ece
runware,待确认,BiRefNet Portrait,runware:112@10,live,,范围外/待确认,尚未登记,尚未登记,"超出当前文本规划/图文理解/单张位图生成精修：removeBackground（image-to-image,remove-background,checkpoint,transparency）。","超出当前文本规划/图文理解/单张位图生成精修：removeBackground（image-to-image,remove-background,checkpoint,transparency）。",未接入,"{""productVision"":0}",false,false,,{},"{""examples"":[{""configuration"":""remove-background"",""price"":""$0.0006"",""latencyMs"":9786,""exampleId"":""horologist-conference-portrait-cutout""},{""configuration"":""remove-background"",""price"":""$0.0006"",""latencyMs"":5500,""exampleId"":""aluminized-foundry-suit-catalog-cutout""},{""configuration"":""remove-background"",""price"":""$0.0006"",""latencyMs"":7021,""exampleId"":""wheelchair-racer-campaign-cutout""},{""configuration"":""remove-background"",""price"":""$0.0006"",""latencyMs"":5138,""exampleId"":""planetarium-educator-background-cutout""}]}",统一端点；账号地区准入待确认,Bearer API Key；账号权限未实测,提交前保存 UUID；仅 getResponse 查询,2026-09-22,https://runware.ai/docs/models/birefnet-portrait,https://runware.ai/docs/models/birefnet-portrait/schema.json,c691de6562f2ed268a1c68dcec8e15c24e59fa8b601a8a0ed01dba385258832f
runware,待确认,BiRefNet Matting,runware:112@9,live,,范围外/待确认,尚未登记,尚未登记,"超出当前文本规划/图文理解/单张位图生成精修：removeBackground（image-to-image,remove-background,checkpoint,transparency）。","超出当前文本规划/图文理解/单张位图生成精修：removeBackground（image-to-image,remove-background,checkpoint,transparency）。",未接入,"{""productVision"":0}",false,false,,{},"{""examples"":[{""configuration"":""remove-background"",""price"":""$0.0006"",""latencyMs"":5991,""exampleId"":""fringed-pendant-virtual-staging-cutout""},{""configuration"":""remove-background"",""price"":""$0.0006"",""latencyMs"":5339,""exampleId"":""kelp-risograph-exhibit-restyle""},{""configuration"":""remove-background"",""price"":""$0.0006"",""latencyMs"":5609,""exampleId"":""salmon-fly-composite-cutout""},{""configuration"":""remove-background"",""price"":""$0.0006"",""latencyMs"":5894,""exampleId"":""glassblower-conference-speaker-headshot-cutout""}]}",统一端点；账号地区准入待确认,Bearer API Key；账号权限未实测,提交前保存 UUID；仅 getResponse 查询,2026-09-22,https://runware.ai/docs/models/birefnet-matting,https://runware.ai/docs/models/birefnet-matting/schema.json,11d763e75b888d0dc713640428a83d9f8d29d9363c299458c973671b2bda123f
runware,待确认,LLaVA-1.6-Mistral-7B,runware:150@2,live,,vision,尚未登记,适配链路已完成但真实调用未验证,真实账号权限、真实推理、账单与质量待确认；可选高级参数未全部开放；本轮不调用真实服务。,补齐型号专用调用、选择器与恢复。,caption,"{""productVision"":1}",false,false,,{},"{""source"":""https://runware.ai/docs/models/meta-llava-1-6-mistral-7b"",""checkedAt"":""2026-09-22"",""currency"":""USD"",""amount"":null,""accountTariffConfirmed"":false,""quote"":{""examples"":[{""configuration"":""caption"",""price"":""$0.0032"",""latencyMs"":14982,""exampleId"":""restaurant-editorial-image-caption""},{""configuration"":""caption"",""price"":""$0.0032"",""latencyMs"":32076,""exampleId"":""offshore-wind-editorial-caption""},{""configuration"":""caption"",""price"":""$0.0032"",""latencyMs"":22402,""exampleId"":""residential-water-damage-assessment""},{""configuration"":""caption"",""price"":""$0.0045"",""latencyMs"":18380,""exampleId"":""runway-show-accessibility-description""}]}}",统一端点；账号地区准入待确认,Bearer API Key；账号权限未实测,提交前保存 UUID；仅 getResponse 查询,2026-09-22,https://runware.ai/docs/models/meta-llava-1-6-mistral-7b,https://runware.ai/docs/models/meta-llava-1-6-mistral-7b/schema.json,2dfd7158f7e66258f7b273ff729a6b2df134158181743f6780867c357a478e90
runware,Topaz Labs,Topaz Labs Proteus,topazlabs:proteus@4,live,,范围外/待确认,尚未登记,尚未登记,"超出当前文本规划/图文理解/单张位图生成精修：upscale（video-to-video,upscale,checkpoint）。","超出当前文本规划/图文理解/单张位图生成精修：upscale（video-to-video,upscale,checkpoint）。",未接入,"{""productVision"":0}",false,false,,{},"{""examples"":[{""configuration"":""upscale"",""price"":""$0.05"",""latencyMs"":91336,""exampleId"":""seed-bank-curator-briefing""},{""configuration"":""upscale"",""price"":""$0.05"",""latencyMs"":71604,""exampleId"":""coastal-kelp-harvest-b-roll""},{""configuration"":""upscale"",""price"":""$0.05"",""latencyMs"":30524,""exampleId"":""seismic-observatory-logo-loop""},{""configuration"":""upscale"",""price"":""$0.05"",""latencyMs"":37396,""exampleId"":""panoramic-mural-conservation-footage""}]}",统一端点；账号地区准入待确认,Bearer API Key；账号权限未实测,提交前保存 UUID；仅 getResponse 查询,2026-09-22,https://runware.ai/docs/models/topazlabs-proteus-4,https://runware.ai/docs/models/topazlabs-proteus-4/schema.json,4431ec03720c0cdd81a98562240b811b2aed335d7df685baa40a15eeb28411c5
runware,待确认,BiRefNet General,runware:112@5,live,,范围外/待确认,尚未登记,尚未登记,"超出当前文本规划/图文理解/单张位图生成精修：removeBackground（image-to-image,remove-background,checkpoint,transparency）。","超出当前文本规划/图文理解/单张位图生成精修：removeBackground（image-to-image,remove-background,checkpoint,transparency）。",未接入,"{""productVision"":0}",false,false,,{},"{""examples"":[{""configuration"":""remove-background"",""price"":""$0.0006"",""latencyMs"":5347,""exampleId"":""hand-spliced-marine-fender-cutout""},{""configuration"":""remove-background"",""price"":""$0.0006"",""latencyMs"":4923,""exampleId"":""geothermal-engineer-press-headshot""},{""configuration"":""remove-background"",""price"":""$0.0006"",""latencyMs"":6479,""exampleId"":""beekeeper-orchard-background-swap-cutout""},{""configuration"":""remove-background"",""price"":""$0.0006"",""latencyMs"":7048,""exampleId"":""circus-portrait-restyle-cutout""}]}",统一端点；账号地区准入待确认,Bearer API Key；账号权限未实测,提交前保存 UUID；仅 getResponse 查询,2026-09-22,https://runware.ai/docs/models/birefnet-general,https://runware.ai/docs/models/birefnet-general/schema.json,a591203943cb1c10a1b18f30fc72a35dff29dbf61c121fc6ddd3a8d0296a2e98
runware,待确认,BiRefNet Dis,runware:112@3,live,,范围外/待确认,尚未登记,尚未登记,"超出当前文本规划/图文理解/单张位图生成精修：removeBackground（image-to-image,remove-background,checkpoint,transparency）。","超出当前文本规划/图文理解/单张位图生成精修：removeBackground（image-to-image,remove-background,checkpoint,transparency）。",未接入,"{""productVision"":0}",false,false,,{},"{""examples"":[{""configuration"":""remove-background"",""price"":""$0.0006"",""latencyMs"":5810,""exampleId"":""resort-parasol-colorway-cutout""},{""configuration"":""remove-background"",""price"":""$0.0006"",""latencyMs"":6278,""exampleId"":""twilight-balloon-relighting-cutout""},{""configuration"":""remove-background"",""price"":""$0.0006"",""latencyMs"":5345,""exampleId"":""panoramic-ballet-campaign-expansion""},{""configuration"":""remove-background"",""price"":""$0.0006"",""latencyMs"":6122,""exampleId"":""chainmail-coif-virtual-try-on-cutout""}]}",统一端点；账号地区准入待确认,Bearer API Key；账号权限未实测,提交前保存 UUID；仅 getResponse 查询,2026-09-22,https://runware.ai/docs/models/birefnet-dis,https://runware.ai/docs/models/birefnet-dis/schema.json,1c5b4be456430a79a62f4d2013e432340db149967fba336865abcb595ec3cbe1
runware,待确认,BiRefNet General 512×512 FP16,runware:112@6,live,,范围外/待确认,尚未登记,尚未登记,"超出当前文本规划/图文理解/单张位图生成精修：removeBackground（image-to-image,remove-background,checkpoint,transparency）。","超出当前文本规划/图文理解/单张位图生成精修：removeBackground（image-to-image,remove-background,checkpoint,transparency）。",未接入,"{""productVision"":0}",false,false,,{},"{""examples"":[{""configuration"":""remove-background"",""price"":""$0.0006"",""latencyMs"":4923,""exampleId"":""winter-agritourism-relighting-subject-cutout""},{""configuration"":""remove-background"",""price"":""$0.0006"",""latencyMs"":5085,""exampleId"":""geothermal-engineer-speaker-headshot""},{""configuration"":""remove-background"",""price"":""$0.0006"",""latencyMs"":5073,""exampleId"":""underwater-inspection-drone-cutout""},{""configuration"":""remove-background"",""price"":""$0.0006"",""latencyMs"":5560,""exampleId"":""plankton-sampling-net-cutout""}]}",统一端点；账号地区准入待确认,Bearer API Key；账号权限未实测,提交前保存 UUID；仅 getResponse 查询,2026-09-22,https://runware.ai/docs/models/birefnet-general-resolution-512x512-fp16,https://runware.ai/docs/models/birefnet-general-resolution-512x512-fp16/schema.json,2c7915bc914eebd003ebdde53d093eb87ffaddfb704991226eeff571dc4eb7ad
runware,待确认,BiRefNet HRSOD DHU,runware:112@7,live,,范围外/待确认,尚未登记,尚未登记,"超出当前文本规划/图文理解/单张位图生成精修：removeBackground（image-to-image,remove-background,checkpoint,transparency）。","超出当前文本规划/图文理解/单张位图生成精修：removeBackground（image-to-image,remove-background,checkpoint,transparency）。",未接入,"{""productVision"":0}",false,false,,{},"{""examples"":[{""configuration"":""remove-background"",""price"":""$0.0006"",""latencyMs"":5667,""exampleId"":""twilight-hotel-chandelier-relight-asset""},{""configuration"":""remove-background"",""price"":""$0.0006"",""latencyMs"":6761,""exampleId"":""moon-jellyfish-exhibit-composite-cutout""},{""configuration"":""remove-background"",""price"":""$0.0006"",""latencyMs"":6166,""exampleId"":""wind-technician-campaign-cutout""},{""configuration"":""remove-background"",""price"":""$0.0006"",""latencyMs"":5847,""exampleId"":""panoramic-fossil-exhibition-banner""}]}",统一端点；账号地区准入待确认,Bearer API Key；账号权限未实测,提交前保存 UUID；仅 getResponse 查询,2026-09-22,https://runware.ai/docs/models/birefnet-hrsod-dhu,https://runware.ai/docs/models/birefnet-hrsod-dhu/schema.json,db19bacaacc7dbb78a50933bef895bc05d794cf40f21259cd1f5d221318ef99c
runware,待确认,BiRefNet Massive TR DIS5K TR TES,runware:112@8,live,,范围外/待确认,尚未登记,尚未登记,"超出当前文本规划/图文理解/单张位图生成精修：removeBackground（image-to-image,remove-background,checkpoint,transparency）。","超出当前文本规划/图文理解/单张位图生成精修：removeBackground（image-to-image,remove-background,checkpoint,transparency）。",未接入,"{""productVision"":0}",false,false,,{},"{""examples"":[{""configuration"":""remove-background"",""price"":""$0.0006"",""latencyMs"":6791,""exampleId"":""night-observatory-relighting-cutout""},{""configuration"":""remove-background"",""price"":""$0.0006"",""latencyMs"":5836,""exampleId"":""couture-fascinator-virtual-try-on-cutout""},{""configuration"":""remove-background"",""price"":""$0.0006"",""latencyMs"":4263,""exampleId"":""wardian-terrarium-interior-placement-cutout""},{""configuration"":""remove-background"",""price"":""$0.0006"",""latencyMs"":5990,""exampleId"":""clear-electric-violin-product-cutout""}]}",统一端点；账号地区准入待确认,Bearer API Key；账号权限未实测,提交前保存 UUID；仅 getResponse 查询,2026-09-22,https://runware.ai/docs/models/birefnet-massive-tr-dis5k-tr-tes,https://runware.ai/docs/models/birefnet-massive-tr-dis5k-tr-tes/schema.json,6442af8613d477baaefdf63d3e7b9f84b32679303e2658e29d941011ea7b3e14
runware,待确认,BiRefNet v1 Base,runware:112@1,live,,范围外/待确认,尚未登记,尚未登记,"超出当前文本规划/图文理解/单张位图生成精修：removeBackground（image-to-image,remove-background,checkpoint,transparency）。","超出当前文本规划/图文理解/单张位图生成精修：removeBackground（image-to-image,remove-background,checkpoint,transparency）。",未接入,"{""productVision"":0}",false,false,,{},"{""examples"":[{""configuration"":""remove-background"",""price"":""$0.0006"",""latencyMs"":6846,""exampleId"":""lighthouse-keeper-portrait-repair""},{""configuration"":""remove-background"",""price"":""$0.0006"",""latencyMs"":5547,""exampleId"":""winter-carnival-horse-relight-cutout""},{""configuration"":""remove-background"",""price"":""$0.0006"",""latencyMs"":5532,""exampleId"":""winter-lights-topiary-cutout""},{""configuration"":""remove-background"",""price"":""$0.0006"",""latencyMs"":5868,""exampleId"":""glass-condenser-catalog-cutout""}]}",统一端点；账号地区准入待确认,Bearer API Key；账号权限未实测,提交前保存 UUID；仅 getResponse 查询,2026-09-22,https://runware.ai/docs/models/birefnet-v1-base,https://runware.ai/docs/models/birefnet-v1-base/schema.json,12dd3538749d5945e1db05ae7cf253e43c793f2d6066e5c1800ed0e77e647a3a
runware,待确认,BiRefNet v1 Base – COD,runware:112@2,live,,范围外/待确认,尚未登记,尚未登记,"超出当前文本规划/图文理解/单张位图生成精修：removeBackground（image-to-image,remove-background,checkpoint,transparency）。","超出当前文本规划/图文理解/单张位图生成精修：removeBackground（image-to-image,remove-background,checkpoint,transparency）。",未接入,"{""productVision"":0}",false,false,,{},"{""examples"":[{""configuration"":""remove-background"",""price"":""$0.0006"",""latencyMs"":8292,""exampleId"":""field-recordist-editorial-cutout""},{""configuration"":""remove-background"",""price"":""$0.0006"",""latencyMs"":7391,""exampleId"":""wetland-auditor-profile-portrait-cutout""},{""configuration"":""remove-background"",""price"":""$0.0006"",""latencyMs"":6501,""exampleId"":""alpine-snowcat-twilight-relight-cutout""},{""configuration"":""remove-background"",""price"":""$0.0006"",""latencyMs"":6148,""exampleId"":""barrel-sauna-seasonal-relight-cutout""}]}",统一端点；账号地区准入待确认,Bearer API Key；账号权限未实测,提交前保存 UUID；仅 getResponse 查询,2026-09-22,https://runware.ai/docs/models/birefnet-v1-base-cod,https://runware.ai/docs/models/birefnet-v1-base-cod/schema.json,257e417711954095249dd4d6b5632244436ee334ff0e28287817eaa23986d497
runware,待确认,CCSR,runware:501@1,live,,范围外/待确认,尚未登记,尚未登记,"超出当前文本规划/图文理解/单张位图生成精修：upscale（image-to-image,upscale,checkpoint）。","超出当前文本规划/图文理解/单张位图生成精修：upscale（image-to-image,upscale,checkpoint）。",未接入,"{""productVision"":0}",false,false,,{},"{""examples"":[{""configuration"":""upscale"",""price"":""$0.007"",""latencyMs"":17398,""exampleId"":""deep-sea-specimen-scratchboard-plate""},{""configuration"":""upscale"",""price"":""$0.016"",""latencyMs"":31837,""exampleId"":""bunraku-puppet-stage-composite""},{""configuration"":""upscale"",""price"":""$0.0166"",""latencyMs"":38571,""exampleId"":""avalanche-rescue-dog-composite""},{""configuration"":""upscale"",""price"":""$0.0173"",""latencyMs"":37681,""exampleId"":""heritage-fishing-fly-catalog-cleanup""}]}",统一端点；账号地区准入待确认,Bearer API Key；账号权限未实测,提交前保存 UUID；仅 getResponse 查询,2026-09-22,https://runware.ai/docs/models/ccsr,https://runware.ai/docs/models/ccsr/schema.json,c097736cd4b886f81e3b1418ffb75c98d2ec6910094af8c6e40dcdd0ddc69478
runware,待确认,RemBG v1.4,runware:109@1,live,,范围外/待确认,尚未登记,尚未登记,"超出当前文本规划/图文理解/单张位图生成精修：removeBackground（image-to-image,remove-background,checkpoint,transparency）。","超出当前文本规划/图文理解/单张位图生成精修：removeBackground（image-to-image,remove-background,checkpoint,transparency）。",未接入,"{""productVision"":0}",false,false,,{},"{""examples"":[{""configuration"":""remove-background"",""price"":""$0.0006"",""latencyMs"":6303,""exampleId"":""archival-dusting-brush-product-cutout""},{""configuration"":""foreground-mask"",""price"":""$0.0006"",""latencyMs"":3775,""exampleId"":""airport-wildlife-team-portrait-cutout""},{""configuration"":""remove-background"",""price"":""$0.0006"",""latencyMs"":5884,""exampleId"":""sled-dog-arctic-scene-cutout""},{""configuration"":""foreground-mask"",""price"":""$0.0013"",""latencyMs"":4754,""exampleId"":""rare-book-conservator-press-headshot""}]}",统一端点；账号地区准入待确认,Bearer API Key；账号权限未实测,提交前保存 UUID；仅 getResponse 查询,2026-09-22,https://runware.ai/docs/models/rembg-v1-4,https://runware.ai/docs/models/rembg-v1-4/schema.json,c30910c4c1720ea52397dd0c82d51fdd7fa00fdc0b7ad1d78e99c9ed3d201a21
runware,Alibaba,Qwen2.5-VL-3B-Instruct,runware:152@1,live,,vision,尚未登记,适配链路已完成但真实调用未验证,真实账号权限、真实推理、账单与质量待确认；可选高级参数未全部开放；本轮不调用真实服务。,补齐型号专用调用、选择器与恢复。,caption,"{""productVision"":1}",false,false,,{},"{""source"":""https://runware.ai/docs/models/alibaba-qwen2-5-vl-3b-instruct"",""checkedAt"":""2026-09-22"",""currency"":""USD"",""amount"":null,""accountTariffConfirmed"":false,""quote"":{""examples"":[{""configuration"":""caption"",""price"":""$0.0013"",""latencyMs"":5419,""exampleId"":""marine-conservation-field-report-caption""},{""configuration"":""caption"",""price"":""$0.0019"",""latencyMs"":6981,""exampleId"":""fashion-editorial-accessibility-caption""},{""configuration"":""caption"",""price"":""$0.0032"",""latencyMs"":15536,""exampleId"":""construction-safety-audit-caption""},{""configuration"":""caption"",""price"":""$0.0032"",""latencyMs"":13808,""exampleId"":""urban-flood-response-caption""}]}}",统一端点；账号地区准入待确认,Bearer API Key；账号权限未实测,提交前保存 UUID；仅 getResponse 查询,2026-09-22,https://runware.ai/docs/models/alibaba-qwen2-5-vl-3b-instruct,https://runware.ai/docs/models/alibaba-qwen2-5-vl-3b-instruct/schema.json,5d0f6a67bf11880c42fa555618f51a4c4ef5cd6231bc3f21e369562dbd5f135f
runware,Alibaba,Qwen2.5-VL-7B-Instruct,runware:152@2,live,,vision,尚未登记,适配链路已完成但真实调用未验证,真实账号权限、真实推理、账单与质量待确认；可选高级参数未全部开放；本轮不调用真实服务。,补齐型号专用调用、选择器与恢复。,caption,"{""productVision"":1}",false,false,,{},"{""source"":""https://runware.ai/docs/models/alibaba-qwen2-5-vl-7b-instruct"",""checkedAt"":""2026-09-22"",""currency"":""USD"",""amount"":null,""accountTariffConfirmed"":false,""quote"":{""examples"":[{""configuration"":""caption"",""price"":""$0.0013"",""latencyMs"":5614,""exampleId"":""auction-furniture-lot-caption""},{""configuration"":""caption"",""price"":""$0.0013"",""latencyMs"":5569,""exampleId"":""culinary-magazine-photo-caption""},{""configuration"":""caption"",""price"":""$0.0019"",""latencyMs"":6724,""exampleId"":""vehicle-damage-intake-caption""},{""configuration"":""caption"",""price"":""$0.0032"",""latencyMs"":8648,""exampleId"":""wildfire-response-editorial-photo-caption""}]}}",统一端点；账号地区准入待确认,Bearer API Key；账号权限未实测,提交前保存 UUID；仅 getResponse 查询,2026-09-22,https://runware.ai/docs/models/alibaba-qwen2-5-vl-7b-instruct,https://runware.ai/docs/models/alibaba-qwen2-5-vl-7b-instruct/schema.json,845ad905edfa3777ba8dc7f26b61ead1600d33312dfa86ff50813b85d62d7053
runware,Stability AI,Stable Diffusion XL v1.0 VAE Fix,civitai:101055@128078,live,,image,尚未登记,适配链路已完成但真实调用未验证,真实账号权限、真实推理、账单与质量待确认；可选高级参数未全部开放；本轮不调用真实服务。,补齐型号专用调用、选择器与恢复。,imageInference,"{""model"":1,""productAuxiliary"":8,""sourceCounts"":true}",true,false,,"{""generation"":{""mode"":""pixels"",""tiers"":{""512"":{""targetPixels"":262144},""1K"":{""targetPixels"":1048576},""1.5K"":{""targetPixels"":2359296},""2K"":{""targetPixels"":4194304}},""minSide"":128,""maxSide"":2048,""minPixels"":16384,""maxPixels"":4194304,""maxRatio"":16,""alignment"":8,""auto"":""square""},""editing"":{""mode"":""pixels"",""tiers"":{""512"":{""targetPixels"":262144},""1K"":{""targetPixels"":1048576},""1.5K"":{""targetPixels"":2359296},""2K"":{""targetPixels"":4194304}},""minSide"":128,""maxSide"":2048,""minPixels"":16384,""maxPixels"":4194304,""maxRatio"":16,""alignment"":8,""auto"":""square""}}","{""source"":""https://runware.ai/docs/models/stabilityai-stable-diffusion-xl-v1-0-vae-fix"",""checkedAt"":""2026-09-22"",""currency"":""USD"",""amount"":null,""accountTariffConfirmed"":false,""quote"":{""examples"":[{""configuration"":""text-to-image · 1216×832 · steps 28"",""price"":""$0.0013"",""latencyMs"":3829,""exampleId"":""marine-water-tester-lifestyle-photograph""},{""configuration"":""expand · 1152×768 · steps 30"",""price"":""$0.0013"",""latencyMs"":4653,""exampleId"":""rare-book-conservator-headshot""},{""configuration"":""image-to-image · 832×1216 · steps 30"",""price"":""$0.0013"",""latencyMs"":3992,""exampleId"":""urban-wildlife-officer-persona-portrait""},{""configuration"":""inpaint · 1024×1024 · steps 32"",""price"":""$0.0019"",""latencyMs"":5629,""exampleId"":""polar-biobank-badge-logo""}]}}",统一端点；账号地区准入待确认,Bearer API Key；账号权限未实测,提交前保存 UUID；仅 getResponse 查询,2026-09-22,https://runware.ai/docs/models/stabilityai-stable-diffusion-xl-v1-0-vae-fix,https://runware.ai/docs/models/stabilityai-stable-diffusion-xl-v1-0-vae-fix/schema.json,04c4d3b42726355314244aeec986e06335b7ef7369ff2fa7de5ab6906c5206fb
runware,待确认,Stable Diffusion Latent Upscaler,runware:502@1,live,,范围外/待确认,尚未登记,尚未登记,"超出当前文本规划/图文理解/单张位图生成精修：upscale（image-to-image,upscale,checkpoint）。","超出当前文本规划/图文理解/单张位图生成精修：upscale（image-to-image,upscale,checkpoint）。",未接入,"{""productVision"":0}",false,false,,{},"{""examples"":[{""configuration"":""upscale"",""price"":""$0.0032"",""latencyMs"":11031,""exampleId"":""marionette-workshop-photo-restoration""},{""configuration"":""upscale"",""price"":""$0.0032"",""latencyMs"":13670,""exampleId"":""railway-safety-feature-illustration""},{""configuration"":""upscale"",""price"":""$0.0045"",""latencyMs"":13295,""exampleId"":""antique-diving-helmet-catalog-cutout""},{""configuration"":""upscale"",""price"":""$0.0058"",""latencyMs"":14355,""exampleId"":""aerospace-recruitment-portrait-composite""}]}",统一端点；账号地区准入待确认,Bearer API Key；账号权限未实测,提交前保存 UUID；仅 getResponse 查询,2026-09-22,https://runware.ai/docs/models/stable-diffusion-latent-upscaler,https://runware.ai/docs/models/stable-diffusion-latent-upscaler/schema.json,f49a198afc482e3d7f49643da437e5875e4074b6e81bb4c9d3a14b1caa1a6e1c
runware,待确认,YOLOv8n Face,runware:35@1,live,,范围外/待确认,尚未登记,尚未登记,"超出当前文本规划/图文理解/单张位图生成精修：imageMasking（image-to-image,mask,checkpoint）。","超出当前文本规划/图文理解/单张位图生成精修：imageMasking（image-to-image,mask,checkpoint）。",未接入,"{""productVision"":0}",false,false,,{},"{""examples"":[{""configuration"":""face-mask"",""price"":""$0.0006"",""latencyMs"":3983,""exampleId"":""maritime-exhibition-scene-swap-masks""},{""configuration"":""face-mask"",""price"":""$0.0006"",""latencyMs"":3426,""exampleId"":""opera-character-makeup-try-on-masks""},{""configuration"":""face-mask"",""price"":""$0.0013"",""latencyMs"":5646,""exampleId"":""badlands-expedition-background-swap""},{""configuration"":""face-mask"",""price"":""$0.0013"",""latencyMs"":4978,""exampleId"":""independent-perfumers-group-headshot""}]}",统一端点；账号地区准入待确认,Bearer API Key；账号权限未实测,提交前保存 UUID；仅 getResponse 查询,2026-09-22,https://runware.ai/docs/models/yolov8n-face,https://runware.ai/docs/models/yolov8n-face/schema.json,b552ff1f764f0811ce2d57bb0c8d24846e8c16abd100a304a9c4457310a5c4ae
runware,待确认,YOLOv8n Hand,runware:35@3,live,,范围外/待确认,尚未登记,尚未登记,"超出当前文本规划/图文理解/单张位图生成精修：imageMasking（image-to-image,mask,checkpoint）。","超出当前文本规划/图文理解/单张位图生成精修：imageMasking（image-to-image,mask,checkpoint）。",未接入,"{""productVision"":0}",false,false,,{},"{""examples"":[{""configuration"":""hand-mask"",""price"":""$0.0006"",""latencyMs"":3768,""exampleId"":""cabin-twilight-relight-hand-masks""},{""configuration"":""hand-mask"",""price"":""$0.0013"",""latencyMs"":4859,""exampleId"":""antarctic-radio-archive-hand-masks""},{""configuration"":""hand-mask"",""price"":""$0.0013"",""latencyMs"":5444,""exampleId"":""seaweed-herbarium-hand-cleanup""},{""configuration"":""hand-mask"",""price"":""$0.0013"",""latencyMs"":5281,""exampleId"":""avant-garde-jewelry-hand-cutouts""}]}",统一端点；账号地区准入待确认,Bearer API Key；账号权限未实测,提交前保存 UUID；仅 getResponse 查询,2026-09-22,https://runware.ai/docs/models/yolov8n-hand,https://runware.ai/docs/models/yolov8n-hand/schema.json,d265d7b3b3a2564d2bd00ada940303a0db91c7f3e28044a04cddce820f35b8e9
runware,待确认,YOLOv8n Person Seg,runware:35@4,live,,范围外/待确认,尚未登记,尚未登记,"超出当前文本规划/图文理解/单张位图生成精修：imageMasking（image-to-image,mask,checkpoint）。","超出当前文本规划/图文理解/单张位图生成精修：imageMasking（image-to-image,mask,checkpoint）。",未接入,"{""productVision"":0}",false,false,,{},"{""examples"":[{""configuration"":""person-mask"",""price"":""$0.0006"",""latencyMs"":3979,""exampleId"":""theremin-composer-press-headshot""},{""configuration"":""person-mask"",""price"":""$0.0006"",""latencyMs"":3458,""exampleId"":""regency-costume-virtual-try-on-mask""},{""configuration"":""person-mask"",""price"":""$0.0013"",""latencyMs"":5079,""exampleId"":""planetarium-presenter-background-cutout""},{""configuration"":""person-mask"",""price"":""$0.0013"",""latencyMs"":5251,""exampleId"":""desert-dance-festival-composite""}]}",统一端点；账号地区准入待确认,Bearer API Key；账号权限未实测,提交前保存 UUID；仅 getResponse 查询,2026-09-22,https://runware.ai/docs/models/yolov8n-person-seg,https://runware.ai/docs/models/yolov8n-person-seg/schema.json,cf822fbfadd8ffabca92c1a90a69fab59af92891c45525a408fc51d95dc708d0
runware,待确认,YOLOv8s Face,runware:35@2,live,,范围外/待确认,尚未登记,尚未登记,"超出当前文本规划/图文理解/单张位图生成精修：imageMasking（image-to-image,mask,checkpoint）。","超出当前文本规划/图文理解/单张位图生成精修：imageMasking（image-to-image,mask,checkpoint）。",未接入,"{""productVision"":0}",false,false,,{},"{""examples"":[{""configuration"":""face-mask"",""price"":""$0.0006"",""latencyMs"":4986,""exampleId"":""observatory-blue-hour-relight-face-mask""},{""configuration"":""face-mask"",""price"":""$0.0006"",""latencyMs"":4289,""exampleId"":""apiary-banner-outpaint-protection-mask""},{""configuration"":""face-mask"",""price"":""$0.0006"",""latencyMs"":4030,""exampleId"":""drag-revue-marquee-outpaint-mask""},{""configuration"":""face-mask"",""price"":""$0.0019"",""latencyMs"":5551,""exampleId"":""polar-night-expedition-face-masks""}]}",统一端点；账号地区准入待确认,Bearer API Key；账号权限未实测,提交前保存 UUID；仅 getResponse 查询,2026-09-22,https://runware.ai/docs/models/yolov8s-face,https://runware.ai/docs/models/yolov8s-face/schema.json,ad0a89e996399a1f721cd59e575c77073cf56fba0ad6beeb834894a471978fa3
runware,待确认,YOLOv8s Person Seg,runware:35@5,live,,范围外/待确认,尚未登记,尚未登记,"超出当前文本规划/图文理解/单张位图生成精修：imageMasking（image-to-image,mask,checkpoint）。","超出当前文本规划/图文理解/单张位图生成精修：imageMasking（image-to-image,mask,checkpoint）。",未接入,"{""productVision"":0}",false,false,,{},"{""examples"":[{""configuration"":""person-mask"",""price"":""$0.0006"",""latencyMs"":4300,""exampleId"":""perfumer-portrait-outpaint-protection-mask""},{""configuration"":""person-mask"",""price"":""$0.0006"",""latencyMs"":4649,""exampleId"":""artistic-swimmer-campaign-cutout""},{""configuration"":""person-mask"",""price"":""$0.0013"",""latencyMs"":5396,""exampleId"":""mariachi-lineup-removal-masks""},{""configuration"":""person-mask"",""price"":""$0.0013"",""latencyMs"":5939,""exampleId"":""wildland-crew-member-addition-mask""}]}",统一端点；账号地区准入待确认,Bearer API Key；账号权限未实测,提交前保存 UUID；仅 getResponse 查询,2026-09-22,https://runware.ai/docs/models/yolov8s-person-seg,https://runware.ai/docs/models/yolov8s-person-seg/schema.json,cb1c6ef4c1b2e0da19991f3062fdce823f646bf880800ee97454dd661b2b7769
runware,Picsart,Picsart Image Vectorizer,picsart:1@1,live,,范围外/待确认,尚未登记,尚未登记,"超出当前文本规划/图文理解/单张位图生成精修：vectorize（image-to-image,vectorize,checkpoint）。","超出当前文本规划/图文理解/单张位图生成精修：vectorize（image-to-image,vectorize,checkpoint）。",未接入,"{""productVision"":0}",false,false,,{},"{""examples"":[{""configuration"":""vectorize"",""price"":""$0.04"",""latencyMs"":14723,""exampleId"":""archaeological-vessel-diagram-cleanup""},{""configuration"":""vectorize"",""price"":""$0.04"",""latencyMs"":5343,""exampleId"":""coral-bioacoustics-laboratory-logo""},{""configuration"":""vectorize"",""price"":""$0.04"",""latencyMs"":15899,""exampleId"":""historic-cable-car-exhibit-scene""},{""configuration"":""vectorize"",""price"":""$0.04"",""latencyMs"":17421,""exampleId"":""polar-rover-exhibition-backdrop""}]}",统一端点；账号地区准入待确认,Bearer API Key；账号权限未实测,提交前保存 UUID；仅 getResponse 查询,2026-09-22,https://runware.ai/docs/models/picsart-image-vectorizer,https://runware.ai/docs/models/picsart-image-vectorizer/schema.json,5e0ee05c77056e914b4ec2e15701fa6dc52adb3aaf0db72493f2180a27285ad3
runware,待确认,SwinIR,runware:503@1,live,,范围外/待确认,尚未登记,尚未登记,"超出当前文本规划/图文理解/单张位图生成精修：upscale（image-to-image,upscale,checkpoint）。","超出当前文本规划/图文理解/单张位图生成精修：upscale（image-to-image,upscale,checkpoint）。",未接入,"{""productVision"":0}",false,false,,{},"{""examples"":[{""configuration"":""upscale"",""price"":""$0.0019"",""latencyMs"":7197,""exampleId"":""vintage-sextant-auction-catalog-master""},{""configuration"":""upscale"",""price"":""$0.0032"",""latencyMs"":10621,""exampleId"":""arctic-greenhouse-blue-hour-enlargement""},{""configuration"":""upscale"",""price"":""$0.0038"",""latencyMs"":10454,""exampleId"":""cyanotype-fossil-exhibition-portrait""},{""configuration"":""upscale"",""price"":""$0.007"",""latencyMs"":16958,""exampleId"":""japanese-firecoat-conservation-master""}]}",统一端点；账号地区准入待确认,Bearer API Key；账号权限未实测,提交前保存 UUID；仅 getResponse 查询,2026-09-22,https://runware.ai/docs/models/swinir,https://runware.ai/docs/models/swinir/schema.json,ea973857c9595364371f3fbb13e7e9bc60f5a9677a1b6d864e4cb1ed9c3c5073
runware,待确认,Real-ESRGAN,runware:504@1,live,,范围外/待确认,尚未登记,尚未登记,"超出当前文本规划/图文理解/单张位图生成精修：upscale（image-to-image,upscale,checkpoint）。","超出当前文本规划/图文理解/单张位图生成精修：upscale（image-to-image,upscale,checkpoint）。",未接入,"{""productVision"":0}",false,false,,{},"{""examples"":[{""configuration"":""upscale"",""price"":""$0.0013"",""latencyMs"":6636,""exampleId"":""prosthetic-running-blade-catalog-photo""},{""configuration"":""upscale"",""price"":""$0.0013"",""latencyMs"":9722,""exampleId"":""desert-observatory-night-relight""},{""configuration"":""upscale"",""price"":""$0.0026"",""latencyMs"":15897,""exampleId"":""herbarium-curator-catalogue-portrait""},{""configuration"":""upscale"",""price"":""$0.0026"",""latencyMs"":13497,""exampleId"":""saffron-apiary-smoker-colorway""}]}",统一端点；账号地区准入待确认,Bearer API Key；账号权限未实测,提交前保存 UUID；仅 getResponse 查询,2026-09-22,https://runware.ai/docs/models/real-esrgan,https://runware.ai/docs/models/real-esrgan/schema.json,313e772b0ecdb0829e79b466deca284cfb213fb4023d38d1effd74c9f2d06f42
runware,OpenAI,OpenAI CLIP ViT-L/14,runware:151@1,live,,范围外/待确认,尚未登记,尚未登记,详情描述为对比编码/相似度，caption schema 却描述生成文字；语义冲突待确认，不能作为通用问答识图。,详情描述为对比编码/相似度，caption schema 却描述生成文字；语义冲突待确认，不能作为通用问答识图。,未接入,"{""productVision"":0}",false,false,,{},"{""examples"":[{""configuration"":""caption"",""price"":""$0.0038"",""latencyMs"":8383,""exampleId"":""museum-exhibition-accessibility-caption""},{""configuration"":""caption"",""price"":""$0.0038"",""latencyMs"":9202,""exampleId"":""residential-storm-damage-claim-caption""},{""configuration"":""caption"",""price"":""$0.0083"",""latencyMs"":14378,""exampleId"":""warehouse-safety-audit-caption""},{""configuration"":""caption"",""price"":""$0.0237"",""latencyMs"":39636,""exampleId"":""aquaculture-editorial-photo-caption""}]}",统一端点；账号地区准入待确认,Bearer API Key；账号权限未实测,提交前保存 UUID；仅 getResponse 查询,2026-09-22,https://runware.ai/docs/models/openai-clip-vit-l-14,https://runware.ai/docs/models/openai-clip-vit-l-14/schema.json,09c4b79aa2785f0663dcc59392a1d343937ad316fc95935cd3b22651d813f26d
runware,待确认,MediaPipe Eyes + Lips Mesh,runware:35@10,live,,范围外/待确认,尚未登记,尚未登记,"超出当前文本规划/图文理解/单张位图生成精修：imageMasking（image-to-image,mask,checkpoint）。","超出当前文本规划/图文理解/单张位图生成精修：imageMasking（image-to-image,mask,checkpoint）。",未接入,"{""productVision"":0}",false,false,,{},"{""examples"":[{""configuration"":""eyes-lips-mask"",""price"":""$0.0006"",""latencyMs"":4836,""exampleId"":""marine-salvage-crew-insert-mask""},{""configuration"":""eyes-lips-mask"",""price"":""$0.0006"",""latencyMs"":3899,""exampleId"":""museum-trustee-composite-feature-mask""},{""configuration"":""eyes-lips-mask"",""price"":""$0.0013"",""latencyMs"":5947,""exampleId"":""nocturnal-fieldwork-portrait-relight-matte""},{""configuration"":""eyes-lips-mask"",""price"":""$0.0013"",""latencyMs"":5981,""exampleId"":""opening-night-chef-composite-matte""}]}",统一端点；账号地区准入待确认,Bearer API Key；账号权限未实测,提交前保存 UUID；仅 getResponse 查询,2026-09-22,https://runware.ai/docs/models/mediapipe-eyes-lips-mesh,https://runware.ai/docs/models/mediapipe-eyes-lips-mesh/schema.json,c205b3c6bf36725a6c20a10d04aecf7f82558f243102874aed644a409f564c40
runware,待确认,MediaPipe Eyes Mesh,runware:35@15,live,,范围外/待确认,尚未登记,尚未登记,"超出当前文本规划/图文理解/单张位图生成精修：imageMasking（image-to-image,mask,checkpoint）。","超出当前文本规划/图文理解/单张位图生成精修：imageMasking（image-to-image,mask,checkpoint）。",未接入,"{""productVision"":0}",false,false,,{},"{""examples"":[{""configuration"":""eyes-mask"",""price"":""$0.0006"",""latencyMs"":4318,""exampleId"":""literary-linocut-portrait-restyle""},{""configuration"":""eyes-mask"",""price"":""$0.0006"",""latencyMs"":3921,""exampleId"":""vfx-eye-marker-cleanup-matte""},{""configuration"":""eyes-mask"",""price"":""$0.0006"",""latencyMs"":4171,""exampleId"":""synchronized-swimmer-eye-cleanup-mask""},{""configuration"":""eyes-mask"",""price"":""$0.0006"",""latencyMs"":4089,""exampleId"":""planetarium-banner-outpaint-eye-matte""}]}",统一端点；账号地区准入待确认,Bearer API Key；账号权限未实测,提交前保存 UUID；仅 getResponse 查询,2026-09-22,https://runware.ai/docs/models/mediapipe-eyes-mesh,https://runware.ai/docs/models/mediapipe-eyes-mesh/schema.json,bb86573dcc43a8e7b08cb4051d0bc793837779a1b16ff7e95ba287f98795b7de
runware,待确认,MediaPipe Face Mesh,runware:35@8,live,,范围外/待确认,尚未登记,尚未登记,"超出当前文本规划/图文理解/单张位图生成精修：imageMasking（image-to-image,mask,checkpoint）。","超出当前文本规划/图文理解/单张位图生成精修：imageMasking（image-to-image,mask,checkpoint）。",未接入,"{""productVision"":0}",false,false,,{},"{""examples"":[{""configuration"":""face-mask"",""price"":""$0.0006"",""latencyMs"":4068,""exampleId"":""roller-derby-archive-face-mask""},{""configuration"":""face-mask"",""price"":""$0.0006"",""latencyMs"":3666,""exampleId"":""emergency-interpreter-composite-face-mask""},{""configuration"":""face-mask"",""price"":""$0.0006"",""latencyMs"":3686,""exampleId"":""planetarium-director-headshot-retouch-mask""},{""configuration"":""face-mask"",""price"":""$0.0013"",""latencyMs"":5156,""exampleId"":""opera-key-art-face-holdout""}]}",统一端点；账号地区准入待确认,Bearer API Key；账号权限未实测,提交前保存 UUID；仅 getResponse 查询,2026-09-22,https://runware.ai/docs/models/mediapipe-face-mesh,https://runware.ai/docs/models/mediapipe-face-mesh/schema.json,27727650151d730c5a8c0c2b2946e076765f39a4ec2b0911fef04af0e6109f33
runware,待确认,MediaPipe Face Mesh Eyes Only,runware:35@9,live,,范围外/待确认,尚未登记,尚未登记,"超出当前文本规划/图文理解/单张位图生成精修：imageMasking（image-to-image,mask,checkpoint）。","超出当前文本规划/图文理解/单张位图生成精修：imageMasking（image-to-image,mask,checkpoint）。",未接入,"{""productVision"":0}",false,false,,{},"{""examples"":[{""configuration"":""eyes-mask"",""price"":""$0.0006"",""latencyMs"":3424,""exampleId"":""museum-banner-outpaint-protection-matte""},{""configuration"":""eyes-mask"",""price"":""$0.0006"",""latencyMs"":3799,""exampleId"":""cenote-expedition-background-swap-matte""},{""configuration"":""eyes-mask"",""price"":""$0.0006"",""latencyMs"":3662,""exampleId"":""seed-bank-curator-retouch-mask""},{""configuration"":""eyes-mask"",""price"":""$0.0013"",""latencyMs"":4855,""exampleId"":""creature-contact-lens-cleanup-mask""}]}",统一端点；账号地区准入待确认,Bearer API Key；账号权限未实测,提交前保存 UUID；仅 getResponse 查询,2026-09-22,https://runware.ai/docs/models/mediapipe-face-mesh-eyes-only,https://runware.ai/docs/models/mediapipe-face-mesh-eyes-only/schema.json,c23465204b4f5553842dd25cec385332b59a41806b53d731538a58b5e4ab98c8
runware,待确认,MediaPipe Lips Mesh,runware:35@14,live,,范围外/待确认,尚未登记,尚未登记,"超出当前文本规划/图文理解/单张位图生成精修：imageMasking（image-to-image,mask,checkpoint）。","超出当前文本规划/图文理解/单张位图生成精修：imageMasking（image-to-image,mask,checkpoint）。",未接入,"{""productVision"":0}",false,false,,{},"{""examples"":[{""configuration"":""lips-mask"",""price"":""$0.0006"",""latencyMs"":4140,""exampleId"":""volcanology-documentary-mouth-holdout""},{""configuration"":""lips-mask"",""price"":""$0.0006"",""latencyMs"":4223,""exampleId"":""ferry-safety-presenter-lip-holdout""},{""configuration"":""lips-mask"",""price"":""$0.0006"",""latencyMs"":4205,""exampleId"":""speech-therapy-lip-cutout-mask""},{""configuration"":""lips-mask"",""price"":""$0.0013"",""latencyMs"":5676,""exampleId"":""seasonal-lipstick-colorway-isolation-mask""}]}",统一端点；账号地区准入待确认,Bearer API Key；账号权限未实测,提交前保存 UUID；仅 getResponse 查询,2026-09-22,https://runware.ai/docs/models/mediapipe-lips-mesh,https://runware.ai/docs/models/mediapipe-lips-mesh/schema.json,73144c8d528af74aedb1f578648892aeb379032562a09b78d2ee864183c93289
runware,待确认,MediaPipe Nose + Eyes Mesh,runware:35@11,live,,范围外/待确认,尚未登记,尚未登记,"超出当前文本规划/图文理解/单张位图生成精修：imageMasking（image-to-image,mask,checkpoint）。","超出当前文本规划/图文理解/单张位图生成精修：imageMasking（image-to-image,mask,checkpoint）。",未接入,"{""productVision"":0}",false,false,,{},"{""examples"":[{""configuration"":""nose-eyes-mask"",""price"":""$0.0006"",""latencyMs"":5126,""exampleId"":""volcanologist-facial-cleanup-mask""},{""configuration"":""nose-eyes-mask"",""price"":""$0.0006"",""latencyMs"":7115,""exampleId"":""opera-prosthetic-virtual-fitting-mask""},{""configuration"":""nose-eyes-mask"",""price"":""$0.0006"",""latencyMs"":5025,""exampleId"":""perfumer-cyanotype-restyle-mask""},{""configuration"":""nose-eyes-mask"",""price"":""$0.0006"",""latencyMs"":5578,""exampleId"":""bat-ecologist-dusk-relight-mask""}]}",统一端点；账号地区准入待确认,Bearer API Key；账号权限未实测,提交前保存 UUID；仅 getResponse 查询,2026-09-22,https://runware.ai/docs/models/mediapipe-nose-eyes-mesh,https://runware.ai/docs/models/mediapipe-nose-eyes-mesh/schema.json,8b9f31cdfef6a5cd6a84b9c2b6f5cb32baeb0896340503aa0eb565bb25e26221
runware,待确认,MediaPipe Nose + Lips Mesh,runware:35@12,live,,范围外/待确认,尚未登记,尚未登记,"超出当前文本规划/图文理解/单张位图生成精修：imageMasking（image-to-image,mask,checkpoint）。","超出当前文本规划/图文理解/单张位图生成精修：imageMasking（image-to-image,mask,checkpoint）。",未接入,"{""productVision"":0}",false,false,,{},"{""examples"":[{""configuration"":""nose-lips-mask"",""price"":""$0.0006"",""latencyMs"":5613,""exampleId"":""museum-dispatch-rider-repair-matte""},{""configuration"":""nose-lips-mask"",""price"":""$0.0006"",""latencyMs"":4242,""exampleId"":""mars-crew-backdrop-protection-matte""},{""configuration"":""nose-lips-mask"",""price"":""$0.0019"",""latencyMs"":8133,""exampleId"":""coral-expedition-cyanotype-facial-matte""},{""configuration"":""nose-lips-mask"",""price"":""$0.0019"",""latencyMs"":6662,""exampleId"":""risograph-portrait-facial-feature-matte""}]}",统一端点；账号地区准入待确认,Bearer API Key；账号权限未实测,提交前保存 UUID；仅 getResponse 查询,2026-09-22,https://runware.ai/docs/models/mediapipe-nose-lips-mesh,https://runware.ai/docs/models/mediapipe-nose-lips-mesh/schema.json,7ea930ae29ff0519bf60eb437827241f436dc73c082daa04c20f32a99cbf3a0b
runware,待确认,MediaPipe Nose Mesh,runware:35@13,live,,范围外/待确认,尚未登记,尚未登记,"超出当前文本规划/图文理解/单张位图生成精修：imageMasking（image-to-image,mask,checkpoint）。","超出当前文本规划/图文理解/单张位图生成精修：imageMasking（image-to-image,mask,checkpoint）。",未接入,"{""productVision"":0}",false,false,,{},"{""examples"":[{""configuration"":""nose-mask"",""price"":""$0.0006"",""latencyMs"":4749,""exampleId"":""volcanologist-portrait-nose-protection-mask""},{""configuration"":""nose-mask"",""price"":""$0.0013"",""latencyMs"":5864,""exampleId"":""panoramic-perfumer-portrait-expansion""},{""configuration"":""nose-mask"",""price"":""$0.0013"",""latencyMs"":6839,""exampleId"":""midnight-chess-portrait-relight-mask""},{""configuration"":""nose-mask"",""price"":""$0.0013"",""latencyMs"":5881,""exampleId"":""observatory-recruitment-banner-expansion""}]}",统一端点；账号地区准入待确认,Bearer API Key；账号权限未实测,提交前保存 UUID；仅 getResponse 查询,2026-09-22,https://runware.ai/docs/models/mediapipe-nose-mesh,https://runware.ai/docs/models/mediapipe-nose-mesh/schema.json,c122715b2601f0cdd1c3c31e5d27feba140f4911d03e8ca694685d90672f9286
runware,待确认,MediaPipe Face Full,runware:35@6,live,,范围外/待确认,尚未登记,尚未登记,"超出当前文本规划/图文理解/单张位图生成精修：imageMasking（image-to-image,mask,checkpoint）。","超出当前文本规划/图文理解/单张位图生成精修：imageMasking（image-to-image,mask,checkpoint）。",未接入,"{""productVision"":0}",false,false,,{},"{""examples"":[{""configuration"":""face-mask"",""price"":""$0.0006"",""latencyMs"":4536,""exampleId"":""punch-card-lab-restoration-mask""},{""configuration"":""face-mask"",""price"":""$0.0006"",""latencyMs"":3908,""exampleId"":""academic-regalia-colorway-exclusion-mask""},{""configuration"":""face-mask"",""price"":""$0.0006"",""latencyMs"":3689,""exampleId"":""volcanologist-editorial-headshot-retouch-mask""},{""configuration"":""face-mask"",""price"":""$0.0013"",""latencyMs"":4810,""exampleId"":""ski-goggle-try-on-face-matte""}]}",统一端点；账号地区准入待确认,Bearer API Key；账号权限未实测,提交前保存 UUID；仅 getResponse 查询,2026-09-22,https://runware.ai/docs/models/mediapipe-face-full,https://runware.ai/docs/models/mediapipe-face-full/schema.json,9a35212d98521777e2cc5821a42b5acf69af3336796273155bb9d561815b3df7
runware,待确认,MediaPipe Face Short,runware:35@7,live,,范围外/待确认,尚未登记,尚未登记,"超出当前文本规划/图文理解/单张位图生成精修：imageMasking（image-to-image,mask,checkpoint）。","超出当前文本规划/图文理解/单张位图生成精修：imageMasking（image-to-image,mask,checkpoint）。",未接入,"{""productVision"":0}",false,false,,{},"{""examples"":[{""configuration"":""face-mask"",""price"":""$0.0006"",""latencyMs"":4074,""exampleId"":""linocut-dance-portrait-face-mask""},{""configuration"":""face-mask"",""price"":""$0.0006"",""latencyMs"":3699,""exampleId"":""polar-research-banner-expansion-mask""},{""configuration"":""face-mask"",""price"":""$0.0006"",""latencyMs"":3620,""exampleId"":""racing-helmet-virtual-try-on-mask""},{""configuration"":""face-mask"",""price"":""$0.0006"",""latencyMs"":3229,""exampleId"":""clinical-training-privacy-mask""}]}",统一端点；账号地区准入待确认,Bearer API Key；账号权限未实测,提交前保存 UUID；仅 getResponse 查询,2026-09-22,https://runware.ai/docs/models/mediapipe-face-short,https://runware.ai/docs/models/mediapipe-face-short/schema.json,e1901fc81c7b389aaed21c0c8b229c3660ba179b409edda9459c70e1c40576b7
