"渠道","展示名称","配置 ID（保留）","实际 API model ID / 调用标识","固定版本 / 滚动别名","已核对具体版本 / 目录身份","核对日期","核对依据","ID 证据","范围 / 可选状态","说明"
"观猹 TokenDance","DeepSeek V3 0324","deepseek-chat-v3-0324","deepseek-chat-v3-0324","固定性 / 对应版本待确认","待确认","2026-09-21","https://tokendance.space/models/deepseek-chat-v3-0324","unconfirmed","静态可选","本轮公开来源未能逐字确认此渠道 ID 或页面只返回外壳；保留原配置，版本待确认，不作为下架依据。"
"观猹 TokenDance","DeepSeek-V3.2","deepseek-v3.2","deepseek-v3.2","固定性 / 对应版本待确认","DeepSeek V3.2","2026-09-21","https://tokendance.space/gateway/v1/models","exact-id","静态可选","精确 SKU 与渠道 name 已核对；未公开更细日期快照或滚动目标，不采用原厂的别名映射。"
"观猹 TokenDance","DeepSeek-V4-Flash Preview","deepseek-v4-flash","deepseek-v4-flash","固定性 / 对应版本待确认","DeepSeek V4 Flash Preview","2026-09-21","https://tokendance.space/gateway/v1/models","exact-id","静态可选","精确 SKU 与渠道 name 已核对；未公开更细日期快照或滚动目标，不采用原厂的别名映射。"
"观猹 TokenDance","DeepSeek-V4-Flash-0731","deepseek-v4-flash-0731","deepseek-v4-flash-0731","固定性 / 对应版本待确认","DeepSeek V4 Flash 0731","2026-09-21","https://tokendance.space/gateway/v1/models","exact-id","静态可选","精确 SKU 与渠道 name 已核对；未公开更细日期快照或滚动目标，不采用原厂的别名映射。"
"观猹 TokenDance","DeepSeek-V4-Flash-vision-exp","deepseek-v4-flash-vision-exp","deepseek-v4-flash-vision-exp","固定性 / 对应版本待确认","待确认","2026-09-21","https://tokendance.space/models/deepseek-v4-flash-vision-exp","unconfirmed","静态可选","本轮公开来源未能逐字确认此渠道 ID 或页面只返回外壳；保留原配置，版本待确认，不作为下架依据。"
"观猹 TokenDance","DeepSeek-V4-Pro Preview","deepseek-v4-pro","deepseek-v4-pro","固定性 / 对应版本待确认","DeepSeek V4 Pro Preview","2026-09-21","https://tokendance.space/gateway/v1/models","exact-id","静态可选","精确 SKU 与渠道 name 已核对；未公开更细日期快照或滚动目标，不采用原厂的别名映射。"
"观猹 TokenDance","DeepSeek-V4-Pro-0813","deepseek-v4-pro-0813","deepseek-v4-pro-0813","固定性 / 对应版本待确认","DeepSeek V4 Pro 0813","2026-09-21","https://tokendance.space/gateway/v1/models","exact-id","静态可选","精确 SKU 与渠道 name 已核对；未公开更细日期快照或滚动目标，不采用原厂的别名映射。"
"观猹 TokenDance","DeepSeek-V4.1-Flash","deepseek-v4.1-flash","deepseek-v4.1-flash","固定性 / 对应版本待确认","DeepSeek V4.1 Flash","2026-09-21","https://tokendance.space/gateway/v1/models","exact-id","静态可选","精确 SKU 与渠道 name 已核对；未公开更细日期快照或滚动目标，不采用原厂的别名映射。"
"观猹 TokenDance","Dots3-Note Preview（Free）","dots-3-note-preview","dots-3-note-preview","固定性 / 对应版本待确认","Dots3-Note Preview（Free）","2026-09-21","https://tokendance.space/gateway/v1/models","exact-id","静态可选","精确 SKU 与渠道 name 已核对；未公开更细日期快照或滚动目标，不采用原厂的别名映射。"
"观猹 TokenDance","GLM 4.5 Air","glm-4.5-air","glm-4.5-air","固定性 / 对应版本待确认","GLM 4.5 Air","2026-09-21","https://tokendance.space/gateway/v1/models","exact-id","静态可选","精确 SKU 与渠道 name 已核对；未公开更细日期快照或滚动目标，不采用原厂的别名映射。"
"观猹 TokenDance","GLM 4.6V","glm-4.6v","glm-4.6v","固定性 / 对应版本待确认","GLM 4.6V","2026-09-21","https://tokendance.space/gateway/v1/models","exact-id","静态可选","精确 SKU 与渠道 name 已核对；未公开更细日期快照或滚动目标，不采用原厂的别名映射。"
"观猹 TokenDance","GLM 4.7","glm-4.7","glm-4.7","固定性 / 对应版本待确认","GLM 4.7","2026-09-21","https://tokendance.space/gateway/v1/models","exact-id","静态可选","精确 SKU 与渠道 name 已核对；未公开更细日期快照或滚动目标，不采用原厂的别名映射。"
"观猹 TokenDance","GLM 5","glm-5","glm-5","固定性 / 对应版本待确认","GLM 5","2026-09-21","https://tokendance.space/gateway/v1/models","exact-id","静态可选","精确 SKU 与渠道 name 已核对；未公开更细日期快照或滚动目标，不采用原厂的别名映射。"
"观猹 TokenDance","GLM 5.1","glm-5.1","glm-5.1","固定性 / 对应版本待确认","GLM 5.1","2026-09-21","https://tokendance.space/gateway/v1/models","exact-id","静态可选","精确 SKU 与渠道 name 已核对；未公开更细日期快照或滚动目标，不采用原厂的别名映射。"
"观猹 TokenDance","GLM 5.2","glm-5.2","glm-5.2","固定性 / 对应版本待确认","GLM 5.2","2026-09-21","https://tokendance.space/gateway/v1/models","exact-id","静态可选","精确 SKU 与渠道 name 已核对；未公开更细日期快照或滚动目标，不采用原厂的别名映射。"
"观猹 TokenDance","GLM 5.3","glm-5.3","glm-5.3","固定性 / 对应版本待确认","GLM 5.3","2026-09-21","https://tokendance.space/gateway/v1/models","exact-id","静态可选","精确 SKU 与渠道 name 已核对；未公开更细日期快照或滚动目标，不采用原厂的别名映射。"
"观猹 TokenDance","GLM 5.3 Flash","glm-5.3-flash","glm-5.3-flash","固定性 / 对应版本待确认","GLM 5.3 Flash","2026-09-21","https://tokendance.space/gateway/v1/models","exact-id","静态可选","精确 SKU 与渠道 name 已核对；未公开更细日期快照或滚动目标，不采用原厂的别名映射。"
"观猹 TokenDance","GLM 5.3 FlashX","glm-5.3-flashx","glm-5.3-flashx","固定性 / 对应版本待确认","GLM 5.3 FlashX","2026-09-21","https://tokendance.space/gateway/v1/models","exact-id","静态可选","精确 SKU 与渠道 name 已核对；未公开更细日期快照或滚动目标，不采用原厂的别名映射。"
"观猹 TokenDance","GLM 5V Turbo","glm-5v-turbo","glm-5v-turbo","固定性 / 对应版本待确认","GLM 5V Turbo","2026-09-21","https://tokendance.space/gateway/v1/models","exact-id","静态可选","精确 SKU 与渠道 name 已核对；未公开更细日期快照或滚动目标，不采用原厂的别名映射。"
"观猹 TokenDance","Hy3","hy3","hy3","固定性 / 对应版本待确认","Hy3","2026-09-21","https://tokendance.space/gateway/v1/models","exact-id","静态可选","精确 SKU 与渠道 name 已核对；未公开更细日期快照或滚动目标，不采用原厂的别名映射。"
"观猹 TokenDance","Hy3 preview","hy3-preview","hy3-preview","固定性 / 对应版本待确认","Hy3 preview","2026-09-21","https://tokendance.space/gateway/v1/models","exact-id","静态可选","精确 SKU 与渠道 name 已核对；未公开更细日期快照或滚动目标，不采用原厂的别名映射。"
"观猹 TokenDance","Hy4 preview","hy4-preview","hy4-preview","固定性 / 对应版本待确认","Hy4 preview","2026-09-21","https://tokendance.space/gateway/v1/models","exact-id","静态可选","精确 SKU 与渠道 name 已核对；未公开更细日期快照或滚动目标，不采用原厂的别名映射。"
"观猹 TokenDance","Kimi K2.5","kimi-k2.5","kimi-k2.5","固定性 / 对应版本待确认","Kimi K2.5","2026-09-21","https://tokendance.space/gateway/v1/models","exact-id","静态可选","精确 SKU 与渠道 name 已核对；未公开更细日期快照或滚动目标，不采用原厂的别名映射。"
"观猹 TokenDance","Kimi K2.6","kimi-k2.6","kimi-k2.6","固定性 / 对应版本待确认","Kimi K2.6","2026-09-21","https://tokendance.space/gateway/v1/models","exact-id","静态可选","精确 SKU 与渠道 name 已核对；未公开更细日期快照或滚动目标，不采用原厂的别名映射。"
"观猹 TokenDance","Kimi K2.7 Code","kimi-k2.7-code","kimi-k2.7-code","固定性 / 对应版本待确认","Kimi K2.7 Code","2026-09-21","https://tokendance.space/gateway/v1/models","exact-id","静态可选","精确 SKU 与渠道 name 已核对；未公开更细日期快照或滚动目标，不采用原厂的别名映射。"
"观猹 TokenDance","Kimi K3","kimi-k3","kimi-k3","固定性 / 对应版本待确认","Kimi K3","2026-09-21","https://tokendance.space/gateway/v1/models","exact-id","静态可选","精确 SKU 与渠道 name 已核对；未公开更细日期快照或滚动目标，不采用原厂的别名映射。"
"观猹 TokenDance","Ling-3.0-flash","ling-3.0-flash","ling-3.0-flash","固定性 / 对应版本待确认","Ling-3.0-flash","2026-09-21","https://tokendance.space/gateway/v1/models","exact-id","静态可选","精确 SKU 与渠道 name 已核对；未公开更细日期快照或滚动目标，不采用原厂的别名映射。"
"观猹 TokenDance","LongCat-2.0","longcat-2.0","longcat-2.0","固定性 / 对应版本待确认","LongCat-2.0","2026-09-21","https://tokendance.space/gateway/v1/models","exact-id","静态可选","精确 SKU 与渠道 name 已核对；未公开更细日期快照或滚动目标，不采用原厂的别名映射。"
"观猹 TokenDance","MiMo-V2.5","mimo-v2.5","mimo-v2.5","固定性 / 对应版本待确认","MiMo-V2.5","2026-09-21","https://tokendance.space/gateway/v1/models","exact-id","静态可选","精确 SKU 与渠道 name 已核对；未公开更细日期快照或滚动目标，不采用原厂的别名映射。"
"观猹 TokenDance","MiMo-V2.5-Pro","mimo-v2.5-pro","mimo-v2.5-pro","固定性 / 对应版本待确认","MiMo-V2.5-Pro","2026-09-21","https://tokendance.space/gateway/v1/models","exact-id","静态可选","精确 SKU 与渠道 name 已核对；未公开更细日期快照或滚动目标，不采用原厂的别名映射。"
"观猹 TokenDance","MiniMax M2.5","minimax-m2.5","minimax-m2.5","固定性 / 对应版本待确认","MiniMax M2.5","2026-09-21","https://tokendance.space/gateway/v1/models","exact-id","静态可选","精确 SKU 与渠道 name 已核对；未公开更细日期快照或滚动目标，不采用原厂的别名映射。"
"观猹 TokenDance","MiniMax M2.7","minimax-m2.7","minimax-m2.7","固定性 / 对应版本待确认","MiniMax M2.7","2026-09-21","https://tokendance.space/gateway/v1/models","exact-id","静态可选","精确 SKU 与渠道 name 已核对；未公开更细日期快照或滚动目标，不采用原厂的别名映射。"
"观猹 TokenDance","MiniMax M3","minimax-m3","minimax-m3","固定性 / 对应版本待确认","MiniMax M3","2026-09-21","https://tokendance.space/gateway/v1/models","exact-id","静态可选","精确 SKU 与渠道 name 已核对；未公开更细日期快照或滚动目标，不采用原厂的别名映射。"
"观猹 TokenDance","Qwen3 30B A3B Instruct 2507","qwen3-30b-a3b-instruct-2507","qwen3-30b-a3b-instruct-2507","固定性 / 对应版本待确认","Qwen3 30B A3B Instruct 2507","2026-09-21","https://tokendance.space/gateway/v1/models","exact-id","静态可选","精确 SKU 与渠道 name 已核对；未公开更细日期快照或滚动目标，不采用原厂的别名映射。"
"观猹 TokenDance","Qwen3 Max","qwen3-max","qwen3-max","固定性 / 对应版本待确认","Qwen3 Max","2026-09-21","https://tokendance.space/gateway/v1/models","exact-id","静态可选","精确 SKU 与渠道 name 已核对；未公开更细日期快照或滚动目标，不采用原厂的别名映射。"
"观猹 TokenDance","Qwen3 VL Plus","qwen3-vl-plus","qwen3-vl-plus","固定性 / 对应版本待确认","Qwen3 VL Plus","2026-09-21","https://tokendance.space/gateway/v1/models","exact-id","静态可选","精确 SKU 与渠道 name 已核对；未公开更细日期快照或滚动目标，不采用原厂的别名映射。"
"观猹 TokenDance","Qwen3.5-35B-A3B","qwen3.5-35b-a3b","qwen3.5-35b-a3b","固定性 / 对应版本待确认","Qwen3.5-35B-A3B","2026-09-21","https://tokendance.space/gateway/v1/models","exact-id","静态可选","精确 SKU 与渠道 name 已核对；未公开更细日期快照或滚动目标，不采用原厂的别名映射。"
"观猹 TokenDance","Qwen3.5 Flash","qwen3.5-flash","qwen3.5-flash","固定性 / 对应版本待确认","Qwen3.5 Flash","2026-09-21","https://tokendance.space/gateway/v1/models","exact-id","静态可选","精确 SKU 与渠道 name 已核对；未公开更细日期快照或滚动目标，不采用原厂的别名映射。"
"观猹 TokenDance","Qwen3.5 Plus","qwen3.5-plus","qwen3.5-plus","固定性 / 对应版本待确认","Qwen3.5 Plus","2026-09-21","https://tokendance.space/gateway/v1/models","exact-id","静态可选","精确 SKU 与渠道 name 已核对；未公开更细日期快照或滚动目标，不采用原厂的别名映射。"
"观猹 TokenDance","Qwen3.6 Max Preview","qwen3.6-max-preview","qwen3.6-max-preview","固定性 / 对应版本待确认","Qwen3.6 Max Preview","2026-09-21","https://tokendance.space/gateway/v1/models","exact-id","静态可选","精确 SKU 与渠道 name 已核对；未公开更细日期快照或滚动目标，不采用原厂的别名映射。"
"观猹 TokenDance","Qwen3.6 Plus","qwen3.6-plus","qwen3.6-plus","固定性 / 对应版本待确认","Qwen3.6 Plus","2026-09-21","https://tokendance.space/gateway/v1/models","exact-id","静态可选","精确 SKU 与渠道 name 已核对；未公开更细日期快照或滚动目标，不采用原厂的别名映射。"
"观猹 TokenDance","Qwen3.7 Max","qwen3.7-max","qwen3.7-max","固定性 / 对应版本待确认","Qwen3.7 Max","2026-09-21","https://tokendance.space/gateway/v1/models","exact-id","静态可选","精确 SKU 与渠道 name 已核对；未公开更细日期快照或滚动目标，不采用原厂的别名映射。"
"观猹 TokenDance","Qwen3.7 Plus","qwen3.7-plus","qwen3.7-plus","固定性 / 对应版本待确认","Qwen3.7 Plus","2026-09-21","https://tokendance.space/gateway/v1/models","exact-id","静态可选","精确 SKU 与渠道 name 已核对；未公开更细日期快照或滚动目标，不采用原厂的别名映射。"
"观猹 TokenDance","Qwen3.8 Flash","qwen3.8-flash","qwen3.8-flash","固定性 / 对应版本待确认","Qwen3.8 Flash","2026-09-21","https://tokendance.space/gateway/v1/models","exact-id","静态可选","精确 SKU 与渠道 name 已核对；未公开更细日期快照或滚动目标，不采用原厂的别名映射。"
"观猹 TokenDance","Qwen3.8 Max","qwen3.8-max","qwen3.8-max","固定性 / 对应版本待确认","Qwen3.8 Max","2026-09-21","https://tokendance.space/gateway/v1/models","exact-id","静态可选","精确 SKU 与渠道 name 已核对；未公开更细日期快照或滚动目标，不采用原厂的别名映射。"
"观猹 TokenDance","Qwen3.8-Max-0902","qwen3.8-max-0902","qwen3.8-max-0902","固定性 / 对应版本待确认","Qwen3.8-Max-0902","2026-09-21","https://tokendance.space/gateway/v1/models","exact-id","静态可选","精确 SKU 与渠道 name 已核对；未公开更细日期快照或滚动目标，不采用原厂的别名映射。"
"观猹 TokenDance","Seed-2.0-Code","seed-2.0-code","seed-2.0-code","固定性 / 对应版本待确认","Seed-2.0-Code","2026-09-21","https://tokendance.space/gateway/v1/models","exact-id","静态可选","精确 SKU 与渠道 name 已核对；未公开更细日期快照或滚动目标，不采用原厂的别名映射。"
"观猹 TokenDance","Seed-2.0-Lite","seed-2.0-lite","seed-2.0-lite","固定性 / 对应版本待确认","Seed-2.0-Lite","2026-09-21","https://tokendance.space/gateway/v1/models","exact-id","静态可选","精确 SKU 与渠道 name 已核对；未公开更细日期快照或滚动目标，不采用原厂的别名映射。"
"观猹 TokenDance","Seed-2.0-Mini","seed-2.0-mini","seed-2.0-mini","固定性 / 对应版本待确认","Seed-2.0-Mini","2026-09-21","https://tokendance.space/gateway/v1/models","exact-id","静态可选","精确 SKU 与渠道 name 已核对；未公开更细日期快照或滚动目标，不采用原厂的别名映射。"
"观猹 TokenDance","Seed-2.0-Pro","seed-2.0-pro","seed-2.0-pro","固定性 / 对应版本待确认","Seed-2.0-Pro","2026-09-21","https://tokendance.space/gateway/v1/models","exact-id","静态可选","精确 SKU 与渠道 name 已核对；未公开更细日期快照或滚动目标，不采用原厂的别名映射。"
"观猹 TokenDance","Seed-2.1-Pro","seed-2.1-pro","seed-2.1-pro","固定性 / 对应版本待确认","Seed-2.1-Pro","2026-09-21","https://tokendance.space/gateway/v1/models","exact-id","静态可选","精确 SKU 与渠道 name 已核对；未公开更细日期快照或滚动目标，不采用原厂的别名映射。"
"观猹 TokenDance","Seed-2.1-Turbo","seed-2.1-turbo","seed-2.1-turbo","固定性 / 对应版本待确认","Seed-2.1-Turbo","2026-09-21","https://tokendance.space/gateway/v1/models","exact-id","静态可选","精确 SKU 与渠道 name 已核对；未公开更细日期快照或滚动目标，不采用原厂的别名映射。"
"观猹 TokenDance","Seed-Evolving","seed-evolving","seed-evolving","固定性 / 对应版本待确认","Seed-Evolving","2026-09-21","https://tokendance.space/gateway/v1/models","exact-id","静态可选","精确 SKU 与渠道 name 已核对；未公开更细日期快照或滚动目标，不采用原厂的别名映射。"
"观猹 TokenDance","Seedream 5.0 lite","seedream-5.0-lite","seedream-5.0-lite","固定性 / 对应版本待确认","Seedream 5.0 lite","2026-09-21","https://tokendance.space/gateway/v1/models","exact-id","静态可选","精确 SKU 与渠道 name 已核对；未公开更细日期快照或滚动目标，不采用原厂的别名映射。"
"观猹 TokenDance","Seedream 5.0 Pro","seedream-5.0-pro","seedream-5.0-pro","固定性 / 对应版本待确认","Seedream 5.0 Pro","2026-09-21","https://tokendance.space/gateway/v1/models","exact-id","静态可选","精确 SKU 与渠道 name 已核对；未公开更细日期快照或滚动目标，不采用原厂的别名映射。"
"观猹 TokenDance","Spark-X2.5-1.7B","spark-x2.5-1.7b","spark-x2.5-1.7b","固定性 / 对应版本待确认","Spark-X2.5-1.7B","2026-09-21","https://tokendance.space/gateway/v1/models","exact-id","静态可选","精确 SKU 与渠道 name 已核对；未公开更细日期快照或滚动目标，不采用原厂的别名映射。"
"观猹 TokenDance","Spark-X2.5-4B","spark-x2.5-4b","spark-x2.5-4b","固定性 / 对应版本待确认","Spark-X2.5-4B","2026-09-21","https://tokendance.space/gateway/v1/models","exact-id","静态可选","精确 SKU 与渠道 name 已核对；未公开更细日期快照或滚动目标，不采用原厂的别名映射。"
"观猹 TokenDance","Step 3.5 Flash","step-3.5-flash","step-3.5-flash","固定性 / 对应版本待确认","Step 3.5 Flash","2026-09-21","https://tokendance.space/gateway/v1/models","exact-id","静态可选","精确 SKU 与渠道 name 已核对；未公开更细日期快照或滚动目标，不采用原厂的别名映射。"
"观猹 TokenDance","Step 3.7 Flash","step-3.7-flash","step-3.7-flash","固定性 / 对应版本待确认","Step 3.7 Flash","2026-09-21","https://tokendance.space/gateway/v1/models","exact-id","静态可选","精确 SKU 与渠道 name 已核对；未公开更细日期快照或滚动目标，不采用原厂的别名映射。"
"观猹 TokenDance","Step 5 Preview","step-5-preview","step-5-preview","固定性 / 对应版本待确认","Step 5 Preview","2026-09-21","https://tokendance.space/gateway/v1/models","exact-id","静态可选","精确 SKU 与渠道 name 已核对；未公开更细日期快照或滚动目标，不采用原厂的别名映射。"
"观猹 TokenDance","Deep Search S3","unifuncs-s3","unifuncs-s3","固定性 / 对应版本待确认","Deep Search S3","2026-09-21","https://tokendance.space/gateway/v1/models","exact-id","静态可选","精确 SKU 与渠道 name 已核对；未公开更细日期快照或滚动目标，不采用原厂的别名映射。"
"观猹 TokenDance","Deep Search S3 Pro","unifuncs-s3-pro","unifuncs-s3-pro","固定性 / 对应版本待确认","Deep Search S3 Pro","2026-09-21","https://tokendance.space/gateway/v1/models","exact-id","静态可选","精确 SKU 与渠道 name 已核对；未公开更细日期快照或滚动目标，不采用原厂的别名映射。"
"观猹 TokenDance","Deep Research U3","unifuncs-u3","unifuncs-u3","固定性 / 对应版本待确认","Deep Research U3","2026-09-21","https://tokendance.space/gateway/v1/models","exact-id","静态可选","精确 SKU 与渠道 name 已核对；未公开更细日期快照或滚动目标，不采用原厂的别名映射。"
"观猹 TokenDance","Deep Research U3 Pro","unifuncs-u3-pro","unifuncs-u3-pro","固定性 / 对应版本待确认","Deep Research U3 Pro","2026-09-21","https://tokendance.space/gateway/v1/models","exact-id","静态可选","精确 SKU 与渠道 name 已核对；未公开更细日期快照或滚动目标，不采用原厂的别名映射。"
"硅基流动","ERNIE-Image-Turbo","baidu/ERNIE-Image-Turbo","baidu/ERNIE-Image-Turbo","固定性 / 对应版本待确认","baidu/ERNIE-Image-Turbo","2026-09-21","https://www.siliconflow.cn/models","exact-id","静态可选","渠道文档未明确固定快照或滚动指向；不从厂商、发布日期或系列名推断。"
"硅基流动","Seed-OSS-36B-Instruct","ByteDance-Seed/Seed-OSS-36B-Instruct","ByteDance-Seed/Seed-OSS-36B-Instruct","固定性 / 对应版本待确认","ByteDance-Seed/Seed-OSS-36B-Instruct","2026-09-21","https://www.siliconflow.cn/models","exact-id","静态可选","公开模型目录嵌入数据的 modelName 字段逐 ID 匹配；具体 SKU 已确认，更细快照或固定性未公开。"
"硅基流动","DeepSeek-R1","deepseek-ai/DeepSeek-R1","deepseek-ai/DeepSeek-R1","固定性 / 对应版本待确认","deepseek-ai/DeepSeek-R1","2026-09-21","https://docs.siliconflow.cn/docs/release-notes/overview","exact-id","静态可选","渠道文档未明确固定快照或滚动指向；不从厂商、发布日期或系列名推断。"
"硅基流动","DeepSeek-R1-0528-Qwen3-8B","deepseek-ai/DeepSeek-R1-0528-Qwen3-8B","deepseek-ai/DeepSeek-R1-0528-Qwen3-8B","固定性 / 对应版本待确认","deepseek-ai/DeepSeek-R1-0528-Qwen3-8B","2026-09-21","https://www.siliconflow.cn/models","exact-id","静态可选","公开模型目录嵌入数据的 modelName 字段逐 ID 匹配；具体 SKU 已确认，更细快照或固定性未公开。"
"硅基流动","DeepSeek-V3","deepseek-ai/DeepSeek-V3","deepseek-ai/DeepSeek-V3","固定性 / 对应版本待确认","deepseek-ai/DeepSeek-V3","2026-09-21","https://docs.siliconflow.cn/docs/release-notes/overview","exact-id","静态可选","渠道文档未明确固定快照或滚动指向；不从厂商、发布日期或系列名推断。"
"硅基流动","DeepSeek-V3.1-Terminus","deepseek-ai/DeepSeek-V3.1-Terminus","deepseek-ai/DeepSeek-V3.1-Terminus","固定性 / 对应版本待确认","deepseek-ai/DeepSeek-V3.1-Terminus","2026-09-21","https://www.siliconflow.cn/models","exact-id","静态可选","渠道文档未明确固定快照或滚动指向；不从厂商、发布日期或系列名推断。"
"硅基流动","DeepSeek-V3.2","deepseek-ai/DeepSeek-V3.2","deepseek-ai/DeepSeek-V3.2","固定性 / 对应版本待确认","deepseek-ai/DeepSeek-V3.2","2026-09-21","https://www.siliconflow.cn/models","exact-id","静态可选","渠道文档未明确固定快照或滚动指向；不从厂商、发布日期或系列名推断。"
"硅基流动","DeepSeek-V4-Flash（具体版本待确认）","deepseek-ai/DeepSeek-V4-Flash","deepseek-ai/DeepSeek-V4-Flash","固定性 / 对应版本待确认","deepseek-ai/DeepSeek-V4-Flash","2026-09-21","https://www.siliconflow.cn/models","exact-id","静态可选","渠道文档未明确固定快照或滚动指向；不从厂商、发布日期或系列名推断。"
"硅基流动","DeepSeek-V4-Pro（具体版本待确认）","deepseek-ai/DeepSeek-V4-Pro","deepseek-ai/DeepSeek-V4-Pro","固定性 / 对应版本待确认","deepseek-ai/DeepSeek-V4-Pro","2026-09-21","https://www.siliconflow.cn/models","exact-id","静态可选","渠道文档未明确固定快照或滚动指向；不从厂商、发布日期或系列名推断。"
"硅基流动","Ling-flash-2.0","inclusionAI/Ling-flash-2.0","inclusionAI/Ling-flash-2.0","固定性 / 对应版本待确认","inclusionAI/Ling-flash-2.0","2026-09-21","https://www.siliconflow.cn/models","exact-id","静态可选","公开模型目录嵌入数据的 modelName 字段逐 ID 匹配；具体 SKU 已确认，更细快照或固定性未公开。"
"硅基流动","Ling-mini-2.0","inclusionAI/Ling-mini-2.0","inclusionAI/Ling-mini-2.0","固定性 / 对应版本待确认","inclusionAI/Ling-mini-2.0","2026-09-21","https://www.siliconflow.cn/models","exact-id","静态可选","公开模型目录嵌入数据的 modelName 字段逐 ID 匹配；具体 SKU 已确认，更细快照或固定性未公开。"
"硅基流动","Kolors","Kwai-Kolors/Kolors","Kwai-Kolors/Kolors","固定性 / 对应版本待确认","Kwai-Kolors/Kolors","2026-09-21","https://docs.siliconflow.cn/docs/api/images-generations-post","exact-id","静态可选","渠道文档未明确固定快照或滚动指向；不从厂商、发布日期或系列名推断。"
"硅基流动","LongCat-2.0","meituan-longcat/LongCat-2.0","meituan-longcat/LongCat-2.0","固定性 / 对应版本待确认","meituan-longcat/LongCat-2.0","2026-09-21","https://www.siliconflow.cn/models","exact-id","静态可选","渠道文档未明确固定快照或滚动指向；不从厂商、发布日期或系列名推断。"
"硅基流动","MiniMax-M2.5","MiniMaxAI/MiniMax-M2.5","MiniMaxAI/MiniMax-M2.5","固定性 / 对应版本待确认","MiniMaxAI/MiniMax-M2.5","2026-09-21","https://docs.siliconflow.cn/docs/release-notes/overview","exact-id","停用身份保留","渠道文档未明确固定快照或滚动指向；不从厂商、发布日期或系列名推断。"
"硅基流动","Kimi-K2.7-Code","moonshotai/Kimi-K2.7-Code","moonshotai/Kimi-K2.7-Code","固定性 / 对应版本待确认","moonshotai/Kimi-K2.7-Code","2026-09-21","https://www.siliconflow.cn/models","exact-id","静态可选","渠道文档未明确固定快照或滚动指向；不从厂商、发布日期或系列名推断。"
"硅基流动","Nex-N2-Pro","nex-agi/Nex-N2-Pro","nex-agi/Nex-N2-Pro","固定性 / 对应版本待确认","nex-agi/Nex-N2-Pro","2026-09-21","https://docs.siliconflow.cn/docs/release-notes/overview","exact-id","停用身份保留","渠道文档未明确固定快照或滚动指向；不从厂商、发布日期或系列名推断。"
"硅基流动","DeepSeek-R1","Pro/deepseek-ai/DeepSeek-R1","Pro/deepseek-ai/DeepSeek-R1","固定性 / 对应版本待确认","Pro/deepseek-ai/DeepSeek-R1","2026-09-21","https://docs.siliconflow.cn/docs/release-notes/overview","exact-id","静态可选","渠道文档未明确固定快照或滚动指向；不从厂商、发布日期或系列名推断。"
"硅基流动","DeepSeek-V3","Pro/deepseek-ai/DeepSeek-V3","Pro/deepseek-ai/DeepSeek-V3","固定性 / 对应版本待确认","Pro/deepseek-ai/DeepSeek-V3","2026-09-21","https://docs.siliconflow.cn/docs/release-notes/overview","exact-id","静态可选","渠道文档未明确固定快照或滚动指向；不从厂商、发布日期或系列名推断。"
"硅基流动","DeepSeek-V3.1-Terminus","Pro/deepseek-ai/DeepSeek-V3.1-Terminus","Pro/deepseek-ai/DeepSeek-V3.1-Terminus","固定性 / 对应版本待确认","Pro/deepseek-ai/DeepSeek-V3.1-Terminus","2026-09-21","https://www.siliconflow.cn/models","exact-id","静态可选","渠道文档未明确固定快照或滚动指向；不从厂商、发布日期或系列名推断。"
"硅基流动","DeepSeek-V3.2","Pro/deepseek-ai/DeepSeek-V3.2","Pro/deepseek-ai/DeepSeek-V3.2","固定性 / 对应版本待确认","Pro/deepseek-ai/DeepSeek-V3.2","2026-09-21","https://www.siliconflow.cn/models","exact-id","静态可选","渠道文档未明确固定快照或滚动指向；不从厂商、发布日期或系列名推断。"
"硅基流动","MiniMax-M2.5","Pro/MiniMaxAI/MiniMax-M2.5","Pro/MiniMaxAI/MiniMax-M2.5","固定性 / 对应版本待确认","Pro/MiniMaxAI/MiniMax-M2.5","2026-09-21","https://docs.siliconflow.cn/docs/release-notes/overview","exact-id","停用身份保留","渠道文档未明确固定快照或滚动指向；不从厂商、发布日期或系列名推断。"
"硅基流动","Kimi K2.6","Pro/moonshotai/Kimi-K2.6","Pro/moonshotai/Kimi-K2.6","固定性 / 对应版本待确认","Pro/moonshotai/Kimi-K2.6","2026-09-21","https://docs.siliconflow.cn/docs/userguide/capabilities/vision","exact-id","静态可选","渠道文档未明确固定快照或滚动指向；不从厂商、发布日期或系列名推断。"
"硅基流动","Qwen2.5-7B-Instruct","Pro/Qwen/Qwen2.5-7B-Instruct","Pro/Qwen/Qwen2.5-7B-Instruct","固定性 / 对应版本待确认","Pro/Qwen/Qwen2.5-7B-Instruct","2026-09-21","https://www.siliconflow.cn/models","exact-id","静态可选","公开模型目录嵌入数据的 modelName 字段逐 ID 匹配；具体 SKU 已确认，更细快照或固定性未公开。"
"硅基流动","GLM-5.1","Pro/zai-org/GLM-5.1","Pro/zai-org/GLM-5.1","固定性 / 对应版本待确认","Pro/zai-org/GLM-5.1","2026-09-21","https://www.siliconflow.cn/models","exact-id","静态可选","渠道文档未明确固定快照或滚动指向；不从厂商、发布日期或系列名推断。"
"硅基流动","Qwen Image","Qwen/Qwen-Image","Qwen/Qwen-Image","固定性 / 对应版本待确认","Qwen/Qwen-Image","2026-09-21","https://docs.siliconflow.cn/docs/api/images-generations-post","exact-id","静态可选","渠道文档未明确固定快照或滚动指向；不从厂商、发布日期或系列名推断。"
"硅基流动","Qwen-Image-Edit","Qwen/Qwen-Image-Edit","Qwen/Qwen-Image-Edit","固定性 / 对应版本待确认","Qwen/Qwen-Image-Edit","2026-09-21","https://docs.siliconflow.cn/docs/api/images-generations-post","exact-id","静态可选","渠道文档未明确固定快照或滚动指向；不从厂商、发布日期或系列名推断。"
"硅基流动","Qwen-Image-Edit-2509","Qwen/Qwen-Image-Edit-2509","Qwen/Qwen-Image-Edit-2509","固定性 / 对应版本待确认","Qwen/Qwen-Image-Edit-2509","2026-09-21","https://docs.siliconflow.cn/docs/api/images-generations-post","exact-id","静态可选","渠道文档未明确固定快照或滚动指向；不从厂商、发布日期或系列名推断。"
"硅基流动","Qwen2.5-32B-Instruct","Qwen/Qwen2.5-32B-Instruct","Qwen/Qwen2.5-32B-Instruct","固定性 / 对应版本待确认","Qwen/Qwen2.5-32B-Instruct","2026-09-21","https://www.siliconflow.cn/models","exact-id","静态可选","公开模型目录嵌入数据的 modelName 字段逐 ID 匹配；具体 SKU 已确认，更细快照或固定性未公开。"
"硅基流动","Qwen2.5-72B-Instruct","Qwen/Qwen2.5-72B-Instruct","Qwen/Qwen2.5-72B-Instruct","固定性 / 对应版本待确认","Qwen/Qwen2.5-72B-Instruct","2026-09-21","https://www.siliconflow.cn/models","exact-id","静态可选","公开模型目录嵌入数据的 modelName 字段逐 ID 匹配；具体 SKU 已确认，更细快照或固定性未公开。"
"硅基流动","Qwen2.5-72B-Instruct-128K","Qwen/Qwen2.5-72B-Instruct-128K","Qwen/Qwen2.5-72B-Instruct-128K","固定性 / 对应版本待确认","Qwen/Qwen2.5-72B-Instruct-128K","2026-09-21","https://www.siliconflow.cn/models","exact-id","静态可选","公开模型目录嵌入数据的 modelName 字段逐 ID 匹配；具体 SKU 已确认，更细快照或固定性未公开。"
"硅基流动","Qwen2.5-7B-Instruct","Qwen/Qwen2.5-7B-Instruct","Qwen/Qwen2.5-7B-Instruct","固定性 / 对应版本待确认","Qwen/Qwen2.5-7B-Instruct","2026-09-21","https://www.siliconflow.cn/models","exact-id","静态可选","公开模型目录嵌入数据的 modelName 字段逐 ID 匹配；具体 SKU 已确认，更细快照或固定性未公开。"
"硅基流动","Qwen3-14B","Qwen/Qwen3-14B","Qwen/Qwen3-14B","固定性 / 对应版本待确认","Qwen/Qwen3-14B","2026-09-21","https://www.siliconflow.cn/models","exact-id","静态可选","公开模型目录嵌入数据的 modelName 字段逐 ID 匹配；具体 SKU 已确认，更细快照或固定性未公开。"
"硅基流动","Qwen3-30B-A3B-Instruct-2507","Qwen/Qwen3-30B-A3B-Instruct-2507","Qwen/Qwen3-30B-A3B-Instruct-2507","固定性 / 对应版本待确认","Qwen/Qwen3-30B-A3B-Instruct-2507","2026-09-21","https://www.siliconflow.cn/models","exact-id","静态可选","公开模型目录嵌入数据的 modelName 字段逐 ID 匹配；具体 SKU 已确认，更细快照或固定性未公开。"
"硅基流动","Qwen3-32B","Qwen/Qwen3-32B","Qwen/Qwen3-32B","固定性 / 对应版本待确认","Qwen/Qwen3-32B","2026-09-21","https://www.siliconflow.cn/models","exact-id","静态可选","公开模型目录嵌入数据的 modelName 字段逐 ID 匹配；具体 SKU 已确认，更细快照或固定性未公开。"
"硅基流动","Qwen3-8B","Qwen/Qwen3-8B","Qwen/Qwen3-8B","固定性 / 对应版本待确认","Qwen/Qwen3-8B","2026-09-21","https://www.siliconflow.cn/models","exact-id","静态可选","公开模型目录嵌入数据的 modelName 字段逐 ID 匹配；具体 SKU 已确认，更细快照或固定性未公开。"
"硅基流动","Qwen3-Coder-30B-A3B-Instruct","Qwen/Qwen3-Coder-30B-A3B-Instruct","Qwen/Qwen3-Coder-30B-A3B-Instruct","固定性 / 对应版本待确认","Qwen/Qwen3-Coder-30B-A3B-Instruct","2026-09-21","https://www.siliconflow.cn/models","exact-id","静态可选","公开模型目录嵌入数据的 modelName 字段逐 ID 匹配；具体 SKU 已确认，更细快照或固定性未公开。"
"硅基流动","Qwen3-Omni-30B-A3B-Instruct","Qwen/Qwen3-Omni-30B-A3B-Instruct","Qwen/Qwen3-Omni-30B-A3B-Instruct","固定性 / 对应版本待确认","Qwen/Qwen3-Omni-30B-A3B-Instruct","2026-09-21","https://www.siliconflow.cn/models","exact-id","静态可选","公开模型目录嵌入数据的 modelName 字段逐 ID 匹配；具体 SKU 已确认，更细快照或固定性未公开。"
"硅基流动","Qwen3-Omni-30B-A3B-Thinking","Qwen/Qwen3-Omni-30B-A3B-Thinking","Qwen/Qwen3-Omni-30B-A3B-Thinking","固定性 / 对应版本待确认","Qwen/Qwen3-Omni-30B-A3B-Thinking","2026-09-21","https://www.siliconflow.cn/models","exact-id","静态可选","公开模型目录嵌入数据的 modelName 字段逐 ID 匹配；具体 SKU 已确认，更细快照或固定性未公开。"
"硅基流动","Qwen3-VL-30B-A3B-Instruct","Qwen/Qwen3-VL-30B-A3B-Instruct","Qwen/Qwen3-VL-30B-A3B-Instruct","固定性 / 对应版本待确认","Qwen/Qwen3-VL-30B-A3B-Instruct","2026-09-21","https://www.siliconflow.cn/models","exact-id","静态可选","公开模型目录嵌入数据的 modelName 字段逐 ID 匹配；具体 SKU 已确认，更细快照或固定性未公开。"
"硅基流动","Qwen3-VL-30B-A3B-Thinking","Qwen/Qwen3-VL-30B-A3B-Thinking","Qwen/Qwen3-VL-30B-A3B-Thinking","固定性 / 对应版本待确认","Qwen/Qwen3-VL-30B-A3B-Thinking","2026-09-21","https://www.siliconflow.cn/models","exact-id","静态可选","公开模型目录嵌入数据的 modelName 字段逐 ID 匹配；具体 SKU 已确认，更细快照或固定性未公开。"
"硅基流动","Qwen3-VL-32B-Instruct","Qwen/Qwen3-VL-32B-Instruct","Qwen/Qwen3-VL-32B-Instruct","固定性 / 对应版本待确认","Qwen/Qwen3-VL-32B-Instruct","2026-09-21","https://www.siliconflow.cn/models","exact-id","静态可选","公开模型目录嵌入数据的 modelName 字段逐 ID 匹配；具体 SKU 已确认，更细快照或固定性未公开。"
"硅基流动","Qwen3-VL-32B-Thinking","Qwen/Qwen3-VL-32B-Thinking","Qwen/Qwen3-VL-32B-Thinking","固定性 / 对应版本待确认","Qwen/Qwen3-VL-32B-Thinking","2026-09-21","https://www.siliconflow.cn/models","exact-id","静态可选","公开模型目录嵌入数据的 modelName 字段逐 ID 匹配；具体 SKU 已确认，更细快照或固定性未公开。"
"硅基流动","Qwen3-VL-8B-Instruct","Qwen/Qwen3-VL-8B-Instruct","Qwen/Qwen3-VL-8B-Instruct","固定性 / 对应版本待确认","Qwen/Qwen3-VL-8B-Instruct","2026-09-21","https://www.siliconflow.cn/models","exact-id","静态可选","公开模型目录嵌入数据的 modelName 字段逐 ID 匹配；具体 SKU 已确认，更细快照或固定性未公开。"
"硅基流动","Qwen3-VL-8B-Thinking","Qwen/Qwen3-VL-8B-Thinking","Qwen/Qwen3-VL-8B-Thinking","固定性 / 对应版本待确认","Qwen/Qwen3-VL-8B-Thinking","2026-09-21","https://www.siliconflow.cn/models","exact-id","静态可选","公开模型目录嵌入数据的 modelName 字段逐 ID 匹配；具体 SKU 已确认，更细快照或固定性未公开。"
"硅基流动","Qwen3.5-122B-A10B","Qwen/Qwen3.5-122B-A10B","Qwen/Qwen3.5-122B-A10B","固定性 / 对应版本待确认","Qwen/Qwen3.5-122B-A10B","2026-09-21","https://www.siliconflow.cn/models","exact-id","静态可选","公开模型目录嵌入数据的 modelName 字段逐 ID 匹配；具体 SKU 已确认，更细快照或固定性未公开。"
"硅基流动","Qwen3.5-27B","Qwen/Qwen3.5-27B","Qwen/Qwen3.5-27B","固定性 / 对应版本待确认","Qwen/Qwen3.5-27B","2026-09-21","https://www.siliconflow.cn/models","exact-id","静态可选","公开模型目录嵌入数据的 modelName 字段逐 ID 匹配；具体 SKU 已确认，更细快照或固定性未公开。"
"硅基流动","Qwen3.5-35B-A3B","Qwen/Qwen3.5-35B-A3B","Qwen/Qwen3.5-35B-A3B","固定性 / 对应版本待确认","Qwen/Qwen3.5-35B-A3B","2026-09-21","https://www.siliconflow.cn/models","exact-id","静态可选","公开模型目录嵌入数据的 modelName 字段逐 ID 匹配；具体 SKU 已确认，更细快照或固定性未公开。"
"硅基流动","Qwen3.5-397B-A17B","Qwen/Qwen3.5-397B-A17B","Qwen/Qwen3.5-397B-A17B","固定性 / 对应版本待确认","Qwen/Qwen3.5-397B-A17B","2026-09-21","https://docs.siliconflow.cn/docs/release-notes/overview","exact-id","停用身份保留","渠道文档未明确固定快照或滚动指向；不从厂商、发布日期或系列名推断。"
"硅基流动","Qwen3.5-4B","Qwen/Qwen3.5-4B","Qwen/Qwen3.5-4B","固定性 / 对应版本待确认","Qwen/Qwen3.5-4B","2026-09-21","https://www.siliconflow.cn/models","exact-id","静态可选","公开模型目录嵌入数据的 modelName 字段逐 ID 匹配；具体 SKU 已确认，更细快照或固定性未公开。"
"硅基流动","Qwen3.5-9B","Qwen/Qwen3.5-9B","Qwen/Qwen3.5-9B","固定性 / 对应版本待确认","Qwen/Qwen3.5-9B","2026-09-21","https://www.siliconflow.cn/models","exact-id","静态可选","公开模型目录嵌入数据的 modelName 字段逐 ID 匹配；具体 SKU 已确认，更细快照或固定性未公开。"
"硅基流动","Qwen3.6-27B","Qwen/Qwen3.6-27B","Qwen/Qwen3.6-27B","固定性 / 对应版本待确认","Qwen/Qwen3.6-27B","2026-09-21","https://www.siliconflow.cn/models","exact-id","静态可选","渠道文档未明确固定快照或滚动指向；不从厂商、发布日期或系列名推断。"
"硅基流动","Qwen3.6-35B-A3B","Qwen/Qwen3.6-35B-A3B","Qwen/Qwen3.6-35B-A3B","固定性 / 对应版本待确认","Qwen/Qwen3.6-35B-A3B","2026-09-21","https://www.siliconflow.cn/models","exact-id","静态可选","渠道文档未明确固定快照或滚动指向；不从厂商、发布日期或系列名推断。"
"硅基流动","Qwen3.8-27B","Qwen/Qwen3.8-27B","Qwen/Qwen3.8-27B","固定性 / 对应版本待确认","Qwen/Qwen3.8-27B","2026-09-21","https://www.siliconflow.cn/models","exact-id","静态可选","渠道文档未明确固定快照或滚动指向；不从厂商、发布日期或系列名推断。"
"硅基流动","Step-3.5-Flash","stepfun-ai/Step-3.5-Flash","stepfun-ai/Step-3.5-Flash","固定性 / 对应版本待确认","stepfun-ai/Step-3.5-Flash","2026-09-21","https://www.siliconflow.cn/models","exact-id","静态可选","公开模型目录嵌入数据的 modelName 字段逐 ID 匹配；具体 SKU 已确认，更细快照或固定性未公开。"
"硅基流动","Hunyuan-A13B-Instruct","tencent/Hunyuan-A13B-Instruct","tencent/Hunyuan-A13B-Instruct","固定性 / 对应版本待确认","tencent/Hunyuan-A13B-Instruct","2026-09-21","https://www.siliconflow.cn/models","exact-id","静态可选","公开模型目录嵌入数据的 modelName 字段逐 ID 匹配；具体 SKU 已确认，更细快照或固定性未公开。"
"硅基流动","Hy4-preview","tencent/Hy4-preview","tencent/Hy4-preview","固定性 / 对应版本待确认","tencent/Hy4-preview","2026-09-21","https://www.siliconflow.cn/models","exact-id","静态可选","渠道文档未明确固定快照或滚动指向；不从厂商、发布日期或系列名推断。"
"硅基流动","GLM-4-32B-0414","THUDM/GLM-4-32B-0414","THUDM/GLM-4-32B-0414","固定性 / 对应版本待确认","THUDM/GLM-4-32B-0414","2026-09-21","https://www.siliconflow.cn/models","exact-id","静态可选","公开模型目录嵌入数据的 modelName 字段逐 ID 匹配；具体 SKU 已确认，更细快照或固定性未公开。"
"硅基流动","GLM-4-9B-0414","THUDM/GLM-4-9B-0414","THUDM/GLM-4-9B-0414","固定性 / 对应版本待确认","THUDM/GLM-4-9B-0414","2026-09-21","https://www.siliconflow.cn/models","exact-id","静态可选","公开模型目录嵌入数据的 modelName 字段逐 ID 匹配；具体 SKU 已确认，更细快照或固定性未公开。"
"硅基流动","GLM-Z1-9B-0414","THUDM/GLM-Z1-9B-0414","THUDM/GLM-Z1-9B-0414","固定性 / 对应版本待确认","THUDM/GLM-Z1-9B-0414","2026-09-21","https://www.siliconflow.cn/models","exact-id","静态可选","公开模型目录嵌入数据的 modelName 字段逐 ID 匹配；具体 SKU 已确认，更细快照或固定性未公开。"
"硅基流动","Z-Image","Tongyi-MAI/Z-Image","Tongyi-MAI/Z-Image","固定性 / 对应版本待确认","Tongyi-MAI/Z-Image","2026-09-21","https://www.siliconflow.cn/models","exact-id","静态可选","渠道文档未明确固定快照或滚动指向；不从厂商、发布日期或系列名推断。"
"硅基流动","Z-Image-Turbo","Tongyi-MAI/Z-Image-Turbo","Tongyi-MAI/Z-Image-Turbo","固定性 / 对应版本待确认","Tongyi-MAI/Z-Image-Turbo","2026-09-21","https://www.siliconflow.cn/models","exact-id","静态可选","渠道文档未明确固定快照或滚动指向；不从厂商、发布日期或系列名推断。"
"硅基流动","Xing4.0-29B","XingChenAGI/Xing4.0-29B","XingChenAGI/Xing4.0-29B","固定性 / 对应版本待确认","XingChenAGI/Xing4.0-29B","2026-09-21","https://www.siliconflow.cn/models","exact-id","静态可选","渠道文档未明确固定快照或滚动指向；不从厂商、发布日期或系列名推断。"
"硅基流动","GLM-4.5-Air","zai-org/GLM-4.5-Air","zai-org/GLM-4.5-Air","固定性 / 对应版本待确认","zai-org/GLM-4.5-Air","2026-09-21","https://www.siliconflow.cn/models","exact-id","静态可选","公开模型目录嵌入数据的 modelName 字段逐 ID 匹配；具体 SKU 已确认，更细快照或固定性未公开。"
"硅基流动","GLM-4.5V","zai-org/GLM-4.5V","zai-org/GLM-4.5V","固定性 / 对应版本待确认","zai-org/GLM-4.5V","2026-09-21","https://www.siliconflow.cn/models","exact-id","静态可选","公开模型目录嵌入数据的 modelName 字段逐 ID 匹配；具体 SKU 已确认，更细快照或固定性未公开。"
"硅基流动","GLM-5.2","zai-org/GLM-5.2","zai-org/GLM-5.2","固定性 / 对应版本待确认","zai-org/GLM-5.2","2026-09-21","https://www.siliconflow.cn/models","exact-id","静态可选","渠道文档未明确固定快照或滚动指向；不从厂商、发布日期或系列名推断。"
"硅基流动","GLM-5.3","zai-org/GLM-5.3","zai-org/GLM-5.3","固定性 / 对应版本待确认","zai-org/GLM-5.3","2026-09-21","https://www.siliconflow.cn/models","exact-id","静态可选","渠道文档未明确固定快照或滚动指向；不从厂商、发布日期或系列名推断。"
"腾讯 TokenHub","DeepSeek-V4-Flash","deepseek-v4-flash","deepseek-v4-flash","固定性 / 对应版本待确认","deepseek-v4-flash","2026-09-22","https://cloud.tencent.com/document/product/1823/132248","official-doc","静态可选","准确渠道调用ID已核对；不可变权重快照待确认。真实权限/调用未验证。"
"腾讯 TokenHub","DeepSeek-V4-Flash 0731 正式版","deepseek-v4-flash-0731","deepseek-v4-flash-0731","固定性 / 对应版本待确认","deepseek-v4-flash-0731","2026-09-22","https://cloud.tencent.com/document/product/1823/132248","official-doc","静态可选","准确渠道调用ID已核对；不可变权重快照待确认。真实权限/调用未验证。"
"腾讯 TokenHub","DeepSeek-V4-Flash 0731 正式版 原厂直供","deepseek-v4-flash-202605","deepseek-v4-flash-202605","固定性 / 对应版本待确认","deepseek-v4-flash-202605","2026-09-22","https://cloud.tencent.com/document/product/1823/132248","official-doc","静态可选","准确渠道调用ID已核对；不可变权重快照待确认。真实权限/调用未验证。"
"腾讯 TokenHub","DeepSeek-V4-Pro","deepseek-v4-pro","deepseek-v4-pro","固定性 / 对应版本待确认","deepseek-v4-pro","2026-09-22","https://cloud.tencent.com/document/product/1823/132248","official-doc","静态可选","准确渠道调用ID已核对；不可变权重快照待确认。真实权限/调用未验证。"
"腾讯 TokenHub","DeepSeek-V4-Pro 0813 正式版","deepseek-v4-pro-0813","deepseek-v4-pro-0813","固定性 / 对应版本待确认","deepseek-v4-pro-0813","2026-09-22","https://cloud.tencent.com/document/product/1823/132248","official-doc","静态可选","准确渠道调用ID已核对；不可变权重快照待确认。真实权限/调用未验证。"
"腾讯 TokenHub","DeepSeek-V4-Pro 0813 正式版 原厂直供","deepseek-v4-pro-202606","deepseek-v4-pro-202606","固定性 / 对应版本待确认","deepseek-v4-pro-202606","2026-09-22","https://cloud.tencent.com/document/product/1823/132248","official-doc","静态可选","准确渠道调用ID已核对；不可变权重快照待确认。真实权限/调用未验证。"
"腾讯 TokenHub","DeepSeek-V4.1-Flash 原厂直供","deepseek/deepseek-flash","deepseek/deepseek-flash","固定性 / 对应版本待确认","deepseek/deepseek-flash","2026-09-22","https://cloud.tencent.com/document/product/1823/132248","official-doc","静态可选","准确渠道调用ID已核对；不可变权重快照待确认。真实权限/调用未验证。"
"腾讯 TokenHub","DeepSeek-V4-Flash 0731 正式版 原厂直供","deepseek/deepseek-v4-flash","deepseek/deepseek-v4-flash","固定性 / 对应版本待确认","deepseek/deepseek-v4-flash","2026-09-22","https://cloud.tencent.com/document/product/1823/132248","official-doc","静态可选","准确渠道调用ID已核对；不可变权重快照待确认。真实权限/调用未验证。"
"腾讯 TokenHub","DeepSeek-V4-Flash 0731 正式版 原厂直供","deepseek/deepseek-v4-flash-0731","deepseek/deepseek-v4-flash-0731","固定性 / 对应版本待确认","deepseek/deepseek-v4-flash-0731","2026-09-22","https://cloud.tencent.com/document/product/1823/132248","official-doc","静态可选","准确渠道调用ID已核对；不可变权重快照待确认。真实权限/调用未验证。"
"腾讯 TokenHub","DeepSeek-V4-Flash-Vision-Exp 原厂直供","deepseek/deepseek-v4-flash-vision-exp","deepseek/deepseek-v4-flash-vision-exp","固定性 / 对应版本待确认","deepseek/deepseek-v4-flash-vision-exp","2026-09-22","https://cloud.tencent.com/document/product/1823/132248","official-doc","静态可选","准确渠道调用ID已核对；不可变权重快照待确认。真实权限/调用未验证。"
"腾讯 TokenHub","DeepSeek-V4-Pro 0813 正式版 原厂直供","deepseek/deepseek-v4-pro","deepseek/deepseek-v4-pro","固定性 / 对应版本待确认","deepseek/deepseek-v4-pro","2026-09-22","https://cloud.tencent.com/document/product/1823/132248","official-doc","静态可选","准确渠道调用ID已核对；不可变权重快照待确认。真实权限/调用未验证。"
"腾讯 TokenHub","DeepSeek-V4-Pro 0813 正式版 原厂直供","deepseek/deepseek-v4-pro-0813","deepseek/deepseek-v4-pro-0813","固定性 / 对应版本待确认","deepseek/deepseek-v4-pro-0813","2026-09-22","https://cloud.tencent.com/document/product/1823/132248","official-doc","静态可选","准确渠道调用ID已核对；不可变权重快照待确认。真实权限/调用未验证。"
"腾讯 TokenHub","GLM-5（2026-10-08下线）","glm-5","glm-5","固定性 / 对应版本待确认","glm-5","2026-09-22","https://cloud.tencent.com/document/product/1823/132061","official-doc","静态可选","准确渠道调用ID已核对；不可变权重快照待确认。真实权限/调用未验证。"
"腾讯 TokenHub","GLM-5-Turbo（2026-10-08下线）","glm-5-turbo","glm-5-turbo","固定性 / 对应版本待确认","glm-5-turbo","2026-09-22","https://cloud.tencent.com/document/product/1823/132061","official-doc","静态可选","准确渠道调用ID已核对；不可变权重快照待确认。真实权限/调用未验证。"
"腾讯 TokenHub","GLM-5.1（2026-10-08下线）","glm-5.1","glm-5.1","固定性 / 对应版本待确认","glm-5.1","2026-09-22","https://cloud.tencent.com/document/product/1823/132061","official-doc","静态可选","准确渠道调用ID已核对；不可变权重快照待确认。真实权限/调用未验证。"
"腾讯 TokenHub","GLM-5.2","glm-5.2","glm-5.2","固定性 / 对应版本待确认","glm-5.2","2026-09-22","https://cloud.tencent.com/document/product/1823/132061","official-doc","静态可选","准确渠道调用ID已核对；不可变权重快照待确认。真实权限/调用未验证。"
"腾讯 TokenHub","GLM-5.3","glm-5.3","glm-5.3","固定性 / 对应版本待确认","glm-5.3","2026-09-22","https://cloud.tencent.com/document/product/1823/132061","official-doc","静态可选","准确渠道调用ID已核对；不可变权重快照待确认。真实权限/调用未验证。"
"腾讯 TokenHub","GLM-5.3-Flash","glm-5.3-flash","glm-5.3-flash","固定性 / 对应版本待确认","glm-5.3-flash","2026-09-22","https://cloud.tencent.com/document/product/1823/132061","official-doc","静态可选","准确渠道调用ID已核对；不可变权重快照待确认。真实权限/调用未验证。"
"腾讯 TokenHub","GLM-5.3-FlashX","glm-5.3-flashx","glm-5.3-flashx","固定性 / 对应版本待确认","glm-5.3-flashx","2026-09-22","https://cloud.tencent.com/document/product/1823/132061","official-doc","静态可选","准确渠道调用ID已核对；不可变权重快照待确认。真实权限/调用未验证。"
"腾讯 TokenHub","GLM-5V-Turbo（2026-10-30下线）","glm-5v-turbo","glm-5v-turbo","固定性 / 对应版本待确认","glm-5v-turbo","2026-09-22","https://cloud.tencent.com/document/product/1823/132061","official-doc","静态可选","准确渠道调用ID已核对；不可变权重快照待确认。真实权限/调用未验证。"
"腾讯 TokenHub","HY-Vision-1.5-Thinking","hunyuan-t1-vision-20250916","hunyuan-t1-vision-20250916","固定性 / 对应版本待确认","hunyuan-t1-vision-20250916","2026-09-22","https://cloud.tencent.com/document/product/1823/136956","official-doc","静态可选","准确渠道调用ID已核对；不可变权重快照待确认。真实权限/调用未验证。"
"腾讯 TokenHub","HyImage 3.0","hy-image-v3","hy-image-v3","滚动别名","3.0","2026-09-22","https://cloud.tencent.com/document/product/1823/135745","exact-id","静态可选","型号版本明确；服务端构建与账户权限未验证。"
"腾讯 TokenHub","hy-image-v3.5-preview","hy-image-v3.5-preview","hy-image-v3.5-preview","固定性 / 对应版本待确认","hy-image-v3.5-preview","2026-09-22","https://cloud.tencent.com/document/product/1823/135745","official-doc","静态可选","准确渠道调用ID已核对；不可变权重快照待确认。真实权限/调用未验证。"
"腾讯 TokenHub","HY-Vision-2.0-Instruct","hy-vision-2.0-instruct","hy-vision-2.0-instruct","固定性 / 对应版本待确认","hy-vision-2.0-instruct","2026-09-22","https://cloud.tencent.com/document/product/1823/136956","official-doc","静态可选","具体渠道 SKU 已确认；未公布不可变权重快照，不以系列名推断固定性。真实调用未验证。"
"腾讯 TokenHub","Hy3","hy3","hy3","固定性 / 对应版本待确认","hy3","2026-09-22","https://cloud.tencent.com/document/product/1823/130079","official-doc","静态可选","具体渠道 SKU 已确认；未公布不可变权重快照，不以系列名推断固定性。真实调用未验证。"
"腾讯 TokenHub","Hy4 preview","hy4-preview","hy4-preview","固定性 / 对应版本待确认","hy4-preview","2026-09-22","https://cloud.tencent.com/document/product/1823/132252","official-doc","静态可选","准确渠道调用ID已核对；不可变权重快照待确认。真实权限/调用未验证。"
"腾讯 TokenHub","Kimi-K2.6","kimi-k2.6","kimi-k2.6","固定性 / 对应版本待确认","kimi-k2.6","2026-09-22","https://cloud.tencent.com/document/product/1823/132232","official-doc","静态可选","准确渠道调用ID已核对；不可变权重快照待确认。真实权限/调用未验证。"
"腾讯 TokenHub","Kimi K2.7 Code","kimi-k2.7-code","kimi-k2.7-code","固定性 / 对应版本待确认","kimi-k2.7-code","2026-09-22","https://cloud.tencent.com/document/product/1823/132232","official-doc","静态可选","准确渠道调用ID已核对；不可变权重快照待确认。真实权限/调用未验证。"
"腾讯 TokenHub","Kimi K2.7 Code HighSpeed","kimi-k2.7-code-highspeed","kimi-k2.7-code-highspeed","固定性 / 对应版本待确认","kimi-k2.7-code-highspeed","2026-09-22","https://cloud.tencent.com/document/product/1823/132232","official-doc","静态可选","准确渠道调用ID已核对；不可变权重快照待确认。真实权限/调用未验证。"
"腾讯 TokenHub","Kimi K2.8 Preview","kimi-k2.8-preview","kimi-k2.8-preview","固定性 / 对应版本待确认","kimi-k2.8-preview","2026-09-22","https://cloud.tencent.com/document/product/1823/132232","official-doc","静态可选","准确渠道调用ID已核对；不可变权重快照待确认。真实权限/调用未验证。"
"腾讯 TokenHub","Kimi K3","kimi-k3","kimi-k3","固定性 / 对应版本待确认","kimi-k3","2026-09-22","https://cloud.tencent.com/document/product/1823/132232","official-doc","静态可选","准确渠道调用ID已核对；不可变权重快照待确认。真实权限/调用未验证。"
"腾讯 TokenHub","MiMo-V2.5-Pro","mimo-v2.5-pro","mimo-v2.5-pro","固定性 / 对应版本待确认","mimo-v2.5-pro","2026-09-22","https://cloud.tencent.com/document/product/1823/130079","official-doc","静态可选","准确渠道调用ID已核对；不可变权重快照待确认。真实权限/调用未验证。"
"腾讯 TokenHub","MiniMax-M2.7","minimax-m2.7","minimax-m2.7","固定性 / 对应版本待确认","minimax-m2.7","2026-09-22","https://cloud.tencent.com/document/product/1823/132246","official-doc","静态可选","准确渠道调用ID已核对；不可变权重快照待确认。真实权限/调用未验证。"
"腾讯 TokenHub","MiniMax-M3","minimax-m3","minimax-m3","固定性 / 对应版本待确认","minimax-m3","2026-09-22","https://cloud.tencent.com/document/product/1823/132246","official-doc","静态可选","准确渠道调用ID已核对；不可变权重快照待确认。真实权限/调用未验证。"
"腾讯 TokenHub","Seedream-image-v5.0-lite","seedream-image-v5.0-lite","seedream-image-v5.0-lite","固定性 / 对应版本待确认","seedream-image-v5.0-lite","2026-09-22","https://cloud.tencent.com/document/product/1823/136609","official-doc","静态可选","准确渠道调用ID已核对；不可变权重快照待确认。真实权限/调用未验证。"
"腾讯 TokenHub","Seedream-image-v5.0-pro","seedream-image-v5.0-pro","seedream-image-v5.0-pro","固定性 / 对应版本待确认","seedream-image-v5.0-pro","2026-09-22","https://cloud.tencent.com/document/product/1823/136609","official-doc","静态可选","准确渠道调用ID已核对；不可变权重快照待确认。真实权限/调用未验证。"
"腾讯 TokenHub","vidu-image-q2","vidu-image-q2","vidu-image-q2","固定性 / 对应版本待确认","vidu-image-q2","2026-09-22","https://cloud.tencent.com/document/product/1823/135746","official-doc","静态可选","准确渠道调用ID已核对；不可变权重快照待确认。真实权限/调用未验证。"
"腾讯 TokenHub","wand-vega-image-flash","wand-vega-image-flash","wand-vega-image-flash","固定性 / 对应版本待确认","wand-vega-image-flash","2026-09-22","https://cloud.tencent.com/document/product/1823/137203","official-doc","静态可选","准确渠道调用ID已核对；不可变权重快照待确认。真实权限/调用未验证。"
"腾讯 TokenHub","wand-vega-image-lite","wand-vega-image-lite","wand-vega-image-lite","固定性 / 对应版本待确认","wand-vega-image-lite","2026-09-22","https://cloud.tencent.com/document/product/1823/137203","official-doc","静态可选","准确渠道调用ID已核对；不可变权重快照待确认。真实权限/调用未验证。"
"腾讯 TokenHub","wand-vega-image-pro","wand-vega-image-pro","wand-vega-image-pro","固定性 / 对应版本待确认","wand-vega-image-pro","2026-09-22","https://cloud.tencent.com/document/product/1823/137203","official-doc","静态可选","准确渠道调用ID已核对；不可变权重快照待确认。真实权限/调用未验证。"
"腾讯 TokenHub","YT-VITA","youtu-vita","youtu-vita","固定性 / 对应版本待确认","youtu-vita","2026-09-22","https://cloud.tencent.com/document/product/1823/136956","official-doc","静态可选","准确渠道调用ID已核对；不可变权重快照待确认。真实权限/调用未验证。"
"阿里云百炼","DeepSeek-r1","deepseek-r1","deepseek-r1","固定性 / 对应版本待确认","deepseek-r1","2026-09-21","https://help.aliyun.com/zh/model-studio/model-pricing","exact-id","静态可选","渠道文档未明确固定快照或滚动指向；不从厂商、发布日期或系列名推断。"
"阿里云百炼","DeepSeek-r1-0528","deepseek-r1-0528","deepseek-r1-0528","固定版本","deepseek-r1-0528","2026-09-21","https://help.aliyun.com/zh/model-studio/newly-released-models","exact-id","静态可选","该渠道具体型号页将此精确 ID 列在快照版本下。"
"阿里云百炼","DeepSeek-r1-distill-llama-70b","deepseek-r1-distill-llama-70b","deepseek-r1-distill-llama-70b","固定性 / 对应版本待确认","deepseek-r1-distill-llama-70b","2026-09-21","https://help.aliyun.com/zh/model-studio/model-pricing","exact-id","静态可选","渠道文档未明确固定快照或滚动指向；不从厂商、发布日期或系列名推断。"
"阿里云百炼","DeepSeek-r1-distill-llama-8b","deepseek-r1-distill-llama-8b","deepseek-r1-distill-llama-8b","固定性 / 对应版本待确认","deepseek-r1-distill-llama-8b","2026-09-21","https://help.aliyun.com/zh/model-studio/model-pricing","exact-id","静态可选","渠道文档未明确固定快照或滚动指向；不从厂商、发布日期或系列名推断。"
"阿里云百炼","DeepSeek-r1-distill-qwen-1.5b","deepseek-r1-distill-qwen-1.5b","deepseek-r1-distill-qwen-1.5b","固定性 / 对应版本待确认","deepseek-r1-distill-qwen-1.5b","2026-09-21","https://help.aliyun.com/zh/model-studio/model-pricing","exact-id","静态可选","渠道文档未明确固定快照或滚动指向；不从厂商、发布日期或系列名推断。"
"阿里云百炼","DeepSeek-r1-distill-qwen-14b","deepseek-r1-distill-qwen-14b","deepseek-r1-distill-qwen-14b","固定性 / 对应版本待确认","deepseek-r1-distill-qwen-14b","2026-09-21","https://help.aliyun.com/zh/model-studio/model-pricing","exact-id","静态可选","渠道文档未明确固定快照或滚动指向；不从厂商、发布日期或系列名推断。"
"阿里云百炼","DeepSeek-r1-distill-qwen-32b","deepseek-r1-distill-qwen-32b","deepseek-r1-distill-qwen-32b","固定性 / 对应版本待确认","deepseek-r1-distill-qwen-32b","2026-09-21","https://help.aliyun.com/zh/model-studio/model-pricing","exact-id","静态可选","渠道文档未明确固定快照或滚动指向；不从厂商、发布日期或系列名推断。"
"阿里云百炼","DeepSeek-r1-distill-qwen-7b","deepseek-r1-distill-qwen-7b","deepseek-r1-distill-qwen-7b","固定性 / 对应版本待确认","deepseek-r1-distill-qwen-7b","2026-09-21","https://help.aliyun.com/zh/model-studio/model-pricing","exact-id","静态可选","渠道文档未明确固定快照或滚动指向；不从厂商、发布日期或系列名推断。"
"阿里云百炼","DeepSeek-V3","deepseek-v3","deepseek-v3","固定性 / 对应版本待确认","deepseek-v3","2026-09-21","https://help.aliyun.com/zh/model-studio/model-pricing","exact-id","静态可选","渠道文档未明确固定快照或滚动指向；不从厂商、发布日期或系列名推断。"
"阿里云百炼","DeepSeek-V3.1","deepseek-v3.1","deepseek-v3.1","固定性 / 对应版本待确认","deepseek-v3.1","2026-09-21","https://help.aliyun.com/zh/model-studio/model-pricing","exact-id","静态可选","渠道文档未明确固定快照或滚动指向；不从厂商、发布日期或系列名推断。"
"阿里云百炼","DeepSeek-V3.2","deepseek-v3.2","deepseek-v3.2","固定性 / 对应版本待确认","deepseek-v3.2","2026-09-21","https://help.aliyun.com/zh/model-studio/deepseek-v4-1-flash","exact-id","静态可选","渠道文档未明确固定快照或滚动指向；不从厂商、发布日期或系列名推断。"
"阿里云百炼","DeepSeek-V3.2-exp","deepseek-v3.2-exp","deepseek-v3.2-exp","固定性 / 对应版本待确认","deepseek-v3.2-exp","2026-09-21","https://help.aliyun.com/zh/model-studio/model-pricing","exact-id","静态可选","渠道文档未明确固定快照或滚动指向；不从厂商、发布日期或系列名推断。"
"阿里云百炼","DeepSeek-V4-Flash（具体版本待确认）","deepseek-v4-flash","deepseek-v4-flash","固定性 / 对应版本待确认","deepseek-v4-flash","2026-09-21","https://help.aliyun.com/zh/model-studio/deepseek-api-by-vanchin","exact-id","静态可选","渠道文档未明确固定快照或滚动指向；不从厂商、发布日期或系列名推断。"
"阿里云百炼","DeepSeek-V4-Flash-0731","deepseek-v4-flash-0731","deepseek-v4-flash-0731","固定版本","deepseek-v4-flash-0731","2026-09-21","https://help.aliyun.com/zh/model-studio/deepseek-v4-flash","exact-id","静态可选","该渠道具体型号页将此精确 ID 列在快照版本下。"
"阿里云百炼","DeepSeek-V4-Pro（具体版本待确认）","deepseek-v4-pro","deepseek-v4-pro","固定性 / 对应版本待确认","deepseek-v4-pro","2026-09-21","https://help.aliyun.com/zh/model-studio/deepseek-api-by-vanchin","exact-id","静态可选","渠道单列通用 ID 与 0813 快照；未证明通用 ID 当前指向 0813，不能套用 DeepSeek 直连映射。"
"阿里云百炼","DeepSeek-V4-Pro-0813","deepseek-v4-pro-0813","deepseek-v4-pro-0813","固定版本","deepseek-v4-pro-0813","2026-09-21","https://help.aliyun.com/zh/model-studio/deepseek-v4-pro","exact-id","静态可选","该渠道具体型号页将此精确 ID 列在快照版本下。"
"阿里云百炼","DeepSeek-V4.1-Flash","deepseek-v4.1-flash","deepseek-v4.1-flash","固定性 / 对应版本待确认","deepseek-v4.1-flash","2026-09-21","https://help.aliyun.com/zh/model-studio/deepseek-v4-1-flash","exact-id","静态可选","渠道文档未明确固定快照或滚动指向；不从厂商、发布日期或系列名推断。"
"阿里云百炼","GLM-4.5","glm-4.5","glm-4.5","固定性 / 对应版本待确认","glm-4.5","2026-09-21","https://help.aliyun.com/zh/model-studio/model-pricing","exact-id","静态可选","渠道文档未明确固定快照或滚动指向；不从厂商、发布日期或系列名推断。"
"阿里云百炼","GLM-4.5-air","glm-4.5-air","glm-4.5-air","固定性 / 对应版本待确认","glm-4.5-air","2026-09-21","https://help.aliyun.com/zh/model-studio/model-pricing","exact-id","静态可选","渠道文档未明确固定快照或滚动指向；不从厂商、发布日期或系列名推断。"
"阿里云百炼","GLM-4.7","glm-4.7","glm-4.7","固定性 / 对应版本待确认","glm-4.7","2026-09-21","https://help.aliyun.com/zh/model-studio/model-pricing","exact-id","静态可选","渠道文档未明确固定快照或滚动指向；不从厂商、发布日期或系列名推断。"
"阿里云百炼","GLM-5","glm-5","glm-5","固定性 / 对应版本待确认","glm-5","2026-09-21","https://help.aliyun.com/zh/model-studio/model-pricing","exact-id","静态可选","渠道文档未明确固定快照或滚动指向；不从厂商、发布日期或系列名推断。"
"阿里云百炼","GLM-5.1","glm-5.1","glm-5.1","固定性 / 对应版本待确认","glm-5.1","2026-09-21","https://help.aliyun.com/zh/model-studio/model-pricing","exact-id","静态可选","渠道文档未明确固定快照或滚动指向；不从厂商、发布日期或系列名推断。"
"阿里云百炼","GLM 5.2","glm-5.2","glm-5.2","固定性 / 对应版本待确认","glm-5.2","2026-09-21","https://help.aliyun.com/en/model-studio/models","exact-id","静态可选","渠道文档未明确固定快照或滚动指向；不从厂商、发布日期或系列名推断。"
"阿里云百炼","GLM-5.2-fast-preview","glm-5.2-fast-preview","glm-5.2-fast-preview","固定性 / 对应版本待确认","glm-5.2-fast-preview","2026-09-21","https://help.aliyun.com/zh/model-studio/model-pricing","exact-id","静态可选","渠道文档未明确固定快照或滚动指向；不从厂商、发布日期或系列名推断。"
"阿里云百炼","Kimi-k2-thinking","kimi-k2-thinking","kimi-k2-thinking","固定性 / 对应版本待确认","kimi-k2-thinking","2026-09-21","https://help.aliyun.com/zh/model-studio/model-pricing","exact-id","静态可选","渠道文档未明确固定快照或滚动指向；不从厂商、发布日期或系列名推断。"
"阿里云百炼","Kimi-k2.5","kimi-k2.5","kimi-k2.5","固定性 / 对应版本待确认","kimi-k2.5","2026-09-21","https://help.aliyun.com/zh/model-studio/model-pricing","exact-id","静态可选","渠道文档未明确固定快照或滚动指向；不从厂商、发布日期或系列名推断。"
"阿里云百炼","Kimi-k2.6","kimi-k2.6","kimi-k2.6","固定性 / 对应版本待确认","kimi-k2.6","2026-09-21","https://help.aliyun.com/zh/model-studio/model-pricing","exact-id","静态可选","渠道文档未明确固定快照或滚动指向；不从厂商、发布日期或系列名推断。"
"阿里云百炼","Kimi-k2.7-code","kimi-k2.7-code","kimi-k2.7-code","固定性 / 对应版本待确认","kimi-k2.7-code","2026-09-21","https://help.aliyun.com/zh/model-studio/model-pricing","exact-id","静态可选","渠道文档未明确固定快照或滚动指向；不从厂商、发布日期或系列名推断。"
"阿里云百炼","Kimi K3 (Bailian hosted)","kimi-k3","kimi-k3","固定性 / 对应版本待确认","kimi-k3","2026-09-21","https://help.aliyun.com/zh/model-studio/newly-released-models","exact-id","静态可选","渠道文档未明确固定快照或滚动指向；不从厂商、发布日期或系列名推断。"
"阿里云百炼","Kimi-k2.5","kimi/kimi-k2.5","kimi/kimi-k2.5","固定性 / 对应版本待确认","kimi/kimi-k2.5","2026-09-21","https://help.aliyun.com/zh/model-studio/newly-released-models","exact-id","静态可选","渠道文档未明确固定快照或滚动指向；不从厂商、发布日期或系列名推断。"
"阿里云百炼","Kimi-k2.6","kimi/kimi-k2.6","kimi/kimi-k2.6","固定性 / 对应版本待确认","kimi/kimi-k2.6","2026-09-21","https://help.aliyun.com/zh/model-studio/newly-released-models","exact-id","静态可选","渠道文档未明确固定快照或滚动指向；不从厂商、发布日期或系列名推断。"
"阿里云百炼","Kimi-k2.7-code","kimi/kimi-k2.7-code","kimi/kimi-k2.7-code","固定性 / 对应版本待确认","kimi/kimi-k2.7-code","2026-09-21","https://help.aliyun.com/zh/model-studio/newly-released-models","exact-id","静态可选","渠道文档未明确固定快照或滚动指向；不从厂商、发布日期或系列名推断。"
"阿里云百炼","Kimi-k2.7-code-highspeed","kimi/kimi-k2.7-code-highspeed","kimi/kimi-k2.7-code-highspeed","固定性 / 对应版本待确认","kimi/kimi-k2.7-code-highspeed","2026-09-21","https://help.aliyun.com/zh/model-studio/newly-released-models","exact-id","静态可选","渠道文档未明确固定快照或滚动指向；不从厂商、发布日期或系列名推断。"
"阿里云百炼","Kimi K3","kimi/kimi-k3","kimi/kimi-k3","固定性 / 对应版本待确认","kimi/kimi-k3","2026-09-21","https://help.aliyun.com/en/model-studio/models","exact-id","静态可选","渠道文档未明确固定快照或滚动指向；不从厂商、发布日期或系列名推断。"
"阿里云百炼","kling · kling-v3-image-generation","kling/kling-v3-image-generation","kling/kling-v3-image-generation","固定性 / 对应版本待确认","kling/kling-v3-image-generation","2026-09-21","https://help.aliyun.com/zh/model-studio/model-pricing","exact-id","静态可选","渠道文档未明确固定快照或滚动指向；不从厂商、发布日期或系列名推断。"
"阿里云百炼","kling · kling-v3-omni-image-generation","kling/kling-v3-omni-image-generation","kling/kling-v3-omni-image-generation","固定性 / 对应版本待确认","kling/kling-v3-omni-image-generation","2026-09-21","https://help.aliyun.com/zh/model-studio/model-pricing","exact-id","静态可选","渠道文档未明确固定快照或滚动指向；不从厂商、发布日期或系列名推断。"
"阿里云百炼","MiniMax-M2.1","MiniMax-M2.1","MiniMax-M2.1","固定性 / 对应版本待确认","MiniMax-M2.1","2026-09-21","https://help.aliyun.com/zh/model-studio/model-pricing","exact-id","静态可选","渠道文档未明确固定快照或滚动指向；不从厂商、发布日期或系列名推断。"
"阿里云百炼","MiniMax-M2.5","MiniMax-M2.5","MiniMax-M2.5","固定性 / 对应版本待确认","MiniMax-M2.5","2026-09-21","https://help.aliyun.com/zh/model-studio/model-pricing","exact-id","静态可选","渠道文档未明确固定快照或滚动指向；不从厂商、发布日期或系列名推断。"
"阿里云百炼","MiniMax-M2.1","MiniMax/MiniMax-M2.1","MiniMax/MiniMax-M2.1","固定性 / 对应版本待确认","MiniMax/MiniMax-M2.1","2026-09-21","https://help.aliyun.com/zh/model-studio/model-pricing","exact-id","静态可选","渠道文档未明确固定快照或滚动指向；不从厂商、发布日期或系列名推断。"
"阿里云百炼","MiniMax-M2.5","MiniMax/MiniMax-M2.5","MiniMax/MiniMax-M2.5","固定性 / 对应版本待确认","MiniMax/MiniMax-M2.5","2026-09-21","https://help.aliyun.com/zh/model-studio/model-pricing","exact-id","静态可选","渠道文档未明确固定快照或滚动指向；不从厂商、发布日期或系列名推断。"
"阿里云百炼","MiniMax-M2.7","MiniMax/MiniMax-M2.7","MiniMax/MiniMax-M2.7","固定性 / 对应版本待确认","MiniMax/MiniMax-M2.7","2026-09-21","https://help.aliyun.com/zh/model-studio/model-pricing","exact-id","静态可选","渠道文档未明确固定快照或滚动指向；不从厂商、发布日期或系列名推断。"
"阿里云百炼","MiniMax M3","MiniMax/MiniMax-M3","MiniMax/MiniMax-M3","固定性 / 对应版本待确认","MiniMax/MiniMax-M3","2026-09-21","https://help.aliyun.com/zh/model-studio/model-pricing","exact-id","静态可选","渠道文档未明确固定快照或滚动指向；不从厂商、发布日期或系列名推断。"
"阿里云百炼","Moonshot-Kimi-K2-Instruct","Moonshot-Kimi-K2-Instruct","Moonshot-Kimi-K2-Instruct","固定性 / 对应版本待确认","Moonshot-Kimi-K2-Instruct","2026-09-21","https://help.aliyun.com/zh/model-studio/model-pricing","exact-id","静态可选","渠道文档未明确固定快照或滚动指向；不从厂商、发布日期或系列名推断。"
"阿里云百炼","qvq-max","qvq-max","qvq-max","固定性 / 对应版本待确认","qvq-max","2026-09-21","https://help.aliyun.com/zh/model-studio/model-pricing","exact-id","静态可选","渠道文档未明确固定快照或滚动指向；不从厂商、发布日期或系列名推断。"
"阿里云百炼","qvq-plus","qvq-plus","qvq-plus","固定性 / 对应版本待确认","qvq-plus","2026-09-21","https://help.aliyun.com/zh/model-studio/model-pricing","exact-id","静态可选","渠道文档未明确固定快照或滚动指向；不从厂商、发布日期或系列名推断。"
"阿里云百炼","Qwen-flash","qwen-flash","qwen-flash","固定性 / 对应版本待确认","qwen-flash","2026-09-21","https://help.aliyun.com/zh/model-studio/model-pricing","exact-id","静态可选","渠道文档未明确固定快照或滚动指向；不从厂商、发布日期或系列名推断。"
"阿里云百炼","Qwen-flash-2025-07-28","qwen-flash-2025-07-28","qwen-flash-2025-07-28","固定版本","qwen-flash-2025-07-28","2026-09-21","https://help.aliyun.com/zh/model-studio/newly-released-models","exact-id","静态可选","该渠道具体型号页将此精确 ID 列在快照版本下。"
"阿里云百炼","Qwen-image","qwen-image","qwen-image","固定性 / 对应版本待确认","qwen-image","2026-09-21","https://help.aliyun.com/zh/model-studio/qwen-image-api","exact-id","静态可选","渠道文档未明确固定快照或滚动指向；不从厂商、发布日期或系列名推断。"
"阿里云百炼","Qwen Image 2.0","qwen-image-2.0","qwen-image-2.0","固定性 / 对应版本待确认","qwen-image-2.0","2026-09-21","https://help.aliyun.com/zh/model-studio/model-pricing","exact-id","静态可选","渠道文档未明确固定快照或滚动指向；不从厂商、发布日期或系列名推断。"
"阿里云百炼","Qwen-image-2.0-2026-03-03","qwen-image-2.0-2026-03-03","qwen-image-2.0-2026-03-03","固定版本","qwen-image-2.0-2026-03-03","2026-09-21","https://help.aliyun.com/zh/model-studio/newly-released-models","exact-id","静态可选","该渠道具体型号页将此精确 ID 列在快照版本下。"
"阿里云百炼","Qwen Image 2.0 Pro","qwen-image-2.0-pro","qwen-image-2.0-pro","固定性 / 对应版本待确认","qwen-image-2.0-pro","2026-09-21","https://help.aliyun.com/zh/model-studio/model-pricing","exact-id","静态可选","渠道文档未明确固定快照或滚动指向；不从厂商、发布日期或系列名推断。"
"阿里云百炼","Qwen-image-2.0-pro-2026-03-03","qwen-image-2.0-pro-2026-03-03","qwen-image-2.0-pro-2026-03-03","固定版本","qwen-image-2.0-pro-2026-03-03","2026-09-21","https://help.aliyun.com/zh/model-studio/newly-released-models","exact-id","静态可选","该渠道具体型号页将此精确 ID 列在快照版本下。"
"阿里云百炼","Qwen-image-2.0-pro-2026-04-22","qwen-image-2.0-pro-2026-04-22","qwen-image-2.0-pro-2026-04-22","固定版本","qwen-image-2.0-pro-2026-04-22","2026-09-21","https://help.aliyun.com/zh/model-studio/newly-released-models","exact-id","静态可选","该渠道具体型号页将此精确 ID 列在快照版本下。"
"阿里云百炼","Qwen-image-2.0-pro-2026-06-22","qwen-image-2.0-pro-2026-06-22","qwen-image-2.0-pro-2026-06-22","固定版本","qwen-image-2.0-pro-2026-06-22","2026-09-21","https://help.aliyun.com/zh/model-studio/newly-released-models","exact-id","静态可选","该渠道具体型号页将此精确 ID 列在快照版本下。"
"阿里云百炼","Qwen Image 3.0","qwen-image-3.0","qwen-image-3.0","固定性 / 对应版本待确认","qwen-image-3.0","2026-09-21","https://help.aliyun.com/zh/model-studio/qwen-image-generation-and-editing-api-reference","exact-id","静态可选","渠道文档未明确固定快照或滚动指向；不从厂商、发布日期或系列名推断。"
"阿里云百炼","Qwen Image 3.0 Pro","qwen-image-3.0-pro","qwen-image-3.0-pro","固定性 / 对应版本待确认","qwen-image-3.0-pro","2026-09-21","https://help.aliyun.com/en/model-studio/models","exact-id","静态可选","渠道文档未明确固定快照或滚动指向；不从厂商、发布日期或系列名推断。"
"阿里云百炼","Qwen-image-edit","qwen-image-edit","qwen-image-edit","固定性 / 对应版本待确认","qwen-image-edit","2026-09-21","https://help.aliyun.com/zh/model-studio/qwen-image-edit-api","exact-id","静态可选","渠道文档未明确固定快照或滚动指向；不从厂商、发布日期或系列名推断。"
"阿里云百炼","Qwen-image-edit-max","qwen-image-edit-max","qwen-image-edit-max","固定性 / 对应版本待确认","qwen-image-edit-max","2026-09-21","https://help.aliyun.com/zh/model-studio/qwen-image-edit-api","exact-id","静态可选","渠道文档未明确固定快照或滚动指向；不从厂商、发布日期或系列名推断。"
"阿里云百炼","Qwen-image-edit-max-2026-01-16","qwen-image-edit-max-2026-01-16","qwen-image-edit-max-2026-01-16","固定版本","qwen-image-edit-max-2026-01-16","2026-09-21","https://help.aliyun.com/zh/model-studio/newly-released-models","exact-id","静态可选","该渠道具体型号页将此精确 ID 列在快照版本下。"
"阿里云百炼","Qwen-image-edit-plus","qwen-image-edit-plus","qwen-image-edit-plus","固定性 / 对应版本待确认","qwen-image-edit-plus","2026-09-21","https://help.aliyun.com/zh/model-studio/qwen-image-edit-api","exact-id","静态可选","渠道文档未明确固定快照或滚动指向；不从厂商、发布日期或系列名推断。"
"阿里云百炼","Qwen-image-edit-plus-2025-10-30","qwen-image-edit-plus-2025-10-30","qwen-image-edit-plus-2025-10-30","固定版本","qwen-image-edit-plus-2025-10-30","2026-09-21","https://help.aliyun.com/zh/model-studio/newly-released-models","exact-id","静态可选","该渠道具体型号页将此精确 ID 列在快照版本下。"
"阿里云百炼","Qwen-image-edit-plus-2025-12-15","qwen-image-edit-plus-2025-12-15","qwen-image-edit-plus-2025-12-15","固定版本","qwen-image-edit-plus-2025-12-15","2026-09-21","https://help.aliyun.com/zh/model-studio/newly-released-models","exact-id","静态可选","该渠道具体型号页将此精确 ID 列在快照版本下。"
"阿里云百炼","Qwen-image-max","qwen-image-max","qwen-image-max","固定性 / 对应版本待确认","qwen-image-max","2026-09-21","https://help.aliyun.com/zh/model-studio/qwen-image-api","exact-id","静态可选","渠道文档未明确固定快照或滚动指向；不从厂商、发布日期或系列名推断。"
"阿里云百炼","Qwen-image-max-2025-12-30","qwen-image-max-2025-12-30","qwen-image-max-2025-12-30","固定版本","qwen-image-max-2025-12-30","2026-09-21","https://help.aliyun.com/zh/model-studio/newly-released-models","exact-id","静态可选","该渠道具体型号页将此精确 ID 列在快照版本下。"
"阿里云百炼","Qwen-image-plus","qwen-image-plus","qwen-image-plus","固定性 / 对应版本待确认","qwen-image-plus","2026-09-21","https://help.aliyun.com/zh/model-studio/qwen-image-api","exact-id","静态可选","渠道文档未明确固定快照或滚动指向；不从厂商、发布日期或系列名推断。"
"阿里云百炼","Qwen-image-plus-2026-01-09","qwen-image-plus-2026-01-09","qwen-image-plus-2026-01-09","固定版本","qwen-image-plus-2026-01-09","2026-09-21","https://help.aliyun.com/zh/model-studio/newly-released-models","exact-id","静态可选","该渠道具体型号页将此精确 ID 列在快照版本下。"
"阿里云百炼","Qwen-long","qwen-long","qwen-long","固定性 / 对应版本待确认","qwen-long","2026-09-21","https://help.aliyun.com/zh/model-studio/model-pricing","exact-id","静态可选","渠道文档未明确固定快照或滚动指向；不从厂商、发布日期或系列名推断。"
"阿里云百炼","Qwen-long-2025-01-25","qwen-long-2025-01-25","qwen-long-2025-01-25","固定版本","qwen-long-2025-01-25","2026-09-21","https://help.aliyun.com/zh/model-studio/newly-released-models","exact-id","静态可选","该渠道具体型号页将此精确 ID 列在快照版本下。"
"阿里云百炼","Qwen-long-latest","qwen-long-latest","qwen-long-latest","固定性 / 对应版本待确认","qwen-long-latest","2026-09-21","https://help.aliyun.com/zh/model-studio/model-pricing","exact-id","静态可选","渠道文档未明确固定快照或滚动指向；不从厂商、发布日期或系列名推断。"
"阿里云百炼","Qwen-max","qwen-max","qwen-max","固定性 / 对应版本待确认","qwen-max","2026-09-21","https://help.aliyun.com/zh/model-studio/model-pricing","exact-id","静态可选","渠道文档未明确固定快照或滚动指向；不从厂商、发布日期或系列名推断。"
"阿里云百炼","Qwen-omni-turbo","qwen-omni-turbo","qwen-omni-turbo","固定性 / 对应版本待确认","qwen-omni-turbo","2026-09-21","https://help.aliyun.com/zh/model-studio/model-pricing","exact-id","静态可选","渠道文档未明确固定快照或滚动指向；不从厂商、发布日期或系列名推断。"
"阿里云百炼","Qwen-plus","qwen-plus","qwen-plus","固定性 / 对应版本待确认","qwen-plus","2026-09-21","https://help.aliyun.com/zh/model-studio/model-pricing","exact-id","静态可选","渠道文档未明确固定快照或滚动指向；不从厂商、发布日期或系列名推断。"
"阿里云百炼","Qwen-plus-2025-01-25","qwen-plus-2025-01-25","qwen-plus-2025-01-25","固定版本","qwen-plus-2025-01-25","2026-09-21","https://help.aliyun.com/zh/model-studio/newly-released-models","exact-id","静态可选","该渠道具体型号页将此精确 ID 列在快照版本下。"
"阿里云百炼","Qwen-plus-2025-04-28","qwen-plus-2025-04-28","qwen-plus-2025-04-28","固定版本","qwen-plus-2025-04-28","2026-09-21","https://help.aliyun.com/zh/model-studio/newly-released-models","exact-id","静态可选","该渠道具体型号页将此精确 ID 列在快照版本下。"
"阿里云百炼","Qwen-plus-2025-07-14","qwen-plus-2025-07-14","qwen-plus-2025-07-14","固定版本","qwen-plus-2025-07-14","2026-09-21","https://help.aliyun.com/zh/model-studio/newly-released-models","exact-id","静态可选","该渠道具体型号页将此精确 ID 列在快照版本下。"
"阿里云百炼","Qwen-plus-2025-12-01","qwen-plus-2025-12-01","qwen-plus-2025-12-01","固定版本","qwen-plus-2025-12-01","2026-09-21","https://help.aliyun.com/zh/model-studio/newly-released-models","exact-id","静态可选","该渠道具体型号页将此精确 ID 列在快照版本下。"
"阿里云百炼","Qwen-plus-latest","qwen-plus-latest","qwen-plus-latest","固定性 / 对应版本待确认","qwen-plus-latest","2026-09-21","https://help.aliyun.com/zh/model-studio/model-pricing","exact-id","静态可选","渠道文档未明确固定快照或滚动指向；不从厂商、发布日期或系列名推断。"
"阿里云百炼","Qwen-turbo","qwen-turbo","qwen-turbo","固定性 / 对应版本待确认","qwen-turbo","2026-09-21","https://help.aliyun.com/zh/model-studio/model-pricing","exact-id","静态可选","渠道文档未明确固定快照或滚动指向；不从厂商、发布日期或系列名推断。"
"阿里云百炼","Qwen-vl-max","qwen-vl-max","qwen-vl-max","固定性 / 对应版本待确认","qwen-vl-max","2026-09-21","https://help.aliyun.com/zh/model-studio/model-pricing","exact-id","静态可选","渠道文档未明确固定快照或滚动指向；不从厂商、发布日期或系列名推断。"
"阿里云百炼","Qwen-vl-plus","qwen-vl-plus","qwen-vl-plus","固定性 / 对应版本待确认","qwen-vl-plus","2026-09-21","https://help.aliyun.com/zh/model-studio/model-pricing","exact-id","静态可选","渠道文档未明确固定快照或滚动指向；不从厂商、发布日期或系列名推断。"
"阿里云百炼","Qwen2.5-omni-7b","qwen2.5-omni-7b","qwen2.5-omni-7b","固定性 / 对应版本待确认","qwen2.5-omni-7b","2026-09-21","https://help.aliyun.com/zh/model-studio/model-pricing","exact-id","静态可选","渠道文档未明确固定快照或滚动指向；不从厂商、发布日期或系列名推断。"
"阿里云百炼","Qwen3-14b","qwen3-14b","qwen3-14b","固定性 / 对应版本待确认","qwen3-14b","2026-09-21","https://help.aliyun.com/zh/model-studio/model-pricing","exact-id","静态可选","渠道文档未明确固定快照或滚动指向；不从厂商、发布日期或系列名推断。"
"阿里云百炼","Qwen3-235b-a22b","qwen3-235b-a22b","qwen3-235b-a22b","固定性 / 对应版本待确认","qwen3-235b-a22b","2026-09-21","https://help.aliyun.com/zh/model-studio/model-pricing","exact-id","静态可选","渠道文档未明确固定快照或滚动指向；不从厂商、发布日期或系列名推断。"
"阿里云百炼","Qwen3-235b-a22b-instruct-2507","qwen3-235b-a22b-instruct-2507","qwen3-235b-a22b-instruct-2507","固定版本","qwen3-235b-a22b-instruct-2507","2026-09-21","https://help.aliyun.com/zh/model-studio/newly-released-models","exact-id","静态可选","该渠道具体型号页将此精确 ID 列在快照版本下。"
"阿里云百炼","Qwen3-235b-a22b-thinking-2507","qwen3-235b-a22b-thinking-2507","qwen3-235b-a22b-thinking-2507","固定版本","qwen3-235b-a22b-thinking-2507","2026-09-21","https://help.aliyun.com/zh/model-studio/newly-released-models","exact-id","静态可选","该渠道具体型号页将此精确 ID 列在快照版本下。"
"阿里云百炼","Qwen3-30b-a3b","qwen3-30b-a3b","qwen3-30b-a3b","固定性 / 对应版本待确认","qwen3-30b-a3b","2026-09-21","https://help.aliyun.com/zh/model-studio/model-pricing","exact-id","静态可选","渠道文档未明确固定快照或滚动指向；不从厂商、发布日期或系列名推断。"
"阿里云百炼","Qwen3-30b-a3b-instruct-2507","qwen3-30b-a3b-instruct-2507","qwen3-30b-a3b-instruct-2507","固定版本","qwen3-30b-a3b-instruct-2507","2026-09-21","https://help.aliyun.com/zh/model-studio/newly-released-models","exact-id","静态可选","该渠道具体型号页将此精确 ID 列在快照版本下。"
"阿里云百炼","Qwen3-30b-a3b-thinking-2507","qwen3-30b-a3b-thinking-2507","qwen3-30b-a3b-thinking-2507","固定版本","qwen3-30b-a3b-thinking-2507","2026-09-21","https://help.aliyun.com/zh/model-studio/newly-released-models","exact-id","静态可选","该渠道具体型号页将此精确 ID 列在快照版本下。"
"阿里云百炼","Qwen3-32b","qwen3-32b","qwen3-32b","固定性 / 对应版本待确认","qwen3-32b","2026-09-21","https://help.aliyun.com/zh/model-studio/model-pricing","exact-id","静态可选","渠道文档未明确固定快照或滚动指向；不从厂商、发布日期或系列名推断。"
"阿里云百炼","Qwen3-8b","qwen3-8b","qwen3-8b","固定性 / 对应版本待确认","qwen3-8b","2026-09-21","https://help.aliyun.com/zh/model-studio/model-pricing","exact-id","静态可选","渠道文档未明确固定快照或滚动指向；不从厂商、发布日期或系列名推断。"
"阿里云百炼","Qwen3-coder-30b-a3b-instruct","qwen3-coder-30b-a3b-instruct","qwen3-coder-30b-a3b-instruct","固定性 / 对应版本待确认","qwen3-coder-30b-a3b-instruct","2026-09-21","https://help.aliyun.com/zh/model-studio/model-pricing","exact-id","静态可选","渠道文档未明确固定快照或滚动指向；不从厂商、发布日期或系列名推断。"
"阿里云百炼","Qwen3-coder-480b-a35b-instruct","qwen3-coder-480b-a35b-instruct","qwen3-coder-480b-a35b-instruct","固定性 / 对应版本待确认","qwen3-coder-480b-a35b-instruct","2026-09-21","https://help.aliyun.com/zh/model-studio/model-pricing","exact-id","静态可选","渠道文档未明确固定快照或滚动指向；不从厂商、发布日期或系列名推断。"
"阿里云百炼","Qwen3-coder-flash","qwen3-coder-flash","qwen3-coder-flash","固定性 / 对应版本待确认","qwen3-coder-flash","2026-09-21","https://help.aliyun.com/zh/model-studio/model-pricing","exact-id","静态可选","渠道文档未明确固定快照或滚动指向；不从厂商、发布日期或系列名推断。"
"阿里云百炼","Qwen3-coder-flash-2025-07-28","qwen3-coder-flash-2025-07-28","qwen3-coder-flash-2025-07-28","固定版本","qwen3-coder-flash-2025-07-28","2026-09-21","https://help.aliyun.com/zh/model-studio/newly-released-models","exact-id","静态可选","该渠道具体型号页将此精确 ID 列在快照版本下。"
"阿里云百炼","Qwen3-coder-next","qwen3-coder-next","qwen3-coder-next","固定性 / 对应版本待确认","qwen3-coder-next","2026-09-21","https://help.aliyun.com/zh/model-studio/model-pricing","exact-id","静态可选","渠道文档未明确固定快照或滚动指向；不从厂商、发布日期或系列名推断。"
"阿里云百炼","Qwen3-coder-plus","qwen3-coder-plus","qwen3-coder-plus","固定性 / 对应版本待确认","qwen3-coder-plus","2026-09-21","https://help.aliyun.com/zh/model-studio/model-pricing","exact-id","静态可选","渠道文档未明确固定快照或滚动指向；不从厂商、发布日期或系列名推断。"
"阿里云百炼","Qwen3-coder-plus-2025-07-22","qwen3-coder-plus-2025-07-22","qwen3-coder-plus-2025-07-22","固定版本","qwen3-coder-plus-2025-07-22","2026-09-21","https://help.aliyun.com/zh/model-studio/newly-released-models","exact-id","静态可选","该渠道具体型号页将此精确 ID 列在快照版本下。"
"阿里云百炼","Qwen3-coder-plus-2025-09-23","qwen3-coder-plus-2025-09-23","qwen3-coder-plus-2025-09-23","固定版本","qwen3-coder-plus-2025-09-23","2026-09-21","https://help.aliyun.com/zh/model-studio/newly-released-models","exact-id","静态可选","该渠道具体型号页将此精确 ID 列在快照版本下。"
"阿里云百炼","Qwen3-max","qwen3-max","qwen3-max","固定性 / 对应版本待确认","qwen3-max","2026-09-21","https://help.aliyun.com/zh/model-studio/model-pricing","exact-id","静态可选","渠道文档未明确固定快照或滚动指向；不从厂商、发布日期或系列名推断。"
"阿里云百炼","Qwen3-max-2025-09-23","qwen3-max-2025-09-23","qwen3-max-2025-09-23","固定版本","qwen3-max-2025-09-23","2026-09-21","https://help.aliyun.com/zh/model-studio/newly-released-models","exact-id","静态可选","该渠道具体型号页将此精确 ID 列在快照版本下。"
"阿里云百炼","Qwen3-max-2026-01-23","qwen3-max-2026-01-23","qwen3-max-2026-01-23","固定版本","qwen3-max-2026-01-23","2026-09-21","https://help.aliyun.com/zh/model-studio/newly-released-models","exact-id","静态可选","该渠道具体型号页将此精确 ID 列在快照版本下。"
"阿里云百炼","Qwen3-max-preview","qwen3-max-preview","qwen3-max-preview","固定性 / 对应版本待确认","qwen3-max-preview","2026-09-21","https://help.aliyun.com/zh/model-studio/model-pricing","exact-id","静态可选","渠道文档未明确固定快照或滚动指向；不从厂商、发布日期或系列名推断。"
"阿里云百炼","Qwen3-next-80b-a3b-instruct","qwen3-next-80b-a3b-instruct","qwen3-next-80b-a3b-instruct","固定性 / 对应版本待确认","qwen3-next-80b-a3b-instruct","2026-09-21","https://help.aliyun.com/zh/model-studio/model-pricing","exact-id","静态可选","渠道文档未明确固定快照或滚动指向；不从厂商、发布日期或系列名推断。"
"阿里云百炼","Qwen3-next-80b-a3b-thinking","qwen3-next-80b-a3b-thinking","qwen3-next-80b-a3b-thinking","固定性 / 对应版本待确认","qwen3-next-80b-a3b-thinking","2026-09-21","https://help.aliyun.com/zh/model-studio/model-pricing","exact-id","静态可选","渠道文档未明确固定快照或滚动指向；不从厂商、发布日期或系列名推断。"
"阿里云百炼","Qwen3-omni-flash","qwen3-omni-flash","qwen3-omni-flash","固定性 / 对应版本待确认","qwen3-omni-flash","2026-09-21","https://help.aliyun.com/zh/model-studio/model-pricing","exact-id","静态可选","渠道文档未明确固定快照或滚动指向；不从厂商、发布日期或系列名推断。"
"阿里云百炼","Qwen3-omni-flash-2025-09-15","qwen3-omni-flash-2025-09-15","qwen3-omni-flash-2025-09-15","固定版本","qwen3-omni-flash-2025-09-15","2026-09-21","https://help.aliyun.com/zh/model-studio/newly-released-models","exact-id","静态可选","该渠道具体型号页将此精确 ID 列在快照版本下。"
"阿里云百炼","Qwen3-omni-flash-2025-12-01","qwen3-omni-flash-2025-12-01","qwen3-omni-flash-2025-12-01","固定版本","qwen3-omni-flash-2025-12-01","2026-09-21","https://help.aliyun.com/zh/model-studio/newly-released-models","exact-id","静态可选","该渠道具体型号页将此精确 ID 列在快照版本下。"
"阿里云百炼","Qwen3-vl-flash","qwen3-vl-flash","qwen3-vl-flash","固定性 / 对应版本待确认","qwen3-vl-flash","2026-09-21","https://help.aliyun.com/zh/model-studio/model-pricing","exact-id","静态可选","渠道文档未明确固定快照或滚动指向；不从厂商、发布日期或系列名推断。"
"阿里云百炼","Qwen3.5-122b-a10b","qwen3.5-122b-a10b","qwen3.5-122b-a10b","固定性 / 对应版本待确认","qwen3.5-122b-a10b","2026-09-21","https://help.aliyun.com/zh/model-studio/model-pricing","exact-id","静态可选","渠道文档未明确固定快照或滚动指向；不从厂商、发布日期或系列名推断。"
"阿里云百炼","Qwen3.5-27b","qwen3.5-27b","qwen3.5-27b","固定性 / 对应版本待确认","qwen3.5-27b","2026-09-21","https://help.aliyun.com/zh/model-studio/model-pricing","exact-id","静态可选","渠道文档未明确固定快照或滚动指向；不从厂商、发布日期或系列名推断。"
"阿里云百炼","Qwen3.5-35b-a3b","qwen3.5-35b-a3b","qwen3.5-35b-a3b","固定性 / 对应版本待确认","qwen3.5-35b-a3b","2026-09-21","https://help.aliyun.com/zh/model-studio/model-pricing","exact-id","静态可选","渠道文档未明确固定快照或滚动指向；不从厂商、发布日期或系列名推断。"
"阿里云百炼","Qwen3.5-397b-a17b","qwen3.5-397b-a17b","qwen3.5-397b-a17b","固定性 / 对应版本待确认","qwen3.5-397b-a17b","2026-09-21","https://help.aliyun.com/zh/model-studio/model-pricing","exact-id","静态可选","渠道文档未明确固定快照或滚动指向；不从厂商、发布日期或系列名推断。"
"阿里云百炼","Qwen3.5-flash","qwen3.5-flash","qwen3.5-flash","固定性 / 对应版本待确认","qwen3.5-flash","2026-09-21","https://help.aliyun.com/zh/model-studio/model-pricing","exact-id","静态可选","渠道文档未明确固定快照或滚动指向；不从厂商、发布日期或系列名推断。"
"阿里云百炼","Qwen3.5-flash-2026-02-23","qwen3.5-flash-2026-02-23","qwen3.5-flash-2026-02-23","固定版本","qwen3.5-flash-2026-02-23","2026-09-21","https://help.aliyun.com/zh/model-studio/newly-released-models","exact-id","静态可选","该渠道具体型号页将此精确 ID 列在快照版本下。"
"阿里云百炼","Qwen3.5-omni-flash","qwen3.5-omni-flash","qwen3.5-omni-flash","固定性 / 对应版本待确认","qwen3.5-omni-flash","2026-09-21","https://help.aliyun.com/zh/model-studio/model-pricing","exact-id","静态可选","渠道文档未明确固定快照或滚动指向；不从厂商、发布日期或系列名推断。"
"阿里云百炼","Qwen3.5-omni-flash-2026-03-15","qwen3.5-omni-flash-2026-03-15","qwen3.5-omni-flash-2026-03-15","固定版本","qwen3.5-omni-flash-2026-03-15","2026-09-21","https://help.aliyun.com/zh/model-studio/newly-released-models","exact-id","静态可选","该渠道具体型号页将此精确 ID 列在快照版本下。"
"阿里云百炼","Qwen3.5 Omni Plus","qwen3.5-omni-plus","qwen3.5-omni-plus","固定性 / 对应版本待确认","qwen3.5-omni-plus","2026-09-21","https://help.aliyun.com/zh/model-studio/model-pricing","exact-id","静态可选","渠道文档未明确固定快照或滚动指向；不从厂商、发布日期或系列名推断。"
"阿里云百炼","Qwen3.5-omni-plus-2026-03-15","qwen3.5-omni-plus-2026-03-15","qwen3.5-omni-plus-2026-03-15","固定版本","qwen3.5-omni-plus-2026-03-15","2026-09-21","https://help.aliyun.com/zh/model-studio/newly-released-models","exact-id","静态可选","该渠道具体型号页将此精确 ID 列在快照版本下。"
"阿里云百炼","Qwen3.5-plus","qwen3.5-plus","qwen3.5-plus","固定性 / 对应版本待确认","qwen3.5-plus","2026-09-21","https://help.aliyun.com/zh/model-studio/model-pricing","exact-id","静态可选","渠道文档未明确固定快照或滚动指向；不从厂商、发布日期或系列名推断。"
"阿里云百炼","Qwen3.5-plus-2026-02-15","qwen3.5-plus-2026-02-15","qwen3.5-plus-2026-02-15","固定版本","qwen3.5-plus-2026-02-15","2026-09-21","https://help.aliyun.com/zh/model-studio/newly-released-models","exact-id","静态可选","该渠道具体型号页将此精确 ID 列在快照版本下。"
"阿里云百炼","Qwen3.5-plus-2026-04-20","qwen3.5-plus-2026-04-20","qwen3.5-plus-2026-04-20","固定版本","qwen3.5-plus-2026-04-20","2026-09-21","https://help.aliyun.com/zh/model-studio/newly-released-models","exact-id","静态可选","该渠道具体型号页将此精确 ID 列在快照版本下。"
"阿里云百炼","Qwen3.6-27b","qwen3.6-27b","qwen3.6-27b","固定性 / 对应版本待确认","qwen3.6-27b","2026-09-21","https://help.aliyun.com/zh/model-studio/model-pricing","exact-id","静态可选","渠道文档未明确固定快照或滚动指向；不从厂商、发布日期或系列名推断。"
"阿里云百炼","Qwen3.6-35b-a3b","qwen3.6-35b-a3b","qwen3.6-35b-a3b","固定性 / 对应版本待确认","qwen3.6-35b-a3b","2026-09-21","https://help.aliyun.com/zh/model-studio/model-pricing","exact-id","静态可选","渠道文档未明确固定快照或滚动指向；不从厂商、发布日期或系列名推断。"
"阿里云百炼","Qwen3.6-flash","qwen3.6-flash","qwen3.6-flash","固定性 / 对应版本待确认","qwen3.6-flash","2026-09-21","https://help.aliyun.com/zh/model-studio/model-pricing","exact-id","静态可选","渠道文档未明确固定快照或滚动指向；不从厂商、发布日期或系列名推断。"
"阿里云百炼","Qwen3.6-flash-2026-04-16","qwen3.6-flash-2026-04-16","qwen3.6-flash-2026-04-16","固定版本","qwen3.6-flash-2026-04-16","2026-09-21","https://help.aliyun.com/zh/model-studio/newly-released-models","exact-id","静态可选","该渠道具体型号页将此精确 ID 列在快照版本下。"
"阿里云百炼","Qwen3.6-max-preview","qwen3.6-max-preview","qwen3.6-max-preview","固定性 / 对应版本待确认","qwen3.6-max-preview","2026-09-21","https://help.aliyun.com/zh/model-studio/model-pricing","exact-id","静态可选","渠道文档未明确固定快照或滚动指向；不从厂商、发布日期或系列名推断。"
"阿里云百炼","Qwen3.6-plus","qwen3.6-plus","qwen3.6-plus","固定性 / 对应版本待确认","qwen3.6-plus","2026-09-21","https://help.aliyun.com/zh/model-studio/model-pricing","exact-id","静态可选","渠道文档未明确固定快照或滚动指向；不从厂商、发布日期或系列名推断。"
"阿里云百炼","Qwen3.6-plus-2026-04-02","qwen3.6-plus-2026-04-02","qwen3.6-plus-2026-04-02","固定版本","qwen3.6-plus-2026-04-02","2026-09-21","https://help.aliyun.com/zh/model-studio/newly-released-models","exact-id","静态可选","该渠道具体型号页将此精确 ID 列在快照版本下。"
"阿里云百炼","Qwen3.7 Flash","qwen3.7-flash","qwen3.7-flash","固定性 / 对应版本待确认","qwen3.7-flash","2026-09-21","https://help.aliyun.com/zh/model-studio/model-pricing","exact-id","静态可选","渠道文档未明确固定快照或滚动指向；不从厂商、发布日期或系列名推断。"
"阿里云百炼","Qwen3.7-flash-2026-07-15","qwen3.7-flash-2026-07-15","qwen3.7-flash-2026-07-15","固定版本","qwen3.7-flash-2026-07-15","2026-09-21","https://help.aliyun.com/zh/model-studio/newly-released-models","exact-id","静态可选","该渠道具体型号页将此精确 ID 列在快照版本下。"
"阿里云百炼","Qwen3.7-max","qwen3.7-max","qwen3.7-max","固定性 / 对应版本待确认","qwen3.7-max","2026-09-21","https://help.aliyun.com/zh/model-studio/model-pricing","exact-id","静态可选","渠道文档未明确固定快照或滚动指向；不从厂商、发布日期或系列名推断。"
"阿里云百炼","Qwen3.7-max-2026-05-17","qwen3.7-max-2026-05-17","qwen3.7-max-2026-05-17","固定版本","qwen3.7-max-2026-05-17","2026-09-21","https://help.aliyun.com/zh/model-studio/newly-released-models","exact-id","静态可选","该渠道具体型号页将此精确 ID 列在快照版本下。"
"阿里云百炼","Qwen3.7-max-2026-05-20","qwen3.7-max-2026-05-20","qwen3.7-max-2026-05-20","固定版本","qwen3.7-max-2026-05-20","2026-09-21","https://help.aliyun.com/zh/model-studio/newly-released-models","exact-id","静态可选","该渠道具体型号页将此精确 ID 列在快照版本下。"
"阿里云百炼","Qwen3.7-max-2026-06-08","qwen3.7-max-2026-06-08","qwen3.7-max-2026-06-08","固定版本","qwen3.7-max-2026-06-08","2026-09-21","https://help.aliyun.com/zh/model-studio/newly-released-models","exact-id","静态可选","该渠道具体型号页将此精确 ID 列在快照版本下。"
"阿里云百炼","Qwen3.7-max-preview","qwen3.7-max-preview","qwen3.7-max-preview","固定性 / 对应版本待确认","qwen3.7-max-preview","2026-09-21","https://help.aliyun.com/zh/model-studio/model-pricing","exact-id","静态可选","渠道文档未明确固定快照或滚动指向；不从厂商、发布日期或系列名推断。"
"阿里云百炼","Qwen3.7 Plus","qwen3.7-plus","qwen3.7-plus","固定性 / 对应版本待确认","qwen3.7-plus","2026-09-21","https://help.aliyun.com/en/model-studio/models","exact-id","静态可选","渠道文档未明确固定快照或滚动指向；不从厂商、发布日期或系列名推断。"
"阿里云百炼","Qwen3.7-plus-2026-05-26","qwen3.7-plus-2026-05-26","qwen3.7-plus-2026-05-26","固定版本","qwen3.7-plus-2026-05-26","2026-09-21","https://help.aliyun.com/zh/model-studio/newly-released-models","exact-id","静态可选","该渠道具体型号页将此精确 ID 列在快照版本下。"
"阿里云百炼","Qwen3.8 2.4T A95B","qwen3.8-2.4t-a95b","qwen3.8-2.4t-a95b","固定性 / 对应版本待确认","qwen3.8-2.4t-a95b","2026-09-21","https://help.aliyun.com/zh/model-studio/newly-released-models","exact-id","静态可选","渠道文档未明确固定快照或滚动指向；不从厂商、发布日期或系列名推断。"
"阿里云百炼","Qwen3.8 27B","qwen3.8-27b","qwen3.8-27b","固定性 / 对应版本待确认","qwen3.8-27b","2026-09-21","https://help.aliyun.com/zh/model-studio/newly-released-models","exact-id","静态可选","渠道文档未明确固定快照或滚动指向；不从厂商、发布日期或系列名推断。"
"阿里云百炼","Qwen3.8 Flash","qwen3.8-flash","qwen3.8-flash","固定性 / 对应版本待确认","qwen3.8-flash","2026-09-21","https://help.aliyun.com/zh/model-studio/newly-released-models","exact-id","静态可选","渠道文档未明确固定快照或滚动指向；不从厂商、发布日期或系列名推断。"
"阿里云百炼","Qwen3.8 Max","qwen3.8-max","qwen3.8-max","固定性 / 对应版本待确认","qwen3.8-max","2026-09-21","https://help.aliyun.com/zh/model-studio/newly-released-models","exact-id","静态可选","渠道文档未明确固定快照或滚动指向；不从厂商、发布日期或系列名推断。"
"阿里云百炼","Qwen3.8 Max 0902","qwen3.8-max-0902","qwen3.8-max-0902","固定版本","qwen3.8-max-0902","2026-09-21","https://help.aliyun.com/zh/model-studio/newly-released-models","exact-id","静态可选","该渠道具体型号页将此精确 ID 列在快照版本下。"
"阿里云百炼","qwq-plus","qwq-plus","qwq-plus","固定性 / 对应版本待确认","qwq-plus","2026-09-21","https://help.aliyun.com/zh/model-studio/model-pricing","exact-id","静态可选","渠道文档未明确固定快照或滚动指向；不从厂商、发布日期或系列名推断。"
"阿里云百炼","step-3.7-flash","stepfun/step-3.7-flash","stepfun/step-3.7-flash","固定性 / 对应版本待确认","stepfun/step-3.7-flash","2026-09-21","https://help.aliyun.com/zh/model-studio/model-pricing","exact-id","静态可选","渠道文档未明确固定快照或滚动指向；不从厂商、发布日期或系列名推断。"
"阿里云百炼","unisound-u2","unisound/unisound-u2","unisound/unisound-u2","固定性 / 对应版本待确认","unisound/unisound-u2","2026-09-21","https://help.aliyun.com/zh/model-studio/unisound-u2-by-unisound","exact-id","静态可选","渠道文档未明确固定快照或滚动指向；不从厂商、发布日期或系列名推断。"
"阿里云百炼","vanchin · deepseek-r1","vanchin/deepseek-r1","vanchin/deepseek-r1","固定性 / 对应版本待确认","vanchin/deepseek-r1","2026-09-21","https://help.aliyun.com/zh/model-studio/deepseek-api-by-vanchin","exact-id","静态可选","渠道文档未明确固定快照或滚动指向；不从厂商、发布日期或系列名推断。"
"阿里云百炼","vanchin · deepseek-v3","vanchin/deepseek-v3","vanchin/deepseek-v3","固定性 / 对应版本待确认","vanchin/deepseek-v3","2026-09-21","https://help.aliyun.com/zh/model-studio/deepseek-api-by-vanchin","exact-id","静态可选","渠道文档未明确固定快照或滚动指向；不从厂商、发布日期或系列名推断。"
"阿里云百炼","vanchin · deepseek-v3.1-terminus","vanchin/deepseek-v3.1-terminus","vanchin/deepseek-v3.1-terminus","固定性 / 对应版本待确认","vanchin/deepseek-v3.1-terminus","2026-09-21","https://help.aliyun.com/zh/model-studio/deepseek-api-by-vanchin","exact-id","静态可选","渠道文档未明确固定快照或滚动指向；不从厂商、发布日期或系列名推断。"
"阿里云百炼","vanchin · deepseek-v3.2-think","vanchin/deepseek-v3.2-think","vanchin/deepseek-v3.2-think","固定性 / 对应版本待确认","vanchin/deepseek-v3.2-think","2026-09-21","https://help.aliyun.com/zh/model-studio/deepseek-api-by-vanchin","exact-id","静态可选","渠道文档未明确固定快照或滚动指向；不从厂商、发布日期或系列名推断。"
"阿里云百炼","DeepSeek-V4-Pro · Vanchin（具体版本待确认）","vanchin/deepseek-v4-pro","vanchin/deepseek-v4-pro","固定性 / 对应版本待确认","vanchin/deepseek-v4-pro","2026-09-21","https://help.aliyun.com/zh/model-studio/deepseek-api-by-vanchin","exact-id","静态可选","渠道单列通用 ID 与 0813 快照；未证明通用 ID 当前指向 0813，不能套用 DeepSeek 直连映射。"
"阿里云百炼","DeepSeek-V4-Pro-0813 · Vanchin","vanchin/deepseek-v4-pro-0813","vanchin/deepseek-v4-pro-0813","固定版本","vanchin/deepseek-v4-pro-0813","2026-09-21","https://help.aliyun.com/zh/model-studio/deepseek-v4-pro-by-vanchin","exact-id","静态可选","该渠道具体型号页将此精确 ID 列在快照版本下。"
"阿里云百炼","vidu · vidu-image_reference2image","vidu/vidu-image_reference2image","vidu/vidu-image_reference2image","固定性 / 对应版本待确认","vidu/vidu-image_reference2image","2026-09-21","https://help.aliyun.com/zh/model-studio/model-pricing","exact-id","静态可选","渠道文档未明确固定快照或滚动指向；不从厂商、发布日期或系列名推断。"
"阿里云百炼","vidu · vidu-image-lite_reference2image","vidu/vidu-image-lite_reference2image","vidu/vidu-image-lite_reference2image","固定性 / 对应版本待确认","vidu/vidu-image-lite_reference2image","2026-09-21","https://help.aliyun.com/zh/model-studio/model-pricing","exact-id","静态可选","渠道文档未明确固定快照或滚动指向；不从厂商、发布日期或系列名推断。"
"阿里云百炼","vidu · vidu-image-pro_reference2image","vidu/vidu-image-pro_reference2image","vidu/vidu-image-pro_reference2image","固定性 / 对应版本待确认","vidu/vidu-image-pro_reference2image","2026-09-21","https://help.aliyun.com/zh/model-studio/model-pricing","exact-id","静态可选","渠道文档未明确固定快照或滚动指向；不从厂商、发布日期或系列名推断。"
"阿里云百炼","vidu · viduq2-fast_reference2image","vidu/viduq2-fast_reference2image","vidu/viduq2-fast_reference2image","固定性 / 对应版本待确认","vidu/viduq2-fast_reference2image","2026-09-21","https://help.aliyun.com/zh/model-studio/model-pricing","exact-id","静态可选","渠道文档未明确固定快照或滚动指向；不从厂商、发布日期或系列名推断。"
"阿里云百炼","vidu · viduq2-pro_reference2image","vidu/viduq2-pro_reference2image","vidu/viduq2-pro_reference2image","固定性 / 对应版本待确认","vidu/viduq2-pro_reference2image","2026-09-21","https://help.aliyun.com/zh/model-studio/model-pricing","exact-id","静态可选","渠道文档未明确固定快照或滚动指向；不从厂商、发布日期或系列名推断。"
"阿里云百炼","vidu · viduq3-fast_reference2image","vidu/viduq3-fast_reference2image","vidu/viduq3-fast_reference2image","固定性 / 对应版本待确认","vidu/viduq3-fast_reference2image","2026-09-21","https://help.aliyun.com/zh/model-studio/model-pricing","exact-id","静态可选","渠道文档未明确固定快照或滚动指向；不从厂商、发布日期或系列名推断。"
"阿里云百炼","wan2.2-t2i-flash","wan2.2-t2i-flash","wan2.2-t2i-flash","固定性 / 对应版本待确认","wan2.2-t2i-flash","2026-09-21","https://help.aliyun.com/zh/model-studio/model-pricing","exact-id","静态可选","渠道文档未明确固定快照或滚动指向；不从厂商、发布日期或系列名推断。"
"阿里云百炼","wan2.2-t2i-plus","wan2.2-t2i-plus","wan2.2-t2i-plus","固定性 / 对应版本待确认","wan2.2-t2i-plus","2026-09-21","https://help.aliyun.com/zh/model-studio/model-pricing","exact-id","静态可选","渠道文档未明确固定快照或滚动指向；不从厂商、发布日期或系列名推断。"
"阿里云百炼","wan2.5-i2i-preview","wan2.5-i2i-preview","wan2.5-i2i-preview","固定性 / 对应版本待确认","wan2.5-i2i-preview","2026-09-21","https://help.aliyun.com/zh/model-studio/model-pricing","exact-id","静态可选","渠道文档未明确固定快照或滚动指向；不从厂商、发布日期或系列名推断。"
"阿里云百炼","wan2.5-t2i-preview","wan2.5-t2i-preview","wan2.5-t2i-preview","固定性 / 对应版本待确认","wan2.5-t2i-preview","2026-09-21","https://help.aliyun.com/zh/model-studio/model-pricing","exact-id","静态可选","渠道文档未明确固定快照或滚动指向；不从厂商、发布日期或系列名推断。"
"阿里云百炼","wan2.6-image","wan2.6-image","wan2.6-image","固定性 / 对应版本待确认","wan2.6-image","2026-09-21","https://help.aliyun.com/zh/model-studio/model-pricing","exact-id","静态可选","渠道文档未明确固定快照或滚动指向；不从厂商、发布日期或系列名推断。"
"阿里云百炼","wan2.6-t2i","wan2.6-t2i","wan2.6-t2i","固定性 / 对应版本待确认","wan2.6-t2i","2026-09-21","https://help.aliyun.com/zh/model-studio/model-pricing","exact-id","静态可选","渠道文档未明确固定快照或滚动指向；不从厂商、发布日期或系列名推断。"
"阿里云百炼","Wan 2.7 Image","wan2.7-image","wan2.7-image","固定性 / 对应版本待确认","wan2.7-image","2026-09-21","https://help.aliyun.com/zh/model-studio/model-pricing","exact-id","静态可选","渠道文档未明确固定快照或滚动指向；不从厂商、发布日期或系列名推断。"
"阿里云百炼","Wan 2.7 Image Pro","wan2.7-image-pro","wan2.7-image-pro","固定性 / 对应版本待确认","wan2.7-image-pro","2026-09-21","https://help.aliyun.com/en/model-studio/models","exact-id","静态可选","渠道文档未明确固定快照或滚动指向；不从厂商、发布日期或系列名推断。"
"阿里云百炼","wanx-v1","wanx-v1","wanx-v1","固定性 / 对应版本待确认","wanx-v1","2026-09-21","https://help.aliyun.com/zh/model-studio/model-pricing","exact-id","静态可选","渠道文档未明确固定快照或滚动指向；不从厂商、发布日期或系列名推断。"
"阿里云百炼","wanx2.0-t2i-turbo","wanx2.0-t2i-turbo","wanx2.0-t2i-turbo","固定性 / 对应版本待确认","wanx2.0-t2i-turbo","2026-09-21","https://help.aliyun.com/zh/model-studio/model-pricing","exact-id","静态可选","渠道文档未明确固定快照或滚动指向；不从厂商、发布日期或系列名推断。"
"阿里云百炼","wanx2.1-imageedit","wanx2.1-imageedit","wanx2.1-imageedit","固定性 / 对应版本待确认","wanx2.1-imageedit","2026-09-21","https://help.aliyun.com/zh/model-studio/model-pricing","exact-id","静态可选","渠道文档未明确固定快照或滚动指向；不从厂商、发布日期或系列名推断。"
"阿里云百炼","wanx2.1-t2i-plus","wanx2.1-t2i-plus","wanx2.1-t2i-plus","固定性 / 对应版本待确认","wanx2.1-t2i-plus","2026-09-21","https://help.aliyun.com/zh/model-studio/model-pricing","exact-id","静态可选","渠道文档未明确固定快照或滚动指向；不从厂商、发布日期或系列名推断。"
"阿里云百炼","wanx2.1-t2i-turbo","wanx2.1-t2i-turbo","wanx2.1-t2i-turbo","固定性 / 对应版本待确认","wanx2.1-t2i-turbo","2026-09-21","https://help.aliyun.com/zh/model-studio/model-pricing","exact-id","静态可选","渠道文档未明确固定快照或滚动指向；不从厂商、发布日期或系列名推断。"
"阿里云百炼","mimo-v2.5-pro","xiaomi/mimo-v2.5-pro","xiaomi/mimo-v2.5-pro","固定性 / 对应版本待确认","xiaomi/mimo-v2.5-pro","2026-09-21","https://help.aliyun.com/zh/model-studio/model-pricing","exact-id","静态可选","渠道文档未明确固定快照或滚动指向；不从厂商、发布日期或系列名推断。"
"阿里云百炼","Z-Image Turbo","z-image-turbo","z-image-turbo","固定性 / 对应版本待确认","z-image-turbo","2026-09-21","https://help.aliyun.com/zh/model-studio/model-pricing","exact-id","静态可选","渠道文档未明确固定快照或滚动指向；不从厂商、发布日期或系列名推断。"
"阿里云百炼","GLM-5","ZHIPU/GLM-5","ZHIPU/GLM-5","固定性 / 对应版本待确认","ZHIPU/GLM-5","2026-09-21","https://help.aliyun.com/zh/model-studio/model-pricing","exact-id","静态可选","渠道文档未明确固定快照或滚动指向；不从厂商、发布日期或系列名推断。"
"阿里云百炼","GLM-5.1","ZHIPU/GLM-5.1","ZHIPU/GLM-5.1","固定性 / 对应版本待确认","ZHIPU/GLM-5.1","2026-09-21","https://help.aliyun.com/zh/model-studio/model-pricing","exact-id","静态可选","渠道文档未明确固定快照或滚动指向；不从厂商、发布日期或系列名推断。"
"阿里云百炼","GLM-5.2","ZHIPU/GLM-5.2","ZHIPU/GLM-5.2","固定性 / 对应版本待确认","ZHIPU/GLM-5.2","2026-09-21","https://help.aliyun.com/zh/model-studio/model-pricing","exact-id","静态可选","渠道文档未明确固定快照或滚动指向；不从厂商、发布日期或系列名推断。"
"阿里云百炼","GLM 5.3","ZHIPU/GLM-5.3","ZHIPU/GLM-5.3","固定性 / 对应版本待确认","ZHIPU/GLM-5.3","2026-09-21","https://help.aliyun.com/zh/model-studio/newly-released-models","exact-id","静态可选","渠道文档未明确固定快照或滚动指向；不从厂商、发布日期或系列名推断。"
"阿里云百炼","GLM 5.3 Flash","ZHIPU/GLM-5.3-Flash","ZHIPU/GLM-5.3-Flash","固定性 / 对应版本待确认","ZHIPU/GLM-5.3-Flash","2026-09-21","https://help.aliyun.com/zh/model-studio/newly-released-models","exact-id","静态可选","渠道文档未明确固定快照或滚动指向；不从厂商、发布日期或系列名推断。"
"阿里云百炼","GLM-5.3-FlashX","ZHIPU/GLM-5.3-FlashX","ZHIPU/GLM-5.3-FlashX","固定性 / 对应版本待确认","ZHIPU/GLM-5.3-FlashX","2026-09-21","https://help.aliyun.com/zh/model-studio/model-pricing","exact-id","静态可选","渠道文档未明确固定快照或滚动指向；不从厂商、发布日期或系列名推断。"
"火山方舟","DeepSeek-V4.1-Flash · 260910","deepseek-v4-1-flash-260910","deepseek-v4-1-flash-260910","固定性 / 对应版本待确认","deepseek-v4-1-flash-260910","2026-09-21","https://docs.volcengine.com/docs/ark/model-release-announcement?lang=zh","official-indexed-id","静态可选","从官方发布公告的搜索索引核对精确 ID；直接 HTTP 返回 JS 外壳。此日期型号的固定性承诺仍待确认。"
"火山方舟","DeepSeek-V4-Flash-260425","deepseek-v4-flash-260425","deepseek-v4-flash-260425","固定性 / 对应版本待确认","deepseek-v4-flash-260425","2026-09-21","https://docs.volcengine.com/docs/ark/model-release-announcement?lang=zh","official-indexed-id","静态可选","从官方发布公告的搜索索引核对精确 ID；直接 HTTP 返回 JS 外壳。此日期型号的固定性承诺仍待确认。"
"火山方舟","DeepSeek-V4-Flash-ga-260731","deepseek-v4-flash-ga-260731","deepseek-v4-flash-ga-260731","固定性 / 对应版本待确认","deepseek-v4-flash-ga-260731","2026-09-21","https://docs.volcengine.com/docs/ark/model-release-announcement?lang=zh","official-indexed-id","静态可选","从官方发布公告的搜索索引核对精确 ID；直接 HTTP 返回 JS 外壳。此日期型号的固定性承诺仍待确认。"
"火山方舟","DeepSeek-V4-Pro-260425","deepseek-v4-pro-260425","deepseek-v4-pro-260425","固定性 / 对应版本待确认","deepseek-v4-pro-260425","2026-09-21","https://docs.volcengine.com/docs/ark/model-release-announcement?lang=zh","official-indexed-id","静态可选","从官方发布公告的搜索索引核对精确 ID；直接 HTTP 返回 JS 外壳。此日期型号的固定性承诺仍待确认。"
"火山方舟","DeepSeek-V4-Pro GA · 260813","deepseek-v4-pro-ga-260813","deepseek-v4-pro-ga-260813","固定性 / 对应版本待确认","deepseek-v4-pro-ga-260813","2026-09-21","https://docs.volcengine.com/docs/ark/model-release-announcement?lang=zh","official-indexed-id","静态可选","从官方发布公告的搜索索引核对精确 ID；直接 HTTP 返回 JS 外壳。此日期型号的固定性承诺仍待确认。 未额外把渠道日期 ID 推断为原厂 0813 别名。"
"火山方舟","doubao-1-5-lite-32k-250115","doubao-1-5-lite-32k-250115","doubao-1-5-lite-32k-250115","固定性 / 对应版本待确认","待确认","2026-09-21","https://docs.volcengine.com/docs/82379/1330310","unconfirmed","静态可选","本轮公开来源未能逐字确认此渠道 ID 或页面只返回外壳；保留原配置，版本待确认，不作为下架依据。"
"火山方舟","doubao-1-5-pro-32k-250115","doubao-1-5-pro-32k-250115","doubao-1-5-pro-32k-250115","固定性 / 对应版本待确认","待确认","2026-09-21","https://docs.volcengine.com/docs/82379/1330310","unconfirmed","静态可选","本轮公开来源未能逐字确认此渠道 ID 或页面只返回外壳；保留原配置，版本待确认，不作为下架依据。"
"火山方舟","doubao-1-5-vision-pro-32k-250115","doubao-1-5-vision-pro-32k-250115","doubao-1-5-vision-pro-32k-250115","固定性 / 对应版本待确认","待确认","2026-09-21","https://docs.volcengine.com/docs/82379/1330310","unconfirmed","静态可选","本轮公开来源未能逐字确认此渠道 ID 或页面只返回外壳；保留原配置，版本待确认，不作为下架依据。"
"火山方舟","doubao-seed-1-6-250615","doubao-seed-1-6-250615","doubao-seed-1-6-250615","固定性 / 对应版本待确认","待确认","2026-09-21","https://docs.volcengine.com/docs/82379/1330310","unconfirmed","静态可选","本轮公开来源未能逐字确认此渠道 ID 或页面只返回外壳；保留原配置，版本待确认，不作为下架依据。"
"火山方舟","doubao-seed-1-6-251015","doubao-seed-1-6-251015","doubao-seed-1-6-251015","固定性 / 对应版本待确认","待确认","2026-09-21","https://docs.volcengine.com/docs/82379/1330310","unconfirmed","静态可选","本轮公开来源未能逐字确认此渠道 ID 或页面只返回外壳；保留原配置，版本待确认，不作为下架依据。"
"火山方舟","doubao-seed-1-6-flash-250615","doubao-seed-1-6-flash-250615","doubao-seed-1-6-flash-250615","固定性 / 对应版本待确认","待确认","2026-09-21","https://docs.volcengine.com/docs/82379/1330310","unconfirmed","静态可选","本轮公开来源未能逐字确认此渠道 ID 或页面只返回外壳；保留原配置，版本待确认，不作为下架依据。"
"火山方舟","doubao-seed-1-6-flash-250828","doubao-seed-1-6-flash-250828","doubao-seed-1-6-flash-250828","固定性 / 对应版本待确认","待确认","2026-09-21","https://docs.volcengine.com/docs/82379/1330310","unconfirmed","静态可选","本轮公开来源未能逐字确认此渠道 ID 或页面只返回外壳；保留原配置，版本待确认，不作为下架依据。"
"火山方舟","doubao-seed-1-6-vision-250815","doubao-seed-1-6-vision-250815","doubao-seed-1-6-vision-250815","固定性 / 对应版本待确认","待确认","2026-09-21","https://docs.volcengine.com/docs/82379/1330310","unconfirmed","静态可选","本轮公开来源未能逐字确认此渠道 ID 或页面只返回外壳；保留原配置，版本待确认，不作为下架依据。"
"火山方舟","doubao-seed-1-8-251228","doubao-seed-1-8-251228","doubao-seed-1-8-251228","固定性 / 对应版本待确认","待确认","2026-09-21","https://docs.volcengine.com/docs/82379/1330310","unconfirmed","静态可选","本轮公开来源未能逐字确认此渠道 ID 或页面只返回外壳；保留原配置，版本待确认，不作为下架依据。"
"火山方舟","Doubao Seed 2.0 Code Preview · 260215","doubao-seed-2-0-code-preview-260215","doubao-seed-2-0-code-preview-260215","固定性 / 对应版本待确认","doubao-seed-2-0-code-preview-260215","2026-09-21","https://docs.volcengine.com/docs/ark/model-release-announcement?lang=zh","official-indexed-id","静态可选","从官方发布公告的搜索索引核对精确 ID；直接 HTTP 返回 JS 外壳。此日期型号的固定性承诺仍待确认。"
"火山方舟","Doubao Seed 2.0 Lite · 260215","doubao-seed-2-0-lite-260215","doubao-seed-2-0-lite-260215","固定性 / 对应版本待确认","doubao-seed-2-0-lite-260215","2026-09-21","https://docs.volcengine.com/docs/ark/model-release-announcement?lang=zh","official-indexed-id","静态可选","从官方发布公告的搜索索引核对精确 ID；直接 HTTP 返回 JS 外壳。此日期型号的固定性承诺仍待确认。"
"火山方舟","Doubao Seed 2.0 Lite · 260428","doubao-seed-2-0-lite-260428","doubao-seed-2-0-lite-260428","固定性 / 对应版本待确认","doubao-seed-2-0-lite-260428","2026-09-21","https://docs.volcengine.com/docs/ark/model-release-announcement?lang=zh","official-indexed-id","静态可选","从官方发布公告的搜索索引核对精确 ID；直接 HTTP 返回 JS 外壳。此日期型号的固定性承诺仍待确认。"
"火山方舟","Doubao Seed 2.0 Mini · 260215","doubao-seed-2-0-mini-260215","doubao-seed-2-0-mini-260215","固定性 / 对应版本待确认","doubao-seed-2-0-mini-260215","2026-09-21","https://docs.volcengine.com/docs/ark/model-release-announcement?lang=zh","official-indexed-id","静态可选","从官方发布公告的搜索索引核对精确 ID；直接 HTTP 返回 JS 外壳。此日期型号的固定性承诺仍待确认。"
"火山方舟","Doubao Seed 2.0 Mini · 260428","doubao-seed-2-0-mini-260428","doubao-seed-2-0-mini-260428","固定性 / 对应版本待确认","doubao-seed-2-0-mini-260428","2026-09-21","https://docs.volcengine.com/docs/ark/model-release-announcement?lang=zh","official-indexed-id","静态可选","从官方发布公告的搜索索引核对精确 ID；直接 HTTP 返回 JS 外壳。此日期型号的固定性承诺仍待确认。"
"火山方舟","Doubao Seed 2.0 Pro · 260215","doubao-seed-2-0-pro-260215","doubao-seed-2-0-pro-260215","固定性 / 对应版本待确认","doubao-seed-2-0-pro-260215","2026-09-21","https://docs.volcengine.com/docs/ark/model-release-announcement?lang=zh","official-indexed-id","静态可选","从官方发布公告的搜索索引核对精确 ID；直接 HTTP 返回 JS 外壳。此日期型号的固定性承诺仍待确认。"
"火山方舟","Doubao Seed 2.1 Pro · 260628","doubao-seed-2-1-pro-260628","doubao-seed-2-1-pro-260628","固定性 / 对应版本待确认","doubao-seed-2-1-pro-260628","2026-09-21","https://docs.volcengine.com/docs/ark/model-release-announcement?lang=zh","official-indexed-id","静态可选","从官方发布公告的搜索索引核对精确 ID；直接 HTTP 返回 JS 外壳。此日期型号的固定性承诺仍待确认。"
"火山方舟","doubao-seed-2-1-pro-260915","doubao-seed-2-1-pro-260915","doubao-seed-2-1-pro-260915","固定性 / 对应版本待确认","doubao-seed-2-1-pro-260915","2026-09-21","https://docs.volcengine.com/docs/ark/model-release-announcement?lang=zh","official-indexed-id","静态可选","从官方发布公告的搜索索引核对精确 ID；直接 HTTP 返回 JS 外壳。此日期型号的固定性承诺仍待确认。"
"火山方舟","Doubao Seed 2.1 Turbo · 260628","doubao-seed-2-1-turbo-260628","doubao-seed-2-1-turbo-260628","固定性 / 对应版本待确认","doubao-seed-2-1-turbo-260628","2026-09-21","https://docs.volcengine.com/docs/ark/model-release-announcement?lang=zh","official-indexed-id","静态可选","从官方发布公告的搜索索引核对精确 ID；直接 HTTP 返回 JS 外壳。此日期型号的固定性承诺仍待确认。"
"火山方舟","doubao-seed-code-preview-251028","doubao-seed-code-preview-251028","doubao-seed-code-preview-251028","固定性 / 对应版本待确认","待确认","2026-09-21","https://docs.volcengine.com/docs/82379/1330310","unconfirmed","静态可选","本轮公开来源未能逐字确认此渠道 ID 或页面只返回外壳；保留原配置，版本待确认，不作为下架依据。"
"火山方舟","Doubao Seed Evolving","doubao-seed-evolving","doubao-seed-evolving","滚动别名","待确认","2026-09-21","https://docs.volcengine.com/docs/ark/model-release-announcement?lang=zh","official-indexed-id","静态可选","公告明确每周动态更新、统一 ID 始终获取最新版本；未公布可核验的当前快照 ID。"
"火山方舟","Doubao Seedream 4.0 · 250828","doubao-seedream-4-0-250828","doubao-seedream-4-0-250828","固定性 / 对应版本待确认","待确认","2026-09-21","https://api.volcengine.com/api-docs/view?action=ImageGenerations&serviceCode=ark&version=2024-01-01","unconfirmed","静态可选","本轮公开来源未能逐字确认此渠道 ID 或页面只返回外壳；保留原配置，版本待确认，不作为下架依据。"
"火山方舟","Doubao Seedream 4.5 · 251128","doubao-seedream-4-5-251128","doubao-seedream-4-5-251128","固定性 / 对应版本待确认","待确认","2026-09-21","https://docs.volcengine.com/docs/82379/1824121?lang=zh","unconfirmed","静态可选","本轮公开来源未能逐字确认此渠道 ID 或页面只返回外壳；保留原配置，版本待确认，不作为下架依据。"
"火山方舟","Doubao Seedream 5.0 · 260128","doubao-seedream-5-0-260128","doubao-seedream-5-0-260128","固定性 / 对应版本待确认","待确认","2026-09-21","https://docs.volcengine.com/docs/82379/1824121?lang=zh","unconfirmed","静态可选","本轮公开来源未能逐字确认此渠道 ID 或页面只返回外壳；保留原配置，版本待确认，不作为下架依据。"
"火山方舟","Doubao Seedream 5.0 Pro · 260628","doubao-seedream-5-0-pro-260628","doubao-seedream-5-0-pro-260628","固定性 / 对应版本待确认","doubao-seedream-5-0-pro-260628","2026-09-21","https://docs.volcengine.com/docs/ark/model-release-announcement?lang=zh","official-indexed-id","静态可选","从官方发布公告的搜索索引核对精确 ID；直接 HTTP 返回 JS 外壳。此日期型号的固定性承诺仍待确认。"
"火山方舟","GLM-4-7-251222","glm-4-7-251222","glm-4-7-251222","固定性 / 对应版本待确认","glm-4-7-251222","2026-09-21","https://docs.volcengine.com/docs/ark/model-release-announcement?lang=zh","official-indexed-id","静态可选","从官方发布公告的搜索索引核对精确 ID；直接 HTTP 返回 JS 外壳。此日期型号的固定性承诺仍待确认。"
"火山方舟","GLM 5.2 · 260617","glm-5-2-260617","glm-5-2-260617","固定性 / 对应版本待确认","glm-5-2-260617","2026-09-21","https://docs.volcengine.com/docs/ark/model-release-announcement?lang=zh","official-indexed-id","静态可选","从官方发布公告的搜索索引核对精确 ID；直接 HTTP 返回 JS 外壳。此日期型号的固定性承诺仍待确认。"
"火山方舟","GLM-5-3-flash-260828","glm-5-3-flash-260828","glm-5-3-flash-260828","固定性 / 对应版本待确认","glm-5-3-flash-260828","2026-09-21","https://docs.volcengine.com/docs/ark/model-release-announcement?lang=zh","official-indexed-id","静态可选","从官方发布公告的搜索索引核对精确 ID；直接 HTTP 返回 JS 外壳。此日期型号的固定性承诺仍待确认。"
"深度求索","DeepSeek-V4.1-Flash","deepseek-flash","deepseek-flash","滚动别名","DeepSeek-V4.1-Flash","2026-09-21","https://api-docs.deepseek.com/quick_start/pricing ; https://api-docs.deepseek.com/updates","exact-id","静态可选","官方价格表 MODEL VERSION 与更新日志逐项对应；API ID 保持不变。"
"深度求索","DeepSeek-V4-Flash（具体版本待确认）","deepseek-v4-flash","deepseek-v4-flash","固定性 / 对应版本待确认","deepseek-v4-flash","2026-09-21","https://api-docs.deepseek.com/quick_start/pricing ; https://api-docs.deepseek.com/updates","exact-id","停用身份保留","已停用的历史 ID；上游现有重定向不等于此旧版本仍可选，不改写历史身份。"
"深度求索","DeepSeek-V4-Flash-vision-exp","deepseek-v4-flash-vision-exp","deepseek-v4-flash-vision-exp","固定性 / 对应版本待确认","deepseek-v4-flash-vision-exp","2026-09-21","https://api-docs.deepseek.com/quick_start/pricing ; https://api-docs.deepseek.com/updates","exact-id","停用身份保留","已停用的历史 ID；上游现有重定向不等于此旧版本仍可选，不改写历史身份。"
"深度求索","DeepSeek-V4-Pro-0813","deepseek-v4-pro","deepseek-v4-pro","滚动别名","DeepSeek-V4-Pro-0813","2026-09-21","https://api-docs.deepseek.com/quick_start/pricing ; https://api-docs.deepseek.com/updates","exact-id","静态可选","官方价格表 MODEL VERSION 与更新日志逐项对应；API ID 保持不变。"
"Kimi","Kimi K2.6","kimi-k2.6","kimi-k2.6","固定性 / 对应版本待确认","kimi-k2.6","2026-09-21","https://platform.kimi.com/docs/get-api-key","exact-id","静态可选","渠道文档未明确固定快照或滚动指向；不从厂商、发布日期或系列名推断。"
"Kimi","Kimi K2.7 Code","kimi-k2.7-code","kimi-k2.7-code","固定性 / 对应版本待确认","kimi-k2.7-code","2026-09-21","https://platform.kimi.com/docs/models","exact-id","静态可选","渠道文档未明确固定快照或滚动指向；不从厂商、发布日期或系列名推断。"
"Kimi","Kimi K2.7 Code Highspeed","kimi-k2.7-code-highspeed","kimi-k2.7-code-highspeed","固定性 / 对应版本待确认","kimi-k2.7-code-highspeed","2026-09-21","https://platform.kimi.com/docs/get-api-key","exact-id","静态可选","渠道文档未明确固定快照或滚动指向；不从厂商、发布日期或系列名推断。"
"Kimi","Kimi K3","kimi-k3","kimi-k3","固定性 / 对应版本待确认","kimi-k3","2026-09-21","https://platform.kimi.com/docs/get-api-key","exact-id","静态可选","渠道文档未明确固定快照或滚动指向；不从厂商、发布日期或系列名推断。"
"智谱","cogview-3-flash","cogview-3-flash","cogview-3-flash","固定性 / 对应版本待确认","cogview-3-flash","2026-09-21","https://docs.bigmodel.cn/cn/guide/start/model-overview","exact-id","静态可选","渠道文档未明确固定快照或滚动指向；不从厂商、发布日期或系列名推断。"
"智谱","cogview-4","cogview-4","cogview-4","固定性 / 对应版本待确认","cogview-4","2026-09-21","https://docs.bigmodel.cn/cn/guide/start/model-overview","exact-id","静态可选","渠道文档未明确固定快照或滚动指向；不从厂商、发布日期或系列名推断。"
"智谱","cogview-4-250304","cogview-4-250304","cogview-4-250304","固定性 / 对应版本待确认","cogview-4-250304","2026-09-21","https://docs.bigmodel.cn/cn/guide/models/image-generation/cogview-4","exact-id","静态可选","渠道文档未明确固定快照或滚动指向；不从厂商、发布日期或系列名推断。"
"智谱","GLM-4-flash-250414","glm-4-flash-250414","glm-4-flash-250414","固定性 / 对应版本待确认","glm-4-flash-250414","2026-09-21","https://docs.bigmodel.cn/cn/guide/start/model-overview","exact-id","静态可选","渠道文档未明确固定快照或滚动指向；不从厂商、发布日期或系列名推断。"
"智谱","GLM-4-flashx-250414","glm-4-flashx-250414","glm-4-flashx-250414","固定性 / 对应版本待确认","glm-4-flashx-250414","2026-09-21","https://docs.bigmodel.cn/cn/guide/start/model-overview","exact-id","静态可选","渠道文档未明确固定快照或滚动指向；不从厂商、发布日期或系列名推断。"
"智谱","GLM-4-long","glm-4-long","glm-4-long","固定性 / 对应版本待确认","glm-4-long","2026-09-21","https://docs.bigmodel.cn/cn/guide/start/model-overview","exact-id","静态可选","渠道文档未明确固定快照或滚动指向；不从厂商、发布日期或系列名推断。"
"智谱","GLM-4.1v-thinking-flash","glm-4.1v-thinking-flash","glm-4.1v-thinking-flash","固定性 / 对应版本待确认","glm-4.1v-thinking-flash","2026-09-21","https://docs.bigmodel.cn/cn/guide/start/model-overview","exact-id","静态可选","渠道文档未明确固定快照或滚动指向；不从厂商、发布日期或系列名推断。"
"智谱","GLM-4.1v-thinking-flashx","glm-4.1v-thinking-flashx","glm-4.1v-thinking-flashx","固定性 / 对应版本待确认","glm-4.1v-thinking-flashx","2026-09-21","https://docs.bigmodel.cn/cn/guide/start/model-overview","exact-id","静态可选","渠道文档未明确固定快照或滚动指向；不从厂商、发布日期或系列名推断。"
"智谱","GLM-4.5-air","glm-4.5-air","glm-4.5-air","固定性 / 对应版本待确认","glm-4.5-air","2026-09-21","https://docs.bigmodel.cn/cn/guide/start/model-overview","exact-id","静态可选","渠道文档未明确固定快照或滚动指向；不从厂商、发布日期或系列名推断。"
"智谱","GLM-4.5-airx","glm-4.5-airx","glm-4.5-airx","固定性 / 对应版本待确认","glm-4.5-airx","2026-09-21","https://docs.bigmodel.cn/cn/guide/start/model-overview","exact-id","静态可选","渠道文档未明确固定快照或滚动指向；不从厂商、发布日期或系列名推断。"
"智谱","GLM-4.5-flash","glm-4.5-flash","glm-4.5-flash","固定性 / 对应版本待确认","glm-4.5-flash","2026-09-21","https://docs.bigmodel.cn/cn/guide/start/model-overview","exact-id","静态可选","渠道文档未明确固定快照或滚动指向；不从厂商、发布日期或系列名推断。"
"智谱","GLM-4.6","glm-4.6","glm-4.6","固定性 / 对应版本待确认","glm-4.6","2026-09-21","https://docs.bigmodel.cn/cn/guide/start/model-overview","exact-id","静态可选","渠道文档未明确固定快照或滚动指向；不从厂商、发布日期或系列名推断。"
"智谱","GLM-4.6v","glm-4.6v","glm-4.6v","固定性 / 对应版本待确认","glm-4.6v","2026-09-21","https://docs.bigmodel.cn/cn/guide/start/model-overview","exact-id","静态可选","渠道文档未明确固定快照或滚动指向；不从厂商、发布日期或系列名推断。"
"智谱","GLM-4.6v-flash","glm-4.6v-flash","glm-4.6v-flash","固定性 / 对应版本待确认","glm-4.6v-flash","2026-09-21","https://docs.bigmodel.cn/cn/guide/start/model-overview","exact-id","静态可选","渠道文档未明确固定快照或滚动指向；不从厂商、发布日期或系列名推断。"
"智谱","GLM-4.6v-flashx","glm-4.6v-flashx","glm-4.6v-flashx","固定性 / 对应版本待确认","glm-4.6v-flashx","2026-09-21","https://docs.bigmodel.cn/cn/guide/models/vlm/glm-4.6v","exact-id","静态可选","渠道文档未明确固定快照或滚动指向；不从厂商、发布日期或系列名推断。"
"智谱","GLM-4.7","glm-4.7","glm-4.7","固定性 / 对应版本待确认","glm-4.7","2026-09-21","https://docs.bigmodel.cn/cn/guide/start/model-overview","exact-id","静态可选","渠道文档未明确固定快照或滚动指向；不从厂商、发布日期或系列名推断。"
"智谱","GLM-4.7-flash","glm-4.7-flash","glm-4.7-flash","固定性 / 对应版本待确认","glm-4.7-flash","2026-09-21","https://docs.bigmodel.cn/cn/guide/start/model-overview","exact-id","静态可选","渠道文档未明确固定快照或滚动指向；不从厂商、发布日期或系列名推断。"
"智谱","GLM-4.7-flashx","glm-4.7-flashx","glm-4.7-flashx","固定性 / 对应版本待确认","glm-4.7-flashx","2026-09-21","https://docs.bigmodel.cn/cn/guide/start/model-overview","exact-id","静态可选","渠道文档未明确固定快照或滚动指向；不从厂商、发布日期或系列名推断。"
"智谱","GLM-4v-flash","glm-4v-flash","glm-4v-flash","固定性 / 对应版本待确认","glm-4v-flash","2026-09-21","https://docs.bigmodel.cn/cn/guide/start/model-overview","exact-id","静态可选","渠道文档未明确固定快照或滚动指向；不从厂商、发布日期或系列名推断。"
"智谱","GLM-5","glm-5","glm-5","固定性 / 对应版本待确认","glm-5","2026-09-21","https://docs.bigmodel.cn/cn/guide/start/model-overview","exact-id","静态可选","渠道文档未明确固定快照或滚动指向；不从厂商、发布日期或系列名推断。"
"智谱","GLM-5-turbo","glm-5-turbo","glm-5-turbo","固定性 / 对应版本待确认","glm-5-turbo","2026-09-21","https://docs.bigmodel.cn/cn/guide/start/model-overview","exact-id","静态可选","渠道文档未明确固定快照或滚动指向；不从厂商、发布日期或系列名推断。"
"智谱","GLM-5.1","glm-5.1","glm-5.1","固定性 / 对应版本待确认","glm-5.1","2026-09-21","https://docs.bigmodel.cn/cn/guide/start/model-overview","exact-id","静态可选","渠道文档未明确固定快照或滚动指向；不从厂商、发布日期或系列名推断。"
"智谱","GLM 5.2","glm-5.2","glm-5.2","固定性 / 对应版本待确认","glm-5.2","2026-09-21","https://docs.bigmodel.cn/cn/guide/start/model-overview","exact-id","静态可选","渠道文档未明确固定快照或滚动指向；不从厂商、发布日期或系列名推断。"
"智谱","GLM-5.3","glm-5.3","glm-5.3","固定性 / 对应版本待确认","glm-5.3","2026-09-21","https://docs.bigmodel.cn/cn/guide/start/model-overview","exact-id","静态可选","渠道文档未明确固定快照或滚动指向；不从厂商、发布日期或系列名推断。"
"智谱","GLM-5.3-flash","glm-5.3-flash","glm-5.3-flash","固定性 / 对应版本待确认","glm-5.3-flash","2026-09-21","https://docs.bigmodel.cn/cn/guide/start/model-overview","exact-id","静态可选","渠道文档未明确固定快照或滚动指向；不从厂商、发布日期或系列名推断。"
"智谱","GLM-5.3-flashx","glm-5.3-flashx","glm-5.3-flashx","固定性 / 对应版本待确认","glm-5.3-flashx","2026-09-21","https://docs.bigmodel.cn/cn/guide/models/vlm/glm-5.3-flash","exact-id","静态可选","渠道文档未明确固定快照或滚动指向；不从厂商、发布日期或系列名推断。"
"智谱","GLM 5V Turbo","glm-5v-turbo","glm-5v-turbo","固定性 / 对应版本待确认","glm-5v-turbo","2026-09-21","https://docs.bigmodel.cn/cn/guide/start/model-overview","exact-id","静态可选","渠道文档未明确固定快照或滚动指向；不从厂商、发布日期或系列名推断。"
"智谱","GLM Image","glm-image","glm-image","固定性 / 对应版本待确认","glm-image","2026-09-21","https://docs.bigmodel.cn/cn/guide/start/model-overview","exact-id","静态可选","渠道文档未明确固定快照或滚动指向；不从厂商、发布日期或系列名推断。"
"MiniMax","MiniMax Image-01","image-01","image-01","固定性 / 对应版本待确认","image-01","2026-09-21","https://platform.minimax.io/docs/api-reference/image-generation-t2i","exact-id","静态可选","渠道文档未明确固定快照或滚动指向；不从厂商、发布日期或系列名推断。"
"MiniMax","MiniMax Image-01 Live","image-01-live","image-01-live","固定性 / 对应版本待确认","image-01-live","2026-09-21","https://platform.minimaxi.com/docs/api-reference/image-generation-t2i","exact-id","静态可选","渠道文档未明确固定快照或滚动指向；不从厂商、发布日期或系列名推断。"
"MiniMax","MiniMax M2","MiniMax-M2","MiniMax-M2","固定性 / 对应版本待确认","MiniMax-M2","2026-09-21","https://platform.minimax.io/docs/api-reference/text-openai-api","exact-id","静态可选","渠道文档未明确固定快照或滚动指向；不从厂商、发布日期或系列名推断。"
"MiniMax","MiniMax M2.1","MiniMax-M2.1","MiniMax-M2.1","固定性 / 对应版本待确认","MiniMax-M2.1","2026-09-21","https://platform.minimax.io/docs/api-reference/text-openai-api","exact-id","静态可选","渠道文档未明确固定快照或滚动指向；不从厂商、发布日期或系列名推断。"
"MiniMax","MiniMax M2.1-highspeed","MiniMax-M2.1-highspeed","MiniMax-M2.1-highspeed","固定性 / 对应版本待确认","MiniMax-M2.1-highspeed","2026-09-21","https://platform.minimax.io/docs/api-reference/text-openai-api","exact-id","静态可选","渠道文档未明确固定快照或滚动指向；不从厂商、发布日期或系列名推断。"
"MiniMax","MiniMax M2.5","MiniMax-M2.5","MiniMax-M2.5","固定性 / 对应版本待确认","MiniMax-M2.5","2026-09-21","https://platform.minimax.io/docs/api-reference/text-openai-api","exact-id","静态可选","渠道文档未明确固定快照或滚动指向；不从厂商、发布日期或系列名推断。"
"MiniMax","MiniMax M2.5-highspeed","MiniMax-M2.5-highspeed","MiniMax-M2.5-highspeed","固定性 / 对应版本待确认","MiniMax-M2.5-highspeed","2026-09-21","https://platform.minimax.io/docs/api-reference/text-openai-api","exact-id","静态可选","渠道文档未明确固定快照或滚动指向；不从厂商、发布日期或系列名推断。"
"MiniMax","MiniMax M2.7","MiniMax-M2.7","MiniMax-M2.7","固定性 / 对应版本待确认","MiniMax-M2.7","2026-09-21","https://platform.minimax.io/docs/api-reference/text-openai-api","exact-id","静态可选","渠道文档未明确固定快照或滚动指向；不从厂商、发布日期或系列名推断。"
"MiniMax","MiniMax M2.7-highspeed","MiniMax-M2.7-highspeed","MiniMax-M2.7-highspeed","固定性 / 对应版本待确认","MiniMax-M2.7-highspeed","2026-09-21","https://platform.minimax.io/docs/api-reference/text-openai-api","exact-id","静态可选","渠道文档未明确固定快照或滚动指向；不从厂商、发布日期或系列名推断。"
"MiniMax","MiniMax M3","MiniMax-M3","MiniMax-M3","固定性 / 对应版本待确认","MiniMax-M3","2026-09-21","https://platform.minimax.io/docs/api-reference/text-openai-api","exact-id","静态可选","渠道文档未明确固定快照或滚动指向；不从厂商、发布日期或系列名推断。"
"小米 MiMo","MiMo-v2.5","mimo-v2.5","mimo-v2.5","固定性 / 对应版本待确认","mimo-v2.5","2026-09-22","https://mimo.mi.com/docs/zh-CN/quick-start/summary/model","official-doc","静态可选","准确渠道调用ID已核对；不可变权重快照待确认。真实权限/调用未验证。"
"小米 MiMo","MiMo-v2.5-pro","mimo-v2.5-pro","mimo-v2.5-pro","固定性 / 对应版本待确认","mimo-v2.5-pro","2026-09-22","https://mimo.mi.com/docs/zh-CN/quick-start/summary/model","official-doc","静态可选","准确渠道调用ID已核对；不可变权重快照待确认。真实权限/调用未验证。"
"小米 MiMo","MiMo-V2.6-Flash","mimo-v2.6-flash","mimo-v2.6-flash","固定性 / 对应版本待确认","mimo-v2.6-flash","2026-09-22","https://mimo.mi.com/docs/en-US/api/chat/openai-api","official-doc","静态可选","具体渠道 SKU 已确认；未公布不可变权重快照，不以系列名推断固定性。真实调用未验证。"
"小米 MiMo","MiMo-V2.6-Pro","mimo-v2.6-pro","mimo-v2.6-pro","固定性 / 对应版本待确认","mimo-v2.6-pro","2026-09-22","https://mimo.mi.com/docs/en-US/api/chat/openai-api","official-doc","静态可选","具体渠道 SKU 已确认；未公布不可变权重快照，不以系列名推断固定性。真实调用未验证。"
"Google","Gemini 2.5 Flash","gemini-2.5-flash","gemini-2.5-flash","固定版本","gemini-2.5-flash","2026-09-21","https://ai.google.dev/gemini-api/docs/models ; https://ai.google.dev/gemini-api/docs/models#model-versions","exact-id","静态可选","按 Google 稳定型号命名规则，此 ID 指定该稳定型号；官方表述为通常不变，不宣称权重哈希不可变。"
"Google","Gemini 2.5 Flash Image · Nano Banana","gemini-2.5-flash-image","gemini-2.5-flash-image","固定版本","gemini-2.5-flash-image","2026-09-21","https://ai.google.dev/gemini-api/docs/models ; https://ai.google.dev/gemini-api/docs/models#model-versions","exact-id","静态可选","按 Google 稳定型号命名规则，此 ID 指定该稳定型号；官方表述为通常不变，不宣称权重哈希不可变。"
"Google","Gemini 2.5 Flash-Lite","gemini-2.5-flash-lite","gemini-2.5-flash-lite","固定版本","gemini-2.5-flash-lite","2026-09-21","https://ai.google.dev/gemini-api/docs/models ; https://ai.google.dev/gemini-api/docs/models#model-versions","exact-id","静态可选","按 Google 稳定型号命名规则，此 ID 指定该稳定型号；官方表述为通常不变，不宣称权重哈希不可变。"
"Google","Gemini 2.5 Pro","gemini-2.5-pro","gemini-2.5-pro","固定版本","gemini-2.5-pro","2026-09-21","https://ai.google.dev/gemini-api/docs/models ; https://ai.google.dev/gemini-api/docs/models#model-versions","exact-id","静态可选","按 Google 稳定型号命名规则，此 ID 指定该稳定型号；官方表述为通常不变，不宣称权重哈希不可变。"
"Google","Gemini 3 Flash Preview","gemini-3-flash-preview","gemini-3-flash-preview","固定性 / 对应版本待确认","gemini-3-flash-preview","2026-09-21","https://ai.google.dev/gemini-api/docs/models ; https://ai.google.dev/gemini-api/docs/models#model-versions","exact-id","静态可选","已确认具体 preview ID；预览版本的不可变性未承诺。"
"Google","Gemini 3 Pro Image · Nano Banana Pro","gemini-3-pro-image","gemini-3-pro-image","固定版本","gemini-3-pro-image","2026-09-21","https://ai.google.dev/gemini-api/docs/models ; https://ai.google.dev/gemini-api/docs/models#model-versions","exact-id","静态可选","按 Google 稳定型号命名规则，此 ID 指定该稳定型号；官方表述为通常不变，不宣称权重哈希不可变。"
"Google","Gemini 3.1 Flash Image · Nano Banana 2","gemini-3.1-flash-image","gemini-3.1-flash-image","固定版本","gemini-3.1-flash-image","2026-09-21","https://ai.google.dev/gemini-api/docs/models ; https://ai.google.dev/gemini-api/docs/models#model-versions","exact-id","静态可选","按 Google 稳定型号命名规则，此 ID 指定该稳定型号；官方表述为通常不变，不宣称权重哈希不可变。"
"Google","Gemini 3.1 Flash-Lite","gemini-3.1-flash-lite","gemini-3.1-flash-lite","固定版本","gemini-3.1-flash-lite","2026-09-21","https://ai.google.dev/gemini-api/docs/models ; https://ai.google.dev/gemini-api/docs/models#model-versions","exact-id","静态可选","按 Google 稳定型号命名规则，此 ID 指定该稳定型号；官方表述为通常不变，不宣称权重哈希不可变。"
"Google","Gemini 3.1 Flash Lite Image · Nano Banana 2 Lite","gemini-3.1-flash-lite-image","gemini-3.1-flash-lite-image","固定版本","gemini-3.1-flash-lite-image","2026-09-21","https://ai.google.dev/gemini-api/docs/models ; https://ai.google.dev/gemini-api/docs/models#model-versions","exact-id","静态可选","按 Google 稳定型号命名规则，此 ID 指定该稳定型号；官方表述为通常不变，不宣称权重哈希不可变。"
"Google","Gemini 3.1 Pro Preview","gemini-3.1-pro-preview","gemini-3.1-pro-preview","固定性 / 对应版本待确认","gemini-3.1-pro-preview","2026-09-21","https://ai.google.dev/gemini-api/docs/models ; https://ai.google.dev/gemini-api/docs/models#model-versions","exact-id","静态可选","已确认具体 preview ID；预览版本的不可变性未承诺。"
"Google","Gemini 3.5 Flash","gemini-3.5-flash","gemini-3.5-flash","固定版本","gemini-3.5-flash","2026-09-21","https://ai.google.dev/gemini-api/docs/models ; https://ai.google.dev/gemini-api/docs/models#model-versions","exact-id","静态可选","按 Google 稳定型号命名规则，此 ID 指定该稳定型号；官方表述为通常不变，不宣称权重哈希不可变。"
"Google","Gemini 3.5 Flash-Lite","gemini-3.5-flash-lite","gemini-3.5-flash-lite","固定版本","gemini-3.5-flash-lite","2026-09-21","https://ai.google.dev/gemini-api/docs/models ; https://ai.google.dev/gemini-api/docs/models#model-versions","exact-id","静态可选","按 Google 稳定型号命名规则，此 ID 指定该稳定型号；官方表述为通常不变，不宣称权重哈希不可变。"
"Google","Gemini 3.6 Flash","gemini-3.6-flash","gemini-3.6-flash","固定版本","gemini-3.6-flash","2026-09-21","https://ai.google.dev/gemini-api/docs/models ; https://ai.google.dev/gemini-api/docs/models#model-versions","exact-id","静态可选","按 Google 稳定型号命名规则，此 ID 指定该稳定型号；官方表述为通常不变，不宣称权重哈希不可变。"
"Google","Gemini 3.7 Flash","gemini-3.7-flash","gemini-3.7-flash","固定版本","gemini-3.7-flash","2026-09-21","https://ai.google.dev/gemini-api/docs/models ; https://ai.google.dev/gemini-api/docs/models#model-versions","exact-id","静态可选","按 Google 稳定型号命名规则，此 ID 指定该稳定型号；官方表述为通常不变，不宣称权重哈希不可变。"
"Google","Gemini 3.8 Flash","gemini-3.8-flash","gemini-3.8-flash","固定版本","gemini-3.8-flash","2026-09-21","https://ai.google.dev/gemini-api/docs/models/gemini-3.8-flash ; https://ai.google.dev/gemini-api/docs/models#model-versions","exact-id","静态可选","按 Google 稳定型号命名规则，此 ID 指定该稳定型号；官方表述为通常不变，不宣称权重哈希不可变。"
"OpenAI","chat-latest","chat-latest","chat-latest","滚动别名","待确认","2026-09-21","https://developers.openai.com/api/docs/models/chat-latest.md","exact-id","静态可选","官方说明此别名定期更新；页面未给出可确认的具体当前快照。"
"OpenAI","chatgpt-image-latest","chatgpt-image-latest","chatgpt-image-latest","滚动别名","待确认","2026-09-21","https://developers.openai.com/api/docs/models/chatgpt-image-latest.md","exact-id","静态可选","官方说明此别名定期更新；页面未给出可确认的具体当前快照。"
"OpenAI","GPT-3.5-turbo · 0125","gpt-3.5-turbo","gpt-3.5-turbo","滚动别名","gpt-3.5-turbo-0125","2026-09-21","https://developers.openai.com/api/docs/models/gpt-3.5-turbo.md","exact-id","静态可选","别名的当前版本取自该型号页面的 Default snapshot 字段，未取最新发布日期。"
"OpenAI","GPT-3.5-turbo-0125","gpt-3.5-turbo-0125","gpt-3.5-turbo-0125","固定版本","gpt-3.5-turbo-0125","2026-09-21","https://developers.openai.com/api/docs/models/gpt-3.5-turbo.md","exact-id","静态可选","该精确 ID 列于该模型的官方 Snapshots 表。"
"OpenAI","GPT-3.5-turbo-1106","gpt-3.5-turbo-1106","gpt-3.5-turbo-1106","固定版本","gpt-3.5-turbo-1106","2026-09-21","https://developers.openai.com/api/docs/models/gpt-3.5-turbo.md","exact-id","静态可选","该精确 ID 列于该模型的官方 Snapshots 表。"
"OpenAI","GPT-4 · 0613","gpt-4","gpt-4","滚动别名","gpt-4-0613","2026-09-21","https://developers.openai.com/api/docs/models/gpt-4.md","exact-id","静态可选","别名的当前版本取自该型号页面的 Default snapshot 字段，未取最新发布日期。"
"OpenAI","GPT-4-0613","gpt-4-0613","gpt-4-0613","固定版本","gpt-4-0613","2026-09-21","https://developers.openai.com/api/docs/models/gpt-4.md","exact-id","静态可选","该精确 ID 列于该模型的官方 Snapshots 表。"
"OpenAI","GPT-4-1106-preview","gpt-4-1106-preview","gpt-4-1106-preview","固定性 / 对应版本待确认","gpt-4-1106-preview","2026-09-21","https://developers.openai.com/api/docs/deprecations","exact-id","静态可选","保留此具体历史预览 ID；不能把 GPT-4 基础型号的默认 0613 快照误套给 1106-preview。此项具体映射固定性本轮待确认。"
"OpenAI","GPT-4-turbo · 2024-04-09","gpt-4-turbo","gpt-4-turbo","滚动别名","gpt-4-turbo-2024-04-09","2026-09-21","https://developers.openai.com/api/docs/models/gpt-4-turbo.md","exact-id","静态可选","别名的当前版本取自该型号页面的 Default snapshot 字段，未取最新发布日期。"
"OpenAI","GPT-4-turbo-2024-04-09","gpt-4-turbo-2024-04-09","gpt-4-turbo-2024-04-09","固定版本","gpt-4-turbo-2024-04-09","2026-09-21","https://developers.openai.com/api/docs/models/gpt-4-turbo.md","exact-id","静态可选","该精确 ID 列于该模型的官方 Snapshots 表。"
"OpenAI","GPT-4.1 · 2025-04-14","gpt-4.1","gpt-4.1","滚动别名","gpt-4.1-2025-04-14","2026-09-21","https://developers.openai.com/api/docs/models/gpt-4.1.md","exact-id","静态可选","别名的当前版本取自该型号页面的 Default snapshot 字段，未取最新发布日期。"
"OpenAI","GPT-4.1-2025-04-14","gpt-4.1-2025-04-14","gpt-4.1-2025-04-14","固定版本","gpt-4.1-2025-04-14","2026-09-21","https://developers.openai.com/api/docs/models/gpt-4.1.md","exact-id","静态可选","该精确 ID 列于该模型的官方 Snapshots 表。"
"OpenAI","GPT-4.1 Mini · 2025-04-14","gpt-4.1-mini","gpt-4.1-mini","滚动别名","gpt-4.1-mini-2025-04-14","2026-09-21","https://developers.openai.com/api/docs/models/gpt-4.1-mini.md","exact-id","静态可选","别名的当前版本取自该型号页面的 Default snapshot 字段，未取最新发布日期。"
"OpenAI","GPT-4.1-mini-2025-04-14","gpt-4.1-mini-2025-04-14","gpt-4.1-mini-2025-04-14","固定版本","gpt-4.1-mini-2025-04-14","2026-09-21","https://developers.openai.com/api/docs/models/gpt-4.1-mini.md","exact-id","静态可选","该精确 ID 列于该模型的官方 Snapshots 表。"
"OpenAI","GPT-4.1-nano · 2025-04-14","gpt-4.1-nano","gpt-4.1-nano","滚动别名","gpt-4.1-nano-2025-04-14","2026-09-21","https://developers.openai.com/api/docs/models/gpt-4.1-nano.md","exact-id","静态可选","别名的当前版本取自该型号页面的 Default snapshot 字段，未取最新发布日期。"
"OpenAI","GPT-4.1-nano-2025-04-14","gpt-4.1-nano-2025-04-14","gpt-4.1-nano-2025-04-14","固定版本","gpt-4.1-nano-2025-04-14","2026-09-21","https://developers.openai.com/api/docs/models/gpt-4.1-nano.md","exact-id","静态可选","该精确 ID 列于该模型的官方 Snapshots 表。"
"OpenAI","GPT-4o · 2024-08-06","gpt-4o","gpt-4o","滚动别名","gpt-4o-2024-08-06","2026-09-21","https://developers.openai.com/api/docs/models/gpt-4o.md","exact-id","静态可选","别名的当前版本取自该型号页面的 Default snapshot 字段，未取最新发布日期。"
"OpenAI","GPT-4o-2024-05-13","gpt-4o-2024-05-13","gpt-4o-2024-05-13","固定版本","gpt-4o-2024-05-13","2026-09-21","https://developers.openai.com/api/docs/models/gpt-4o.md","exact-id","静态可选","该精确 ID 列于该模型的官方 Snapshots 表。"
"OpenAI","GPT-4o-2024-08-06","gpt-4o-2024-08-06","gpt-4o-2024-08-06","固定版本","gpt-4o-2024-08-06","2026-09-21","https://developers.openai.com/api/docs/models/gpt-4o.md","exact-id","静态可选","该精确 ID 列于该模型的官方 Snapshots 表。"
"OpenAI","GPT-4o-2024-11-20","gpt-4o-2024-11-20","gpt-4o-2024-11-20","固定版本","gpt-4o-2024-11-20","2026-09-21","https://developers.openai.com/api/docs/models/gpt-4o.md","exact-id","静态可选","该精确 ID 列于该模型的官方 Snapshots 表。"
"OpenAI","GPT-4o-mini · 2024-07-18","gpt-4o-mini","gpt-4o-mini","滚动别名","gpt-4o-mini-2024-07-18","2026-09-21","https://developers.openai.com/api/docs/models/gpt-4o-mini.md","exact-id","静态可选","别名的当前版本取自该型号页面的 Default snapshot 字段，未取最新发布日期。"
"OpenAI","GPT-4o-mini-2024-07-18","gpt-4o-mini-2024-07-18","gpt-4o-mini-2024-07-18","固定版本","gpt-4o-mini-2024-07-18","2026-09-21","https://developers.openai.com/api/docs/models/gpt-4o-mini.md","exact-id","静态可选","该精确 ID 列于该模型的官方 Snapshots 表。"
"OpenAI","GPT-5 · 2025-08-07","gpt-5","gpt-5","滚动别名","gpt-5-2025-08-07","2026-09-21","https://developers.openai.com/api/docs/models/gpt-5.md","exact-id","静态可选","别名的当前版本取自该型号页面的 Default snapshot 字段，未取最新发布日期。"
"OpenAI","GPT-5-2025-08-07","gpt-5-2025-08-07","gpt-5-2025-08-07","固定版本","gpt-5-2025-08-07","2026-09-21","https://developers.openai.com/api/docs/models/gpt-5.md","exact-id","静态可选","该精确 ID 列于该模型的官方 Snapshots 表。"
"OpenAI","GPT-5-mini · 2025-08-07","gpt-5-mini","gpt-5-mini","滚动别名","gpt-5-mini-2025-08-07","2026-09-21","https://developers.openai.com/api/docs/models/gpt-5-mini.md","exact-id","静态可选","别名的当前版本取自该型号页面的 Default snapshot 字段，未取最新发布日期。"
"OpenAI","GPT-5-mini-2025-08-07","gpt-5-mini-2025-08-07","gpt-5-mini-2025-08-07","固定版本","gpt-5-mini-2025-08-07","2026-09-21","https://developers.openai.com/api/docs/models/gpt-5-mini.md","exact-id","静态可选","该精确 ID 列于该模型的官方 Snapshots 表。"
"OpenAI","GPT-5-nano · 2025-08-07","gpt-5-nano","gpt-5-nano","滚动别名","gpt-5-nano-2025-08-07","2026-09-21","https://developers.openai.com/api/docs/models/gpt-5-nano.md","exact-id","静态可选","别名的当前版本取自该型号页面的 Default snapshot 字段，未取最新发布日期。"
"OpenAI","GPT-5-nano-2025-08-07","gpt-5-nano-2025-08-07","gpt-5-nano-2025-08-07","固定版本","gpt-5-nano-2025-08-07","2026-09-21","https://developers.openai.com/api/docs/models/gpt-5-nano.md","exact-id","静态可选","该精确 ID 列于该模型的官方 Snapshots 表。"
"OpenAI","GPT-5-pro · 2025-10-06","gpt-5-pro","gpt-5-pro","滚动别名","gpt-5-pro-2025-10-06","2026-09-21","https://developers.openai.com/api/docs/models/gpt-5-pro.md","exact-id","静态可选","别名的当前版本取自该型号页面的 Default snapshot 字段，未取最新发布日期。"
"OpenAI","GPT-5-pro-2025-10-06","gpt-5-pro-2025-10-06","gpt-5-pro-2025-10-06","固定版本","gpt-5-pro-2025-10-06","2026-09-21","https://developers.openai.com/api/docs/models/gpt-5-pro.md","exact-id","静态可选","该精确 ID 列于该模型的官方 Snapshots 表。"
"OpenAI","GPT-5.1 · 2025-11-13","gpt-5.1","gpt-5.1","滚动别名","gpt-5.1-2025-11-13","2026-09-21","https://developers.openai.com/api/docs/models/gpt-5.1.md","exact-id","静态可选","别名的当前版本取自该型号页面的 Default snapshot 字段，未取最新发布日期。"
"OpenAI","GPT-5.1-2025-11-13","gpt-5.1-2025-11-13","gpt-5.1-2025-11-13","固定版本","gpt-5.1-2025-11-13","2026-09-21","https://developers.openai.com/api/docs/models/gpt-5.1.md","exact-id","静态可选","该精确 ID 列于该模型的官方 Snapshots 表。"
"OpenAI","GPT-5.2 · 2025-12-11","gpt-5.2","gpt-5.2","滚动别名","gpt-5.2-2025-12-11","2026-09-21","https://developers.openai.com/api/docs/models/gpt-5.2.md","exact-id","静态可选","别名的当前版本取自该型号页面的 Default snapshot 字段，未取最新发布日期。"
"OpenAI","GPT-5.2-2025-12-11","gpt-5.2-2025-12-11","gpt-5.2-2025-12-11","固定版本","gpt-5.2-2025-12-11","2026-09-21","https://developers.openai.com/api/docs/models/gpt-5.2.md","exact-id","静态可选","该精确 ID 列于该模型的官方 Snapshots 表。"
"OpenAI","GPT-5.2-pro · 2025-12-11","gpt-5.2-pro","gpt-5.2-pro","滚动别名","gpt-5.2-pro-2025-12-11","2026-09-21","https://developers.openai.com/api/docs/models/gpt-5.2-pro.md","exact-id","静态可选","别名的当前版本取自该型号页面的 Default snapshot 字段，未取最新发布日期。"
"OpenAI","GPT-5.3-codex","gpt-5.3-codex","gpt-5.3-codex","固定性 / 对应版本待确认","gpt-5.3-codex","2026-09-21","https://developers.openai.com/api/docs/models/gpt-5.3-codex.md","exact-id","静态可选","官方 Default snapshot 为此 ID；未提供更细快照或明确不可变承诺，固定性待确认。"
"OpenAI","GPT-5.4 · 2026-03-05","gpt-5.4","gpt-5.4","滚动别名","gpt-5.4-2026-03-05","2026-09-21","https://developers.openai.com/api/docs/models/gpt-5.4.md","exact-id","静态可选","别名的当前版本取自该型号页面的 Default snapshot 字段，未取最新发布日期。"
"OpenAI","GPT-5.4 Mini · 2026-03-17","gpt-5.4-mini","gpt-5.4-mini","滚动别名","gpt-5.4-mini-2026-03-17","2026-09-21","https://developers.openai.com/api/docs/models/gpt-5.4-mini.md","exact-id","静态可选","别名的当前版本取自该型号页面的 Default snapshot 字段，未取最新发布日期。"
"OpenAI","GPT-5.4 Nano · 2026-03-17","gpt-5.4-nano","gpt-5.4-nano","滚动别名","gpt-5.4-nano-2026-03-17","2026-09-21","https://developers.openai.com/api/docs/models/gpt-5.4-nano.md","exact-id","静态可选","别名的当前版本取自该型号页面的 Default snapshot 字段，未取最新发布日期。"
"OpenAI","GPT-5.4 Pro · 2026-03-05","gpt-5.4-pro","gpt-5.4-pro","滚动别名","gpt-5.4-pro-2026-03-05","2026-09-21","https://developers.openai.com/api/docs/models/gpt-5.4-pro.md","exact-id","静态可选","别名的当前版本取自该型号页面的 Default snapshot 字段，未取最新发布日期。"
"OpenAI","GPT-5.5 · 2026-04-23","gpt-5.5","gpt-5.5","滚动别名","gpt-5.5-2026-04-23","2026-09-21","https://developers.openai.com/api/docs/models/gpt-5.5.md","exact-id","静态可选","别名的当前版本取自该型号页面的 Default snapshot 字段，未取最新发布日期。"
"OpenAI","GPT-5.5 Pro · 2026-04-23","gpt-5.5-pro","gpt-5.5-pro","滚动别名","gpt-5.5-pro-2026-04-23","2026-09-21","https://developers.openai.com/api/docs/models/gpt-5.5-pro.md","exact-id","静态可选","别名的当前版本取自该型号页面的 Default snapshot 字段，未取最新发布日期。"
"OpenAI","GPT-5.6 Luna","gpt-5.6-luna","gpt-5.6-luna","固定性 / 对应版本待确认","gpt-5.6-luna","2026-09-21","https://developers.openai.com/api/docs/models/gpt-5.6-luna.md","exact-id","静态可选","官方 Default snapshot 为此 ID；未提供更细快照或明确不可变承诺，固定性待确认。"
"OpenAI","GPT-5.6 Sol","gpt-5.6-sol","gpt-5.6-sol","固定性 / 对应版本待确认","gpt-5.6-sol","2026-09-21","https://developers.openai.com/api/docs/models/gpt-5.6-sol.md","exact-id","静态可选","官方 Default snapshot 为此 ID；未提供更细快照或明确不可变承诺，固定性待确认。"
"OpenAI","GPT-5.6 Terra","gpt-5.6-terra","gpt-5.6-terra","固定性 / 对应版本待确认","gpt-5.6-terra","2026-09-21","https://developers.openai.com/api/docs/models/gpt-5.6-terra.md","exact-id","静态可选","官方 Default snapshot 为此 ID；未提供更细快照或明确不可变承诺，固定性待确认。"
"OpenAI","GPT-6 Astra","gpt-6-astra","gpt-6-astra","固定性 / 对应版本待确认","gpt-6-astra","2026-09-21","https://developers.openai.com/api/docs/models/gpt-6-astra.md","exact-id","静态可选","官方 Default snapshot 为此 ID；未提供更细快照或明确不可变承诺，固定性待确认。"
"OpenAI","GPT Image 1","gpt-image-1","gpt-image-1","固定性 / 对应版本待确认","gpt-image-1","2026-09-21","https://developers.openai.com/api/docs/models/gpt-image-1.md","exact-id","静态可选","官方 Default snapshot 为此 ID；未提供更细快照或明确不可变承诺，固定性待确认。"
"OpenAI","GPT Image 1 Mini","gpt-image-1-mini","gpt-image-1-mini","固定性 / 对应版本待确认","gpt-image-1-mini","2026-09-21","https://developers.openai.com/api/docs/models/gpt-image-1-mini.md","exact-id","静态可选","官方 Default snapshot 为此 ID；未提供更细快照或明确不可变承诺，固定性待确认。"
"OpenAI","GPT-image-1.5 · 2025-12-16","gpt-image-1.5","gpt-image-1.5","滚动别名","gpt-image-1.5-2025-12-16","2026-09-21","https://developers.openai.com/api/docs/models/gpt-image-1.5.md","exact-id","静态可选","别名的当前版本取自该型号页面的 Default snapshot 字段，未取最新发布日期。"
"OpenAI","GPT Image 2 · 2026-04-21","gpt-image-2","gpt-image-2","滚动别名","gpt-image-2-2026-04-21","2026-09-21","https://developers.openai.com/api/docs/models/gpt-image-2.md","exact-id","静态可选","别名的当前版本取自该型号页面的 Default snapshot 字段，未取最新发布日期。"
"OpenAI","GPT Image 2.5 Flare · 2026-09-08","gpt-image-2.5-flare","gpt-image-2.5-flare","滚动别名","gpt-image-2.5-flare-2026-09-08","2026-09-21","https://developers.openai.com/api/docs/models/gpt-image-2.5-flare.md","exact-id","静态可选","别名的当前版本取自该型号页面的 Default snapshot 字段，未取最新发布日期。"
"OpenAI","GPT Image 2.5 Flare (2026-09-08)","gpt-image-2.5-flare-2026-09-08","gpt-image-2.5-flare-2026-09-08","固定版本","gpt-image-2.5-flare-2026-09-08","2026-09-21","https://developers.openai.com/api/docs/models/gpt-image-2.5-flare.md","exact-id","静态可选","该精确 ID 列于该模型的官方 Snapshots 表。"
"OpenAI","GPT Image 2.5 Sunburst · 2026-09-08","gpt-image-2.5-sunburst","gpt-image-2.5-sunburst","滚动别名","gpt-image-2.5-sunburst-2026-09-08","2026-09-21","https://developers.openai.com/api/docs/models/gpt-image-2.5-sunburst.md","exact-id","静态可选","别名的当前版本取自该型号页面的 Default snapshot 字段，未取最新发布日期。"
"OpenAI","GPT Image 2.5 Sunburst (2026-09-08)","gpt-image-2.5-sunburst-2026-09-08","gpt-image-2.5-sunburst-2026-09-08","固定版本","gpt-image-2.5-sunburst-2026-09-08","2026-09-21","https://developers.openai.com/api/docs/models/gpt-image-2.5-sunburst.md","exact-id","静态可选","该精确 ID 列于该模型的官方 Snapshots 表。"
"OpenAI","o1 · 2024-12-17","o1","o1","滚动别名","o1-2024-12-17","2026-09-21","https://developers.openai.com/api/docs/models/o1.md","exact-id","静态可选","别名的当前版本取自该型号页面的 Default snapshot 字段，未取最新发布日期。"
"OpenAI","o1-2024-12-17","o1-2024-12-17","o1-2024-12-17","固定版本","o1-2024-12-17","2026-09-21","https://developers.openai.com/api/docs/models/o1.md","exact-id","静态可选","该精确 ID 列于该模型的官方 Snapshots 表。"
"OpenAI","o1-pro · 2025-03-19","o1-pro","o1-pro","滚动别名","o1-pro-2025-03-19","2026-09-21","https://developers.openai.com/api/docs/models/o1-pro.md","exact-id","静态可选","别名的当前版本取自该型号页面的 Default snapshot 字段，未取最新发布日期。"
"OpenAI","o1-pro-2025-03-19","o1-pro-2025-03-19","o1-pro-2025-03-19","固定版本","o1-pro-2025-03-19","2026-09-21","https://developers.openai.com/api/docs/models/o1-pro.md","exact-id","静态可选","该精确 ID 列于该模型的官方 Snapshots 表。"
"OpenAI","o3 · 2025-04-16","o3","o3","滚动别名","o3-2025-04-16","2026-09-21","https://developers.openai.com/api/docs/models/o3.md","exact-id","静态可选","别名的当前版本取自该型号页面的 Default snapshot 字段，未取最新发布日期。"
"OpenAI","o3-2025-04-16","o3-2025-04-16","o3-2025-04-16","固定版本","o3-2025-04-16","2026-09-21","https://developers.openai.com/api/docs/models/o3.md","exact-id","静态可选","该精确 ID 列于该模型的官方 Snapshots 表。"
"OpenAI","o3-mini · 2025-01-31","o3-mini","o3-mini","滚动别名","o3-mini-2025-01-31","2026-09-21","https://developers.openai.com/api/docs/models/o3-mini.md","exact-id","静态可选","别名的当前版本取自该型号页面的 Default snapshot 字段，未取最新发布日期。"
"OpenAI","o3-mini-2025-01-31","o3-mini-2025-01-31","o3-mini-2025-01-31","固定版本","o3-mini-2025-01-31","2026-09-21","https://developers.openai.com/api/docs/models/o3-mini.md","exact-id","静态可选","该精确 ID 列于该模型的官方 Snapshots 表。"
"OpenAI","o3-pro · 2025-06-10","o3-pro","o3-pro","滚动别名","o3-pro-2025-06-10","2026-09-21","https://developers.openai.com/api/docs/models/o3-pro.md","exact-id","静态可选","别名的当前版本取自该型号页面的 Default snapshot 字段，未取最新发布日期。"
"OpenAI","o3-pro-2025-06-10","o3-pro-2025-06-10","o3-pro-2025-06-10","固定版本","o3-pro-2025-06-10","2026-09-21","https://developers.openai.com/api/docs/models/o3-pro.md","exact-id","静态可选","该精确 ID 列于该模型的官方 Snapshots 表。"
"OpenAI","o4-mini · 2025-04-16","o4-mini","o4-mini","滚动别名","o4-mini-2025-04-16","2026-09-21","https://developers.openai.com/api/docs/models/o4-mini.md","exact-id","静态可选","别名的当前版本取自该型号页面的 Default snapshot 字段，未取最新发布日期。"
"OpenAI","o4-mini-2025-04-16","o4-mini-2025-04-16","o4-mini-2025-04-16","固定版本","o4-mini-2025-04-16","2026-09-21","https://developers.openai.com/api/docs/models/o4-mini.md","exact-id","静态可选","该精确 ID 列于该模型的官方 Snapshots 表。"
"Anthropic","Claude-fable-5","claude-fable-5","claude-fable-5","固定版本","claude-fable-5","2026-09-21","https://platform.claude.com/docs/en/models/overview.md ; https://platform.claude.com/docs/en/about-claude/models/model-ids-and-versions.md","exact-id","静态可选","官方逐模型表及版本规则：包括 4.6 起无日期的 ID，均为 pinned snapshot。"
"Anthropic","Claude Fable 5.1","claude-fable-5-1","claude-fable-5-1","固定版本","claude-fable-5-1","2026-09-21","https://platform.claude.com/docs/en/models/overview.md ; https://platform.claude.com/docs/en/about-claude/models/model-ids-and-versions.md","exact-id","静态可选","官方逐模型表及版本规则：包括 4.6 起无日期的 ID，均为 pinned snapshot。"
"Anthropic","Claude Haiku 4.5 · 20251001","claude-haiku-4-5-20251001","claude-haiku-4-5-20251001","固定版本","claude-haiku-4-5-20251001","2026-09-21","https://platform.claude.com/docs/en/models/overview.md ; https://platform.claude.com/docs/en/about-claude/models/model-ids-and-versions.md","exact-id","静态可选","官方逐模型表及版本规则：包括 4.6 起无日期的 ID，均为 pinned snapshot。"
"Anthropic","Claude-opus-4-5-20251101","claude-opus-4-5-20251101","claude-opus-4-5-20251101","固定版本","claude-opus-4-5-20251101","2026-09-21","https://platform.claude.com/docs/en/models/overview.md ; https://platform.claude.com/docs/en/about-claude/models/model-ids-and-versions.md","exact-id","静态可选","官方逐模型表及版本规则：包括 4.6 起无日期的 ID，均为 pinned snapshot。"
"Anthropic","Claude-opus-4-6","claude-opus-4-6","claude-opus-4-6","固定版本","claude-opus-4-6","2026-09-21","https://platform.claude.com/docs/en/models/overview.md ; https://platform.claude.com/docs/en/about-claude/models/model-ids-and-versions.md","exact-id","静态可选","官方逐模型表及版本规则：包括 4.6 起无日期的 ID，均为 pinned snapshot。"
"Anthropic","Claude-opus-4-7","claude-opus-4-7","claude-opus-4-7","固定版本","claude-opus-4-7","2026-09-21","https://platform.claude.com/docs/en/models/overview.md ; https://platform.claude.com/docs/en/about-claude/models/model-ids-and-versions.md","exact-id","静态可选","官方逐模型表及版本规则：包括 4.6 起无日期的 ID，均为 pinned snapshot。"
"Anthropic","Claude-opus-4-8","claude-opus-4-8","claude-opus-4-8","固定版本","claude-opus-4-8","2026-09-21","https://platform.claude.com/docs/en/models/overview.md ; https://platform.claude.com/docs/en/about-claude/models/model-ids-and-versions.md","exact-id","静态可选","官方逐模型表及版本规则：包括 4.6 起无日期的 ID，均为 pinned snapshot。"
"Anthropic","Claude Opus 5","claude-opus-5","claude-opus-5","固定版本","claude-opus-5","2026-09-21","https://platform.claude.com/docs/en/models/overview.md ; https://platform.claude.com/docs/en/about-claude/models/model-ids-and-versions.md","exact-id","静态可选","官方逐模型表及版本规则：包括 4.6 起无日期的 ID，均为 pinned snapshot。"
"Anthropic","Claude-sonnet-4-5-20250929","claude-sonnet-4-5-20250929","claude-sonnet-4-5-20250929","固定版本","claude-sonnet-4-5-20250929","2026-09-21","https://platform.claude.com/docs/en/models/overview.md ; https://platform.claude.com/docs/en/about-claude/models/model-ids-and-versions.md","exact-id","静态可选","官方逐模型表及版本规则：包括 4.6 起无日期的 ID，均为 pinned snapshot。"
"Anthropic","Claude-sonnet-4-6","claude-sonnet-4-6","claude-sonnet-4-6","固定版本","claude-sonnet-4-6","2026-09-21","https://platform.claude.com/docs/en/models/overview.md ; https://platform.claude.com/docs/en/about-claude/models/model-ids-and-versions.md","exact-id","静态可选","官方逐模型表及版本规则：包括 4.6 起无日期的 ID，均为 pinned snapshot。"
"Anthropic","Claude Sonnet 5","claude-sonnet-5","claude-sonnet-5","固定版本","claude-sonnet-5","2026-09-21","https://platform.claude.com/docs/en/models/overview.md ; https://platform.claude.com/docs/en/about-claude/models/model-ids-and-versions.md","exact-id","静态可选","官方逐模型表及版本规则：包括 4.6 起无日期的 ID，均为 pinned snapshot。"
"Recraft","recraftv2","recraftv2","recraftv2","固定性 / 对应版本待确认","recraftv2","2026-09-21","https://www.recraft.ai/docs/api-reference/endpoints.md","exact-id","静态可选","渠道文档未明确固定快照或滚动指向；不从厂商、发布日期或系列名推断。"
"Recraft","recraftv2_vector","recraftv2_vector","recraftv2_vector","固定性 / 对应版本待确认","recraftv2_vector","2026-09-21","https://www.recraft.ai/docs/api-reference/endpoints.md","exact-id","静态可选","渠道文档未明确固定快照或滚动指向；不从厂商、发布日期或系列名推断。"
"Recraft","recraftv3","recraftv3","recraftv3","固定性 / 对应版本待确认","recraftv3","2026-09-21","https://www.recraft.ai/docs/api-reference/endpoints.md","exact-id","静态可选","渠道文档未明确固定快照或滚动指向；不从厂商、发布日期或系列名推断。"
"Recraft","recraftv3_vector","recraftv3_vector","recraftv3_vector","固定性 / 对应版本待确认","recraftv3_vector","2026-09-21","https://www.recraft.ai/docs/api-reference/endpoints.md","exact-id","静态可选","渠道文档未明确固定快照或滚动指向；不从厂商、发布日期或系列名推断。"
"Recraft","recraftv4","recraftv4","recraftv4","固定性 / 对应版本待确认","recraftv4","2026-09-21","https://www.recraft.ai/docs/api-reference/endpoints.md","exact-id","静态可选","渠道文档未明确固定快照或滚动指向；不从厂商、发布日期或系列名推断。"
"Recraft","Recraft V4.1","recraftv4_1","recraftv4_1","固定性 / 对应版本待确认","recraftv4_1","2026-09-21","https://www.recraft.ai/docs/api-reference/endpoints.md","exact-id","静态可选","渠道文档未明确固定快照或滚动指向；不从厂商、发布日期或系列名推断。"
"Recraft","Recraft V4.1 Pro","recraftv4_1_pro","recraftv4_1_pro","固定性 / 对应版本待确认","recraftv4_1_pro","2026-09-21","https://www.recraft.ai/docs/api-reference/endpoints.md","exact-id","静态可选","渠道文档未明确固定快照或滚动指向；不从厂商、发布日期或系列名推断。"
"Recraft","Recraft V4.1 Pro Vector","recraftv4_1_pro_vector","recraftv4_1_pro_vector","固定性 / 对应版本待确认","recraftv4_1_pro_vector","2026-09-21","https://www.recraft.ai/docs/api-reference/endpoints.md","exact-id","静态可选","渠道文档未明确固定快照或滚动指向；不从厂商、发布日期或系列名推断。"
"Recraft","recraftv4_1_utility","recraftv4_1_utility","recraftv4_1_utility","固定性 / 对应版本待确认","recraftv4_1_utility","2026-09-21","https://www.recraft.ai/docs/api-reference/endpoints.md","exact-id","静态可选","渠道文档未明确固定快照或滚动指向；不从厂商、发布日期或系列名推断。"
"Recraft","recraftv4_1_utility_pro","recraftv4_1_utility_pro","recraftv4_1_utility_pro","固定性 / 对应版本待确认","recraftv4_1_utility_pro","2026-09-21","https://www.recraft.ai/docs/api-reference/endpoints.md","exact-id","静态可选","渠道文档未明确固定快照或滚动指向；不从厂商、发布日期或系列名推断。"
"Recraft","recraftv4_1_utility_pro_vector","recraftv4_1_utility_pro_vector","recraftv4_1_utility_pro_vector","固定性 / 对应版本待确认","recraftv4_1_utility_pro_vector","2026-09-21","https://www.recraft.ai/docs/api-reference/endpoints.md","exact-id","静态可选","渠道文档未明确固定快照或滚动指向；不从厂商、发布日期或系列名推断。"
"Recraft","recraftv4_1_utility_vector","recraftv4_1_utility_vector","recraftv4_1_utility_vector","固定性 / 对应版本待确认","recraftv4_1_utility_vector","2026-09-21","https://www.recraft.ai/docs/api-reference/endpoints.md","exact-id","静态可选","渠道文档未明确固定快照或滚动指向；不从厂商、发布日期或系列名推断。"
"Recraft","Recraft V4.1 Vector","recraftv4_1_vector","recraftv4_1_vector","固定性 / 对应版本待确认","recraftv4_1_vector","2026-09-21","https://www.recraft.ai/docs/api-reference/endpoints.md","exact-id","静态可选","渠道文档未明确固定快照或滚动指向；不从厂商、发布日期或系列名推断。"
"Recraft","recraftv4_pro","recraftv4_pro","recraftv4_pro","固定性 / 对应版本待确认","recraftv4_pro","2026-09-21","https://www.recraft.ai/docs/api-reference/endpoints.md","exact-id","静态可选","渠道文档未明确固定快照或滚动指向；不从厂商、发布日期或系列名推断。"
"Recraft","recraftv4_pro_vector","recraftv4_pro_vector","recraftv4_pro_vector","固定性 / 对应版本待确认","recraftv4_pro_vector","2026-09-21","https://www.recraft.ai/docs/api-reference/endpoints.md","exact-id","静态可选","渠道文档未明确固定快照或滚动指向；不从厂商、发布日期或系列名推断。"
"Recraft","recraftv4_vector","recraftv4_vector","recraftv4_vector","固定性 / 对应版本待确认","recraftv4_vector","2026-09-21","https://www.recraft.ai/docs/api-reference/endpoints.md","exact-id","静态可选","渠道文档未明确固定快照或滚动指向；不从厂商、发布日期或系列名推断。"
"SpaceXAI","Grok-4.20-0309-non-reasoning","grok-4.20-0309-non-reasoning","grok-4.20-0309-non-reasoning","固定版本","grok-4.20-0309-non-reasoning","2026-09-21","https://docs.x.ai/developers/models/grok-4.20-non-reasoning ; https://docs.x.ai/developers/models","exact-id","静态可选","官方日期型号规则；具体 0309 日期型号。"
"SpaceXAI","Grok-4.20-0309-reasoning","grok-4.20-0309-reasoning","grok-4.20-0309-reasoning","固定版本","grok-4.20-0309-reasoning","2026-09-21","https://docs.x.ai/developers/models/grok-4.20 ; https://docs.x.ai/developers/models","exact-id","静态可选","官方日期型号规则；具体 0309 日期型号。"
"SpaceXAI","Grok-4.3","grok-4.3","grok-4.3","滚动别名","待确认","2026-09-21","https://docs.x.ai/developers/models/grok-4.3 ; https://docs.x.ai/developers/models","exact-id","静态可选","xAI 官方说明无日期名称为最新稳定版别名；日期快照目标未公开确认。"
"SpaceXAI","Grok-4.5","grok-4.5","grok-4.5","滚动别名","待确认","2026-09-21","https://docs.x.ai/developers/models/grok-4.5 ; https://docs.x.ai/developers/models","exact-id","静态可选","xAI 官方说明无日期名称为最新稳定版别名；日期快照目标未公开确认。"
"SpaceXAI","Grok 4.6","grok-4.6","grok-4.6","滚动别名","待确认","2026-09-21","https://docs.x.ai/developers/models/grok-4.6 ; https://docs.x.ai/developers/models","exact-id","静态可选","xAI 官方说明无日期名称为最新稳定版别名；日期快照目标未公开确认。"
"SpaceXAI","Grok-build-0.1","grok-build-0.1","grok-build-0.1","滚动别名","待确认","2026-09-21","https://docs.x.ai/docs/models/grok-build-0.1 ; https://docs.x.ai/developers/models","exact-id","静态可选","xAI 官方说明无日期名称为最新稳定版别名；日期快照目标未公开确认。"
"SpaceXAI","Grok-imagine-image","grok-imagine-image","grok-imagine-image","滚动别名","待确认","2026-09-21","https://docs.x.ai/developers/pricing ; https://docs.x.ai/developers/models","exact-id","静态可选","xAI 官方说明无日期名称为最新稳定版别名；日期快照目标未公开确认。"
"SpaceXAI","Grok Imagine Image 2.0","grok-imagine-image-2.0","grok-imagine-image-2.0","滚动别名","待确认","2026-09-21","https://docs.x.ai/developers/model-capabilities/images/generation ; https://docs.x.ai/developers/models","exact-id","静态可选","xAI 官方说明无日期名称为最新稳定版别名；日期快照目标未公开确认。"
"SpaceXAI","Grok-imagine-image-quality","grok-imagine-image-quality","grok-imagine-image-quality","滚动别名","待确认","2026-09-21","https://docs.x.ai/docs/models/grok-imagine-image-quality ; https://docs.x.ai/developers/models","exact-id","静态可选","xAI 官方说明无日期名称为最新稳定版别名；日期快照目标未公开确认。"
"BFL","FLUX-2-flex","flux-2-flex","/v1/flux-2-flex","固定性 / 对应版本待确认","flux-2-flex","2026-09-21","https://api.bfl.ai/openapi.json","exact-wire-selector","静态可选","实际调用端点或参数已逐一核对；未公布更细快照或固定性承诺。"
"BFL","FLUX-2-klein-4b","flux-2-klein-4b","/v1/flux-2-klein-4b","固定性 / 对应版本待确认","flux-2-klein-4b","2026-09-21","https://api.bfl.ai/openapi.json","exact-wire-selector","静态可选","实际调用端点或参数已逐一核对；未公布更细快照或固定性承诺。"
"BFL","FLUX-2-klein-9b","flux-2-klein-9b","/v1/flux-2-klein-9b","固定性 / 对应版本待确认","flux-2-klein-9b","2026-09-21","https://api.bfl.ai/openapi.json","exact-wire-selector","静态可选","实际调用端点或参数已逐一核对；未公布更细快照或固定性承诺。"
"BFL","FLUX-2-klein-9b-preview","flux-2-klein-9b-preview","/v1/flux-2-klein-9b-preview","固定性 / 对应版本待确认","flux-2-klein-9b-preview","2026-09-21","https://api.bfl.ai/openapi.json","exact-wire-selector","静态可选","实际调用端点或参数已逐一核对；未公布更细快照或固定性承诺。"
"BFL","FLUX-2-max","flux-2-max","/v1/flux-2-max","固定性 / 对应版本待确认","flux-2-max","2026-09-21","https://api.bfl.ai/openapi.json","exact-wire-selector","静态可选","实际调用端点或参数已逐一核对；未公布更细快照或固定性承诺。"
"BFL","FLUX-2-pro","flux-2-pro","/v1/flux-2-pro","固定性 / 对应版本待确认","flux-2-pro","2026-09-21","https://api.bfl.ai/openapi.json","exact-wire-selector","静态可选","实际调用端点或参数已逐一核对；未公布更细快照或固定性承诺。"
"BFL","FLUX-2-pro-preview","flux-2-pro-preview","/v1/flux-2-pro-preview","固定性 / 对应版本待确认","flux-2-pro-preview","2026-09-21","https://api.bfl.ai/openapi.json","exact-wire-selector","静态可选","实际调用端点或参数已逐一核对；未公布更细快照或固定性承诺。"
"BFL","FLUX-dev","flux-dev","/v1/flux-dev","固定性 / 对应版本待确认","flux-dev","2026-09-21","https://api.bfl.ai/openapi.json","exact-wire-selector","静态可选","实际调用端点或参数已逐一核对；未公布更细快照或固定性承诺。"
"BFL","FLUX-kontext-max","flux-kontext-max","/v1/flux-kontext-max","固定性 / 对应版本待确认","flux-kontext-max","2026-09-21","https://api.bfl.ai/openapi.json","exact-wire-selector","静态可选","实际调用端点或参数已逐一核对；未公布更细快照或固定性承诺。"
"BFL","FLUX-kontext-pro","flux-kontext-pro","/v1/flux-kontext-pro","固定性 / 对应版本待确认","flux-kontext-pro","2026-09-21","https://api.bfl.ai/openapi.json","exact-wire-selector","静态可选","实际调用端点或参数已逐一核对；未公布更细快照或固定性承诺。"
"BFL","FLUX-pro-1.1","flux-pro-1.1","/v1/flux-pro-1.1","固定性 / 对应版本待确认","flux-pro-1.1","2026-09-21","https://api.bfl.ai/openapi.json","exact-wire-selector","静态可选","实际调用端点或参数已逐一核对；未公布更细快照或固定性承诺。"
"BFL","FLUX-pro-1.1-ultra","flux-pro-1.1-ultra","/v1/flux-pro-1.1-ultra","固定性 / 对应版本待确认","flux-pro-1.1-ultra","2026-09-21","https://api.bfl.ai/openapi.json","exact-wire-selector","静态可选","实际调用端点或参数已逐一核对；未公布更细快照或固定性承诺。"
"Stability AI","sd3.5-flash","sd3.5-flash","/v2beta/stable-image/generate/sd3; model=sd3.5-flash","固定性 / 对应版本待确认","sd3.5-flash","2026-09-21","https://api.stability.ai/v2alpha/openapi","exact-wire-selector","静态可选","实际调用端点或参数已逐一核对；未公布更细快照或固定性承诺。"
"Stability AI","sd3.5-large","sd3.5-large","/v2beta/stable-image/generate/sd3; model=sd3.5-large","固定性 / 对应版本待确认","sd3.5-large","2026-09-21","https://api.stability.ai/v2alpha/openapi","exact-wire-selector","静态可选","实际调用端点或参数已逐一核对；未公布更细快照或固定性承诺。"
"Stability AI","sd3.5-large-turbo","sd3.5-large-turbo","/v2beta/stable-image/generate/sd3; model=sd3.5-large-turbo","固定性 / 对应版本待确认","sd3.5-large-turbo","2026-09-21","https://api.stability.ai/v2alpha/openapi","exact-wire-selector","静态可选","实际调用端点或参数已逐一核对；未公布更细快照或固定性承诺。"
"Stability AI","sd3.5-medium","sd3.5-medium","/v2beta/stable-image/generate/sd3; model=sd3.5-medium","固定性 / 对应版本待确认","sd3.5-medium","2026-09-21","https://api.stability.ai/v2alpha/openapi","exact-wire-selector","静态可选","实际调用端点或参数已逐一核对；未公布更细快照或固定性承诺。"
"Stability AI","Stable Image Core","stable-image-core","/v2beta/stable-image/generate/core","固定性 / 对应版本待确认","stable-image-core","2026-09-21","https://api.stability.ai/v2alpha/openapi","exact-wire-selector","静态可选","实际调用端点或参数已逐一核对；未公布更细快照或固定性承诺。"
"Stability AI","Stable Image Ultra","stable-image-ultra","/v2beta/stable-image/generate/ultra","固定性 / 对应版本待确认","stable-image-ultra","2026-09-21","https://api.stability.ai/v2alpha/openapi","exact-wire-selector","静态可选","实际调用端点或参数已逐一核对；未公布更细快照或固定性承诺。"
"Ideogram","Ideogram AUTO","AUTO","/generate; model=AUTO","固定性 / 对应版本待确认","AUTO","2026-09-21","https://developer.ideogram.ai/api-reference/edit-images/edit-with-prompt ; https://developer.ideogram.ai/api-reference/legacy-endpoints/generate","exact-wire-selector","静态可选","渠道文档未明确固定快照或滚动指向；不从厂商、发布日期或系列名推断。"
"Ideogram","Ideogram Edit","ideogram-edit","/v1/edit","固定性 / 对应版本待确认","ideogram-edit","2026-09-21","https://developer.ideogram.ai/api-reference/edit-images/edit-with-prompt","exact-wire-selector","静态可选","实际调用端点或参数已逐一核对；未公布更细快照或固定性承诺。"
"Ideogram","ideogram-v3","ideogram-v3","/v1/ideogram-v3/generate / /v1/ideogram-v3/remix","固定性 / 对应版本待确认","ideogram-v3","2026-09-21","https://developer.ideogram.ai/api-reference/generate-images/generate-transparent-v3 ; https://developer.ideogram.ai/api-reference/generate-images/generate-v3","exact-wire-selector","静态可选","实际调用端点或参数已逐一核对；未公布更细快照或固定性承诺。"
"Ideogram","Ideogram 3.0 Transparent","ideogram-v3-transparent","/v1/ideogram-v3/generate-transparent","固定性 / 对应版本待确认","ideogram-v3-transparent","2026-09-21","https://developer.ideogram.ai/api-reference/generate-images/generate-transparent-v3","exact-wire-selector","静态可选","实际调用端点或参数已逐一核对；未公布更细快照或固定性承诺。"
"Ideogram","Ideogram 4.0","ideogram-v4","/v1/ideogram-v4/generate / /v1/ideogram-v4/remix","固定性 / 对应版本待确认","ideogram-v4","2026-09-21","https://developer.ideogram.ai/api-reference/generate-images/generate-v4","exact-wire-selector","静态可选","实际调用端点或参数已逐一核对；未公布更细快照或固定性承诺。"
"Ideogram","Ideogram 4.0 Transparent","ideogram-v4-transparent","/v1/ideogram-v4/generate-transparent","固定性 / 对应版本待确认","ideogram-v4-transparent","2026-09-21","https://developer.ideogram.ai/api-reference/generate-images/generate-transparent-v4","exact-wire-selector","静态可选","实际调用端点或参数已逐一核对；未公布更细快照或固定性承诺。"
"Ideogram","p-image-ideogram","p-image-ideogram","/v1/text-to-image/p-image-ideogram","固定性 / 对应版本待确认","p-image-ideogram","2026-09-21","https://developer.ideogram.ai/api-reference/generate-images/generate-p-image-ideogram","exact-wire-selector","静态可选","实际调用端点或参数已逐一核对；未公布更细快照或固定性承诺。"
"Ideogram","Ideogram V_1","V_1","/generate; model=V_1","固定性 / 对应版本待确认","V_1","2026-09-21","https://developer.ideogram.ai/api-reference/edit-images/edit-with-prompt ; https://developer.ideogram.ai/api-reference/generate-images/generate-v3","exact-wire-selector","静态可选","渠道文档未明确固定快照或滚动指向；不从厂商、发布日期或系列名推断。"
"Ideogram","Ideogram V_1_TURBO","V_1_TURBO","/generate; model=V_1_TURBO","固定性 / 对应版本待确认","V_1_TURBO","2026-09-21","https://developer.ideogram.ai/api-reference/edit-images/edit-with-prompt ; https://developer.ideogram.ai/api-reference/generate-images/generate-v3","exact-wire-selector","静态可选","渠道文档未明确固定快照或滚动指向；不从厂商、发布日期或系列名推断。"
"Ideogram","Ideogram V_2","V_2","/generate; model=V_2","固定性 / 对应版本待确认","V_2","2026-09-21","https://developer.ideogram.ai/api-reference/edit-images/edit-with-prompt ; https://developer.ideogram.ai/api-reference/legacy-endpoints/generate","exact-wire-selector","静态可选","渠道文档未明确固定快照或滚动指向；不从厂商、发布日期或系列名推断。"
"Ideogram","Ideogram V_2_TURBO","V_2_TURBO","/generate; model=V_2_TURBO","固定性 / 对应版本待确认","V_2_TURBO","2026-09-21","https://developer.ideogram.ai/api-reference/edit-images/edit-with-prompt ; https://developer.ideogram.ai/api-reference/legacy-endpoints/generate","exact-wire-selector","静态可选","实际调用端点或参数已逐一核对；未公布更细快照或固定性承诺。"
"Ideogram","Ideogram V_2A","V_2A","/generate; model=V_2A","固定性 / 对应版本待确认","V_2A","2026-09-21","https://developer.ideogram.ai/api-reference/edit-images/edit-with-prompt ; https://developer.ideogram.ai/api-reference/generate-images/generate-v3","exact-wire-selector","静态可选","渠道文档未明确固定快照或滚动指向；不从厂商、发布日期或系列名推断。"
"Ideogram","Ideogram V_2A_TURBO","V_2A_TURBO","/generate; model=V_2A_TURBO","固定性 / 对应版本待确认","V_2A_TURBO","2026-09-21","https://developer.ideogram.ai/api-reference/edit-images/edit-with-prompt ; https://developer.ideogram.ai/api-reference/generate-images/generate-v3","exact-wire-selector","静态可选","渠道文档未明确固定快照或滚动指向；不从厂商、发布日期或系列名推断。"
"Mistral AI","codestral-2508","codestral-2508","codestral-2508","固定版本","codestral-2508","2026-09-21","https://docs.mistral.ai/models/codestral-25-08 ; https://docs.mistral.ai/inference/model-lifecycle","exact-id","静态可选","官方型号卡主 ID，结合固定 major-minor 或日期型号规则。"
"Mistral AI","Codestral · 2508","codestral-latest","codestral-latest","滚动别名","codestral-2508","2026-09-21","https://docs.mistral.ai/models/codestral-25-08 ; https://docs.mistral.ai/inference/model-lifecycle","exact-id","静态可选","该具体型号卡的 names 列表给出主 ID 与别名关系；结合官方命名规则。"
"Mistral AI","labs-leanstral-1-5","labs-leanstral-1-5","labs-leanstral-1-5","固定性 / 对应版本待确认","labs-leanstral-1-5","2026-09-21","https://docs.mistral.ai/models/leanstral-1-5 ; https://docs.mistral.ai/inference/model-lifecycle","exact-id","静态可选","Labs 具体型号已确认，但实验版不承诺固定权重。"
"Mistral AI","ministral-14b-2512","ministral-14b-2512","ministral-14b-2512","固定版本","ministral-14b-2512","2026-09-21","https://docs.mistral.ai/models/ministral-3-14b-25-12 ; https://docs.mistral.ai/inference/model-lifecycle","exact-id","静态可选","官方型号卡主 ID，结合固定 major-minor 或日期型号规则。"
"Mistral AI","Ministral 14B · 2512","ministral-14b-latest","ministral-14b-latest","滚动别名","ministral-14b-2512","2026-09-21","https://docs.mistral.ai/models/ministral-3-14b-25-12 ; https://docs.mistral.ai/inference/model-lifecycle","exact-id","静态可选","该具体型号卡的 names 列表给出主 ID 与别名关系；结合官方命名规则。"
"Mistral AI","ministral-3b-2512","ministral-3b-2512","ministral-3b-2512","固定版本","ministral-3b-2512","2026-09-21","https://docs.mistral.ai/models/ministral-3-3b-25-12 ; https://docs.mistral.ai/inference/model-lifecycle","exact-id","静态可选","官方型号卡主 ID，结合固定 major-minor 或日期型号规则。"
"Mistral AI","Ministral 3B · 2512","ministral-3b-latest","ministral-3b-latest","滚动别名","ministral-3b-2512","2026-09-21","https://docs.mistral.ai/models/ministral-3-3b-25-12 ; https://docs.mistral.ai/inference/model-lifecycle","exact-id","静态可选","该具体型号卡的 names 列表给出主 ID 与别名关系；结合官方命名规则。"
"Mistral AI","ministral-8b-2512","ministral-8b-2512","ministral-8b-2512","固定版本","ministral-8b-2512","2026-09-21","https://docs.mistral.ai/models/ministral-3-8b-25-12 ; https://docs.mistral.ai/inference/model-lifecycle","exact-id","静态可选","官方型号卡主 ID，结合固定 major-minor 或日期型号规则。"
"Mistral AI","Ministral 8B · 2512","ministral-8b-latest","ministral-8b-latest","滚动别名","ministral-8b-2512","2026-09-21","https://docs.mistral.ai/models/ministral-3-8b-25-12 ; https://docs.mistral.ai/inference/model-lifecycle","exact-id","静态可选","该具体型号卡的 names 列表给出主 ID 与别名关系；结合官方命名规则。"
"Mistral AI","Mistral Large 3 · mistral-large-2512","mistral-large-2512","mistral-large-2512","固定版本","mistral-large-2512","2026-09-21","https://docs.mistral.ai/models/mistral-large-3-25-12 ; https://docs.mistral.ai/inference/model-lifecycle","exact-id","静态可选","官方型号卡主 ID，结合固定 major-minor 或日期型号规则。"
"Mistral AI","Mistral Medium 3.5","mistral-medium-3","mistral-medium-3","滚动别名","mistral-medium-3-5","2026-09-21","https://docs.mistral.ai/models/mistral-medium-3-5-26-04 ; https://docs.mistral.ai/inference/model-lifecycle","exact-id","静态可选","该具体型号卡的 names 列表给出主 ID 与别名关系；结合官方命名规则。"
"Mistral AI","mistral-medium-3-5","mistral-medium-3-5","mistral-medium-3-5","固定版本","mistral-medium-3-5","2026-09-21","https://docs.mistral.ai/models/mistral-medium-3-5-26-04 ; https://docs.mistral.ai/inference/model-lifecycle","exact-id","静态可选","官方型号卡主 ID，结合固定 major-minor 或日期型号规则。"
"Mistral AI","Mistral Medium 3.5","mistral-medium-latest","mistral-medium-latest","滚动别名","mistral-medium-3-5","2026-09-21","https://docs.mistral.ai/models/mistral-medium-3-5-26-04 ; https://docs.mistral.ai/inference/model-lifecycle","exact-id","静态可选","该具体型号卡的 names 列表给出主 ID 与别名关系；结合官方命名规则。"
"Mistral AI","Mistral Small 4 · mistral-small-2603","mistral-small-2603","mistral-small-2603","固定版本","mistral-small-2603","2026-09-21","https://docs.mistral.ai/models/mistral-small-4-0-26-03 ; https://docs.mistral.ai/inference/model-lifecycle","exact-id","静态可选","官方型号卡主 ID，结合固定 major-minor 或日期型号规则。"
"Mistral AI","zai-glm-5-2","zai-glm-5-2","zai-glm-5-2","固定性 / 对应版本待确认","zai-glm-5-2","2026-09-21","https://docs.mistral.ai/models/zai-glm-5-2 ; https://docs.mistral.ai/inference/model-lifecycle","exact-id","静态可选","已确认渠道具体型号 ID；Mistral 自有模型的命名承诺不延伸到第三方智谱托管版本。"
"Mistral AI","zai-glm-5-3","zai-glm-5-3","zai-glm-5-3","固定性 / 对应版本待确认","zai-glm-5-3","2026-09-21","https://docs.mistral.ai/models/zai-glm-5-3 ; https://docs.mistral.ai/inference/model-lifecycle","exact-id","静态可选","已确认渠道具体型号 ID；Mistral 自有模型的命名承诺不延伸到第三方智谱托管版本。"
"OpenRouter","Claude Fable Latest","~anthropic/claude-fable-latest","~anthropic/claude-fable-latest","滚动别名","待确认","2026-09-21","https://openrouter.ai/api/v1/models ; https://openrouter.ai/docs/guides/overview/models","exact-id","动态目录候选；仍经运行时能力过滤","路由别名未公开当前目标，不采用厂商直连的别名映射。"
"OpenRouter","Claude Haiku Latest","~anthropic/claude-haiku-latest","~anthropic/claude-haiku-latest","滚动别名","待确认","2026-09-21","https://openrouter.ai/api/v1/models ; https://openrouter.ai/docs/guides/overview/models","exact-id","动态目录候选；仍经运行时能力过滤","路由别名未公开当前目标，不采用厂商直连的别名映射。"
"OpenRouter","Claude Opus Latest","~anthropic/claude-opus-latest","~anthropic/claude-opus-latest","滚动别名","待确认","2026-09-21","https://openrouter.ai/api/v1/models ; https://openrouter.ai/docs/guides/overview/models","exact-id","动态目录候选；仍经运行时能力过滤","路由别名未公开当前目标，不采用厂商直连的别名映射。"
"OpenRouter","Claude Sonnet Latest","~anthropic/claude-sonnet-latest","~anthropic/claude-sonnet-latest","滚动别名","待确认","2026-09-21","https://openrouter.ai/api/v1/models ; https://openrouter.ai/docs/guides/overview/models","exact-id","动态目录候选；仍经运行时能力过滤","路由别名未公开当前目标，不采用厂商直连的别名映射。"
"OpenRouter","DeepSeek Flash Latest","~deepseek/deepseek-flash-latest","~deepseek/deepseek-flash-latest","滚动别名","待确认","2026-09-21","https://openrouter.ai/api/v1/models ; https://openrouter.ai/docs/guides/overview/models","exact-id","动态目录候选；仍经运行时能力过滤","路由别名未公开当前目标，不采用厂商直连的别名映射。"
"OpenRouter","DeepSeek Pro Latest","~deepseek/deepseek-pro-latest","~deepseek/deepseek-pro-latest","滚动别名","待确认","2026-09-21","https://openrouter.ai/api/v1/models ; https://openrouter.ai/docs/guides/overview/models","exact-id","动态目录候选；仍经运行时能力过滤","路由别名未公开当前目标，不采用厂商直连的别名映射。"
"OpenRouter","DeepSeek V4 Flash Latest","~deepseek/deepseek-v4-flash-latest","~deepseek/deepseek-v4-flash-latest","滚动别名","待确认","2026-09-21","https://openrouter.ai/api/v1/models ; https://openrouter.ai/docs/guides/overview/models","exact-id","动态目录候选；仍经运行时能力过滤","路由别名未公开当前目标，不采用厂商直连的别名映射。"
"OpenRouter","Gemini Flash Latest","~google/gemini-flash-latest","~google/gemini-flash-latest","滚动别名","待确认","2026-09-21","https://openrouter.ai/api/v1/models ; https://openrouter.ai/docs/guides/overview/models","exact-id","动态目录候选；仍经运行时能力过滤","路由别名未公开当前目标，不采用厂商直连的别名映射。"
"OpenRouter","Gemini Pro Latest","~google/gemini-pro-latest","~google/gemini-pro-latest","滚动别名","待确认","2026-09-21","https://openrouter.ai/api/v1/models ; https://openrouter.ai/docs/guides/overview/models","exact-id","动态目录候选；仍经运行时能力过滤","路由别名未公开当前目标，不采用厂商直连的别名映射。"
"OpenRouter","Kimi Latest","~moonshotai/kimi-latest","~moonshotai/kimi-latest","滚动别名","待确认","2026-09-21","https://openrouter.ai/api/v1/models ; https://openrouter.ai/docs/guides/overview/models","exact-id","动态目录候选；仍经运行时能力过滤","路由别名未公开当前目标，不采用厂商直连的别名映射。"
"OpenRouter","GPT Astra Latest","~openai/gpt-astra-latest","~openai/gpt-astra-latest","滚动别名","待确认","2026-09-21","https://openrouter.ai/api/v1/models ; https://openrouter.ai/docs/guides/overview/models","exact-id","动态目录候选；仍经运行时能力过滤","路由别名未公开当前目标，不采用厂商直连的别名映射。"
"OpenRouter","GPT Luna Latest","~openai/gpt-luna-latest","~openai/gpt-luna-latest","滚动别名","待确认","2026-09-21","https://openrouter.ai/api/v1/models ; https://openrouter.ai/docs/guides/overview/models","exact-id","动态目录候选；仍经运行时能力过滤","路由别名未公开当前目标，不采用厂商直连的别名映射。"
"OpenRouter","GPT Mini Latest","~openai/gpt-mini-latest","~openai/gpt-mini-latest","滚动别名","待确认","2026-09-21","https://openrouter.ai/api/v1/models ; https://openrouter.ai/docs/guides/overview/models","exact-id","动态目录候选；仍经运行时能力过滤","路由别名未公开当前目标，不采用厂商直连的别名映射。"
"OpenRouter","GPT Sol Latest","~openai/gpt-sol-latest","~openai/gpt-sol-latest","滚动别名","待确认","2026-09-21","https://openrouter.ai/api/v1/models ; https://openrouter.ai/docs/guides/overview/models","exact-id","动态目录候选；仍经运行时能力过滤","路由别名未公开当前目标，不采用厂商直连的别名映射。"
"OpenRouter","GPT Terra Latest","~openai/gpt-terra-latest","~openai/gpt-terra-latest","滚动别名","待确认","2026-09-21","https://openrouter.ai/api/v1/models ; https://openrouter.ai/docs/guides/overview/models","exact-id","动态目录候选；仍经运行时能力过滤","路由别名未公开当前目标，不采用厂商直连的别名映射。"
"OpenRouter","Grok Latest","~x-ai/grok-latest","~x-ai/grok-latest","滚动别名","待确认","2026-09-21","https://openrouter.ai/api/v1/models ; https://openrouter.ai/docs/guides/overview/models","exact-id","动态目录候选；仍经运行时能力过滤","路由别名未公开当前目标，不采用厂商直连的别名映射。"
"OpenRouter","GLM Flash Latest","~z-ai/glm-flash-latest","~z-ai/glm-flash-latest","滚动别名","待确认","2026-09-21","https://openrouter.ai/api/v1/models ; https://openrouter.ai/docs/guides/overview/models","exact-id","动态目录候选；仍经运行时能力过滤","路由别名未公开当前目标，不采用厂商直连的别名映射。"
"OpenRouter","GLM Latest","~z-ai/glm-latest","~z-ai/glm-latest","滚动别名","待确认","2026-09-21","https://openrouter.ai/api/v1/models ; https://openrouter.ai/docs/guides/overview/models","exact-id","动态目录候选；仍经运行时能力过滤","路由别名未公开当前目标，不采用厂商直连的别名映射。"
"OpenRouter","Aion-2.0","aion-labs/aion-2.0","aion-labs/aion-2.0","固定性 / 对应版本待确认","aion-labs/aion-2.0-20260223","2026-09-21","https://openrouter.ai/api/v1/models ; https://openrouter.ai/docs/guides/overview/models","exact-id","动态目录候选；仍经运行时能力过滤","canonical_slug 为该渠道永久目录身份；不能由此保证调用 ID 永远固定到该版本或权重不可变。"
"OpenRouter","Aion-3.0","aion-labs/aion-3.0","aion-labs/aion-3.0","固定性 / 对应版本待确认","aion-labs/aion-3.0-20260707","2026-09-21","https://openrouter.ai/api/v1/models ; https://openrouter.ai/docs/guides/overview/models","exact-id","动态目录候选；仍经运行时能力过滤","canonical_slug 为该渠道永久目录身份；不能由此保证调用 ID 永远固定到该版本或权重不可变。"
"OpenRouter","Aion-3.0-Mini","aion-labs/aion-3.0-mini","aion-labs/aion-3.0-mini","固定性 / 对应版本待确认","aion-labs/aion-3.0-mini-20260707","2026-09-21","https://openrouter.ai/api/v1/models ; https://openrouter.ai/docs/guides/overview/models","exact-id","动态目录候选；仍经运行时能力过滤","canonical_slug 为该渠道永久目录身份；不能由此保证调用 ID 永远固定到该版本或权重不可变。"
"OpenRouter","Aion-RP 1.0 (8B)","aion-labs/aion-rp-llama-3.1-8b","aion-labs/aion-rp-llama-3.1-8b","固定性 / 对应版本待确认","aion-labs/aion-rp-llama-3.1-8b","2026-09-21","https://openrouter.ai/api/v1/models ; https://openrouter.ai/docs/guides/overview/models","exact-id","动态目录候选；仍经运行时能力过滤","canonical_slug 为该渠道永久目录身份；不能由此保证调用 ID 永远固定到该版本或权重不可变。"
"OpenRouter","Nova 2 Lite","amazon/nova-2-lite-v1","amazon/nova-2-lite-v1","固定性 / 对应版本待确认","amazon/nova-2-lite-v1","2026-09-21","https://openrouter.ai/api/v1/models ; https://openrouter.ai/docs/guides/overview/models","exact-id","动态目录候选；仍经运行时能力过滤","canonical_slug 为该渠道永久目录身份；不能由此保证调用 ID 永远固定到该版本或权重不可变。"
"OpenRouter","Nova Lite 1.0","amazon/nova-lite-v1","amazon/nova-lite-v1","固定性 / 对应版本待确认","amazon/nova-lite-v1","2026-09-21","https://openrouter.ai/api/v1/models ; https://openrouter.ai/docs/guides/overview/models","exact-id","动态目录候选；仍经运行时能力过滤","canonical_slug 为该渠道永久目录身份；不能由此保证调用 ID 永远固定到该版本或权重不可变。"
"OpenRouter","Nova Micro 1.0","amazon/nova-micro-v1","amazon/nova-micro-v1","固定性 / 对应版本待确认","amazon/nova-micro-v1","2026-09-21","https://openrouter.ai/api/v1/models ; https://openrouter.ai/docs/guides/overview/models","exact-id","动态目录候选；仍经运行时能力过滤","canonical_slug 为该渠道永久目录身份；不能由此保证调用 ID 永远固定到该版本或权重不可变。"
"OpenRouter","Nova Premier 1.0","amazon/nova-premier-v1","amazon/nova-premier-v1","固定性 / 对应版本待确认","amazon/nova-premier-v1","2026-09-21","https://openrouter.ai/api/v1/models ; https://openrouter.ai/docs/guides/overview/models","exact-id","动态目录候选；仍经运行时能力过滤","canonical_slug 为该渠道永久目录身份；不能由此保证调用 ID 永远固定到该版本或权重不可变。"
"OpenRouter","Nova Pro 1.0","amazon/nova-pro-v1","amazon/nova-pro-v1","固定性 / 对应版本待确认","amazon/nova-pro-v1","2026-09-21","https://openrouter.ai/api/v1/models ; https://openrouter.ai/docs/guides/overview/models","exact-id","动态目录候选；仍经运行时能力过滤","canonical_slug 为该渠道永久目录身份；不能由此保证调用 ID 永远固定到该版本或权重不可变。"
"OpenRouter","Magnum v4 72B","anthracite-org/magnum-v4-72b","anthracite-org/magnum-v4-72b","固定性 / 对应版本待确认","anthracite-org/magnum-v4-72b","2026-09-21","https://openrouter.ai/api/v1/models ; https://openrouter.ai/docs/guides/overview/models","exact-id","动态目录候选；仍经运行时能力过滤","canonical_slug 为该渠道永久目录身份；不能由此保证调用 ID 永远固定到该版本或权重不可变。"
"OpenRouter","Claude 3 Haiku","anthropic/claude-3-haiku","anthropic/claude-3-haiku","固定性 / 对应版本待确认","anthropic/claude-3-haiku","2026-09-21","https://openrouter.ai/api/v1/models ; https://openrouter.ai/docs/guides/overview/models","exact-id","动态目录候选；仍经运行时能力过滤","canonical_slug 为该渠道永久目录身份；不能由此保证调用 ID 永远固定到该版本或权重不可变。"
"OpenRouter","Claude Fable 5","anthropic/claude-fable-5","anthropic/claude-fable-5","固定性 / 对应版本待确认","anthropic/claude-5-fable-20260609","2026-09-21","https://openrouter.ai/api/v1/models ; https://openrouter.ai/docs/guides/overview/models","exact-id","动态目录候选；仍经运行时能力过滤","canonical_slug 为该渠道永久目录身份；不能由此保证调用 ID 永远固定到该版本或权重不可变。"
"OpenRouter","Claude Fable 5.1","anthropic/claude-fable-5.1","anthropic/claude-fable-5.1","固定性 / 对应版本待确认","anthropic/claude-fable-5.1-20260831","2026-09-21","https://openrouter.ai/api/v1/models ; https://openrouter.ai/docs/guides/overview/models","exact-id","动态目录候选；仍经运行时能力过滤","canonical_slug 为该渠道永久目录身份；不能由此保证调用 ID 永远固定到该版本或权重不可变。"
"OpenRouter","Claude Haiku 4.5","anthropic/claude-haiku-4.5","anthropic/claude-haiku-4.5","固定性 / 对应版本待确认","anthropic/claude-4.5-haiku-20251001","2026-09-21","https://openrouter.ai/api/v1/models ; https://openrouter.ai/docs/guides/overview/models","exact-id","动态目录候选；仍经运行时能力过滤","canonical_slug 为该渠道永久目录身份；不能由此保证调用 ID 永远固定到该版本或权重不可变。"
"OpenRouter","Claude Opus 4","anthropic/claude-opus-4","anthropic/claude-opus-4","固定性 / 对应版本待确认","anthropic/claude-4-opus-20250522","2026-09-21","https://openrouter.ai/api/v1/models ; https://openrouter.ai/docs/guides/overview/models","exact-id","动态目录候选；仍经运行时能力过滤","canonical_slug 为该渠道永久目录身份；不能由此保证调用 ID 永远固定到该版本或权重不可变。"
"OpenRouter","Claude Opus 4.1","anthropic/claude-opus-4.1","anthropic/claude-opus-4.1","固定性 / 对应版本待确认","anthropic/claude-4.1-opus-20250805","2026-09-21","https://openrouter.ai/api/v1/models ; https://openrouter.ai/docs/guides/overview/models","exact-id","动态目录候选；仍经运行时能力过滤","canonical_slug 为该渠道永久目录身份；不能由此保证调用 ID 永远固定到该版本或权重不可变。"
"OpenRouter","Claude Opus 4.5","anthropic/claude-opus-4.5","anthropic/claude-opus-4.5","固定性 / 对应版本待确认","anthropic/claude-4.5-opus-20251124","2026-09-21","https://openrouter.ai/api/v1/models ; https://openrouter.ai/docs/guides/overview/models","exact-id","动态目录候选；仍经运行时能力过滤","canonical_slug 为该渠道永久目录身份；不能由此保证调用 ID 永远固定到该版本或权重不可变。"
"OpenRouter","Claude Opus 4.6","anthropic/claude-opus-4.6","anthropic/claude-opus-4.6","固定性 / 对应版本待确认","anthropic/claude-4.6-opus-20260205","2026-09-21","https://openrouter.ai/api/v1/models ; https://openrouter.ai/docs/guides/overview/models","exact-id","动态目录候选；仍经运行时能力过滤","canonical_slug 为该渠道永久目录身份；不能由此保证调用 ID 永远固定到该版本或权重不可变。"
"OpenRouter","Claude Opus 4.7","anthropic/claude-opus-4.7","anthropic/claude-opus-4.7","固定性 / 对应版本待确认","anthropic/claude-4.7-opus-20260416","2026-09-21","https://openrouter.ai/api/v1/models ; https://openrouter.ai/docs/guides/overview/models","exact-id","动态目录候选；仍经运行时能力过滤","canonical_slug 为该渠道永久目录身份；不能由此保证调用 ID 永远固定到该版本或权重不可变。"
"OpenRouter","Claude Opus 4.8","anthropic/claude-opus-4.8","anthropic/claude-opus-4.8","固定性 / 对应版本待确认","anthropic/claude-4.8-opus-20260528","2026-09-21","https://openrouter.ai/api/v1/models ; https://openrouter.ai/docs/guides/overview/models","exact-id","动态目录候选；仍经运行时能力过滤","canonical_slug 为该渠道永久目录身份；不能由此保证调用 ID 永远固定到该版本或权重不可变。"
"OpenRouter","Claude Opus 5","anthropic/claude-opus-5","anthropic/claude-opus-5","固定性 / 对应版本待确认","anthropic/claude-opus-5-20260723","2026-09-21","https://openrouter.ai/api/v1/models ; https://openrouter.ai/docs/guides/overview/models","exact-id","动态目录候选；仍经运行时能力过滤","canonical_slug 为该渠道永久目录身份；不能由此保证调用 ID 永远固定到该版本或权重不可变。"
"OpenRouter","Claude Sonnet 4","anthropic/claude-sonnet-4","anthropic/claude-sonnet-4","固定性 / 对应版本待确认","anthropic/claude-4-sonnet-20250522","2026-09-21","https://openrouter.ai/api/v1/models ; https://openrouter.ai/docs/guides/overview/models","exact-id","动态目录候选；仍经运行时能力过滤","canonical_slug 为该渠道永久目录身份；不能由此保证调用 ID 永远固定到该版本或权重不可变。"
"OpenRouter","Claude Sonnet 4.5","anthropic/claude-sonnet-4.5","anthropic/claude-sonnet-4.5","固定性 / 对应版本待确认","anthropic/claude-4.5-sonnet-20250929","2026-09-21","https://openrouter.ai/api/v1/models ; https://openrouter.ai/docs/guides/overview/models","exact-id","动态目录候选；仍经运行时能力过滤","canonical_slug 为该渠道永久目录身份；不能由此保证调用 ID 永远固定到该版本或权重不可变。"
"OpenRouter","Claude Sonnet 4.6","anthropic/claude-sonnet-4.6","anthropic/claude-sonnet-4.6","固定性 / 对应版本待确认","anthropic/claude-4.6-sonnet-20260217","2026-09-21","https://openrouter.ai/api/v1/models ; https://openrouter.ai/docs/guides/overview/models","exact-id","动态目录候选；仍经运行时能力过滤","canonical_slug 为该渠道永久目录身份；不能由此保证调用 ID 永远固定到该版本或权重不可变。"
"OpenRouter","Claude Sonnet 5","anthropic/claude-sonnet-5","anthropic/claude-sonnet-5","固定性 / 对应版本待确认","anthropic/claude-sonnet-5-20260630","2026-09-21","https://openrouter.ai/api/v1/models ; https://openrouter.ai/docs/guides/overview/models","exact-id","动态目录候选；仍经运行时能力过滤","canonical_slug 为该渠道永久目录身份；不能由此保证调用 ID 永远固定到该版本或权重不可变。"
"OpenRouter","Trinity Large Thinking","arcee-ai/trinity-large-thinking","arcee-ai/trinity-large-thinking","固定性 / 对应版本待确认","arcee-ai/trinity-large-thinking","2026-09-21","https://openrouter.ai/api/v1/models ; https://openrouter.ai/docs/guides/overview/models","exact-id","动态目录候选；仍经运行时能力过滤","canonical_slug 为该渠道永久目录身份；不能由此保证调用 ID 永远固定到该版本或权重不可变。"
"OpenRouter","ERNIE 4.5 VL 424B A47B ","baidu/ernie-4.5-vl-424b-a47b","baidu/ernie-4.5-vl-424b-a47b","固定性 / 对应版本待确认","baidu/ernie-4.5-vl-424b-a47b","2026-09-21","https://openrouter.ai/api/v1/models ; https://openrouter.ai/docs/guides/overview/models","exact-id","动态目录候选；仍经运行时能力过滤","canonical_slug 为该渠道永久目录身份；不能由此保证调用 ID 永远固定到该版本或权重不可变。"
"OpenRouter","FLUX.2 Flex","black-forest-labs/flux.2-flex","black-forest-labs/flux.2-flex","固定性 / 对应版本待确认","待确认","2026-09-21","https://openrouter.ai/api/v1/images/models ; https://openrouter.ai/docs/guides/overview/models","exact-id","动态目录候选；仍经运行时能力过滤","canonical_slug 为该渠道永久目录身份；不能由此保证调用 ID 永远固定到该版本或权重不可变。"
"OpenRouter","FLUX.2 Klein 4B","black-forest-labs/flux.2-klein-4b","black-forest-labs/flux.2-klein-4b","固定性 / 对应版本待确认","待确认","2026-09-21","https://openrouter.ai/api/v1/images/models ; https://openrouter.ai/docs/guides/overview/models","exact-id","动态目录候选；仍经运行时能力过滤","canonical_slug 为该渠道永久目录身份；不能由此保证调用 ID 永远固定到该版本或权重不可变。"
"OpenRouter","FLUX.2 Max","black-forest-labs/flux.2-max","black-forest-labs/flux.2-max","固定性 / 对应版本待确认","待确认","2026-09-21","https://openrouter.ai/api/v1/images/models ; https://openrouter.ai/docs/guides/overview/models","exact-id","动态目录候选；仍经运行时能力过滤","canonical_slug 为该渠道永久目录身份；不能由此保证调用 ID 永远固定到该版本或权重不可变。"
"OpenRouter","FLUX.2 Pro","black-forest-labs/flux.2-pro","black-forest-labs/flux.2-pro","固定性 / 对应版本待确认","待确认","2026-09-21","https://openrouter.ai/api/v1/images/models ; https://openrouter.ai/docs/guides/overview/models","exact-id","动态目录候选；仍经运行时能力过滤","canonical_slug 为该渠道永久目录身份；不能由此保证调用 ID 永远固定到该版本或权重不可变。"
"OpenRouter","Seed 1.6","bytedance-seed/seed-1.6","bytedance-seed/seed-1.6","固定性 / 对应版本待确认","bytedance-seed/seed-1.6-20250625","2026-09-21","https://openrouter.ai/api/v1/models ; https://openrouter.ai/docs/guides/overview/models","exact-id","动态目录候选；仍经运行时能力过滤","canonical_slug 为该渠道永久目录身份；不能由此保证调用 ID 永远固定到该版本或权重不可变。"
"OpenRouter","Seed 1.6 Flash","bytedance-seed/seed-1.6-flash","bytedance-seed/seed-1.6-flash","固定性 / 对应版本待确认","bytedance-seed/seed-1.6-flash-20250625","2026-09-21","https://openrouter.ai/api/v1/models ; https://openrouter.ai/docs/guides/overview/models","exact-id","动态目录候选；仍经运行时能力过滤","canonical_slug 为该渠道永久目录身份；不能由此保证调用 ID 永远固定到该版本或权重不可变。"
"OpenRouter","Seed 2.1 Turbo","bytedance-seed/seed-2-1-turbo","bytedance-seed/seed-2-1-turbo","固定性 / 对应版本待确认","bytedance-seed/seed-2-1-turbo-20260810","2026-09-21","https://openrouter.ai/api/v1/models ; https://openrouter.ai/docs/guides/overview/models","exact-id","动态目录候选；仍经运行时能力过滤","canonical_slug 为该渠道永久目录身份；不能由此保证调用 ID 永远固定到该版本或权重不可变。"
"OpenRouter","Seed-2.0-Code","bytedance-seed/seed-2.0-code","bytedance-seed/seed-2.0-code","固定性 / 对应版本待确认","bytedance-seed/seed-2.0-code-20260730","2026-09-21","https://openrouter.ai/api/v1/models ; https://openrouter.ai/docs/guides/overview/models","exact-id","动态目录候选；仍经运行时能力过滤","canonical_slug 为该渠道永久目录身份；不能由此保证调用 ID 永远固定到该版本或权重不可变。"
"OpenRouter","Seed-2.0-Lite","bytedance-seed/seed-2.0-lite","bytedance-seed/seed-2.0-lite","固定性 / 对应版本待确认","bytedance-seed/seed-2.0-lite-20260309","2026-09-21","https://openrouter.ai/api/v1/models ; https://openrouter.ai/docs/guides/overview/models","exact-id","动态目录候选；仍经运行时能力过滤","canonical_slug 为该渠道永久目录身份；不能由此保证调用 ID 永远固定到该版本或权重不可变。"
"OpenRouter","Seed-2.0-Mini","bytedance-seed/seed-2.0-mini","bytedance-seed/seed-2.0-mini","固定性 / 对应版本待确认","bytedance-seed/seed-2.0-mini-20260224","2026-09-21","https://openrouter.ai/api/v1/models ; https://openrouter.ai/docs/guides/overview/models","exact-id","动态目录候选；仍经运行时能力过滤","canonical_slug 为该渠道永久目录身份；不能由此保证调用 ID 永远固定到该版本或权重不可变。"
"OpenRouter","Seedream 4.5","bytedance-seed/seedream-4.5","bytedance-seed/seedream-4.5","固定性 / 对应版本待确认","待确认","2026-09-21","https://openrouter.ai/api/v1/images/models ; https://openrouter.ai/docs/guides/overview/models","exact-id","动态目录候选；仍经运行时能力过滤","canonical_slug 为该渠道永久目录身份；不能由此保证调用 ID 永远固定到该版本或权重不可变。"
"OpenRouter","Seedream 5.0 Lite","bytedance-seed/seedream-5-0-lite","bytedance-seed/seedream-5-0-lite","固定性 / 对应版本待确认","待确认","2026-09-21","https://openrouter.ai/api/v1/images/models ; https://openrouter.ai/docs/guides/overview/models","exact-id","动态目录候选；仍经运行时能力过滤","canonical_slug 为该渠道永久目录身份；不能由此保证调用 ID 永远固定到该版本或权重不可变。"
"OpenRouter","Seedream 5.0 Pro","bytedance-seed/seedream-5-0-pro","bytedance-seed/seedream-5-0-pro","固定性 / 对应版本待确认","待确认","2026-09-21","https://openrouter.ai/api/v1/images/models ; https://openrouter.ai/docs/guides/overview/models","exact-id","动态目录候选；仍经运行时能力过滤","canonical_slug 为该渠道永久目录身份；不能由此保证调用 ID 永远固定到该版本或权重不可变。"
"OpenRouter","UI-TARS 7B ","bytedance/ui-tars-1.5-7b","bytedance/ui-tars-1.5-7b","固定性 / 对应版本待确认","bytedance/ui-tars-1.5-7b","2026-09-21","https://openrouter.ai/api/v1/models ; https://openrouter.ai/docs/guides/overview/models","exact-id","动态目录候选；仍经运行时能力过滤","canonical_slug 为该渠道永久目录身份；不能由此保证调用 ID 永远固定到该版本或权重不可变。"
"OpenRouter","Uncensored","cognitivecomputations/dolphin-mistral-24b-venice-edition","cognitivecomputations/dolphin-mistral-24b-venice-edition","固定性 / 对应版本待确认","venice/uncensored","2026-09-21","https://openrouter.ai/api/v1/models ; https://openrouter.ai/docs/guides/overview/models","exact-id","动态目录候选；仍经运行时能力过滤","canonical_slug 为该渠道永久目录身份；不能由此保证调用 ID 永远固定到该版本或权重不可变。"
"OpenRouter","Command A","cohere/command-a","cohere/command-a","固定性 / 对应版本待确认","cohere/command-a-03-2025","2026-09-21","https://openrouter.ai/api/v1/models ; https://openrouter.ai/docs/guides/overview/models","exact-id","动态目录候选；仍经运行时能力过滤","canonical_slug 为该渠道永久目录身份；不能由此保证调用 ID 永远固定到该版本或权重不可变。"
"OpenRouter","Command R (08-2024)","cohere/command-r-08-2024","cohere/command-r-08-2024","固定性 / 对应版本待确认","cohere/command-r-08-2024","2026-09-21","https://openrouter.ai/api/v1/models ; https://openrouter.ai/docs/guides/overview/models","exact-id","动态目录候选；仍经运行时能力过滤","canonical_slug 为该渠道永久目录身份；不能由此保证调用 ID 永远固定到该版本或权重不可变。"
"OpenRouter","Command R+ (08-2024)","cohere/command-r-plus-08-2024","cohere/command-r-plus-08-2024","固定性 / 对应版本待确认","cohere/command-r-plus-08-2024","2026-09-21","https://openrouter.ai/api/v1/models ; https://openrouter.ai/docs/guides/overview/models","exact-id","动态目录候选；仍经运行时能力过滤","canonical_slug 为该渠道永久目录身份；不能由此保证调用 ID 永远固定到该版本或权重不可变。"
"OpenRouter","Command R7B (12-2024)","cohere/command-r7b-12-2024","cohere/command-r7b-12-2024","固定性 / 对应版本待确认","cohere/command-r7b-12-2024","2026-09-21","https://openrouter.ai/api/v1/models ; https://openrouter.ai/docs/guides/overview/models","exact-id","动态目录候选；仍经运行时能力过滤","canonical_slug 为该渠道永久目录身份；不能由此保证调用 ID 永远固定到该版本或权重不可变。"
"OpenRouter","North Mini Code (free)","cohere/north-mini-code:free","cohere/north-mini-code:free","固定性 / 对应版本待确认","cohere/north-mini-code-20260617","2026-09-21","https://openrouter.ai/api/v1/models ; https://openrouter.ai/docs/guides/overview/models","exact-id","动态目录候选；仍经运行时能力过滤","canonical_slug 为该渠道永久目录身份；不能由此保证调用 ID 永远固定到该版本或权重不可变。"
"OpenRouter","DeepSeek V3","deepseek/deepseek-chat","deepseek/deepseek-chat","固定性 / 对应版本待确认","deepseek/deepseek-chat-v3","2026-09-21","https://openrouter.ai/api/v1/models ; https://openrouter.ai/docs/guides/overview/models","exact-id","动态目录候选；仍经运行时能力过滤","canonical_slug 为该渠道永久目录身份；不能由此保证调用 ID 永远固定到该版本或权重不可变。"
"OpenRouter","DeepSeek V3 0324","deepseek/deepseek-chat-v3-0324","deepseek/deepseek-chat-v3-0324","固定性 / 对应版本待确认","deepseek/deepseek-chat-v3-0324","2026-09-21","https://openrouter.ai/api/v1/models ; https://openrouter.ai/docs/guides/overview/models","exact-id","动态目录候选；仍经运行时能力过滤","canonical_slug 为该渠道永久目录身份；不能由此保证调用 ID 永远固定到该版本或权重不可变。"
"OpenRouter","DeepSeek V3.1","deepseek/deepseek-chat-v3.1","deepseek/deepseek-chat-v3.1","固定性 / 对应版本待确认","deepseek/deepseek-chat-v3.1","2026-09-21","https://openrouter.ai/api/v1/models ; https://openrouter.ai/docs/guides/overview/models","exact-id","动态目录候选；仍经运行时能力过滤","canonical_slug 为该渠道永久目录身份；不能由此保证调用 ID 永远固定到该版本或权重不可变。"
"OpenRouter","R1","deepseek/deepseek-r1","deepseek/deepseek-r1","固定性 / 对应版本待确认","deepseek/deepseek-r1","2026-09-21","https://openrouter.ai/api/v1/models ; https://openrouter.ai/docs/guides/overview/models","exact-id","动态目录候选；仍经运行时能力过滤","canonical_slug 为该渠道永久目录身份；不能由此保证调用 ID 永远固定到该版本或权重不可变。"
"OpenRouter","R1 0528","deepseek/deepseek-r1-0528","deepseek/deepseek-r1-0528","固定性 / 对应版本待确认","deepseek/deepseek-r1-0528","2026-09-21","https://openrouter.ai/api/v1/models ; https://openrouter.ai/docs/guides/overview/models","exact-id","动态目录候选；仍经运行时能力过滤","canonical_slug 为该渠道永久目录身份；不能由此保证调用 ID 永远固定到该版本或权重不可变。"
"OpenRouter","R1 Distill Llama 70B","deepseek/deepseek-r1-distill-llama-70b","deepseek/deepseek-r1-distill-llama-70b","固定性 / 对应版本待确认","deepseek/deepseek-r1-distill-llama-70b","2026-09-21","https://openrouter.ai/api/v1/models ; https://openrouter.ai/docs/guides/overview/models","exact-id","动态目录候选；仍经运行时能力过滤","canonical_slug 为该渠道永久目录身份；不能由此保证调用 ID 永远固定到该版本或权重不可变。"
"OpenRouter","DeepSeek V3.1 Terminus","deepseek/deepseek-v3.1-terminus","deepseek/deepseek-v3.1-terminus","固定性 / 对应版本待确认","deepseek/deepseek-v3.1-terminus","2026-09-21","https://openrouter.ai/api/v1/models ; https://openrouter.ai/docs/guides/overview/models","exact-id","动态目录候选；仍经运行时能力过滤","canonical_slug 为该渠道永久目录身份；不能由此保证调用 ID 永远固定到该版本或权重不可变。"
"OpenRouter","DeepSeek V3.2","deepseek/deepseek-v3.2","deepseek/deepseek-v3.2","固定性 / 对应版本待确认","deepseek/deepseek-v3.2-20251201","2026-09-21","https://openrouter.ai/api/v1/models ; https://openrouter.ai/docs/guides/overview/models","exact-id","动态目录候选；仍经运行时能力过滤","canonical_slug 为该渠道永久目录身份；不能由此保证调用 ID 永远固定到该版本或权重不可变。"
"OpenRouter","DeepSeek V3.2 Exp","deepseek/deepseek-v3.2-exp","deepseek/deepseek-v3.2-exp","固定性 / 对应版本待确认","deepseek/deepseek-v3.2-exp","2026-09-21","https://openrouter.ai/api/v1/models ; https://openrouter.ai/docs/guides/overview/models","exact-id","动态目录候选；仍经运行时能力过滤","canonical_slug 为该渠道永久目录身份；不能由此保证调用 ID 永远固定到该版本或权重不可变。"
"OpenRouter","DeepSeek V4 Flash 0423","deepseek/deepseek-v4-flash","deepseek/deepseek-v4-flash","固定性 / 对应版本待确认","deepseek/deepseek-v4-flash-20260423","2026-09-21","https://openrouter.ai/api/v1/models ; https://openrouter.ai/docs/guides/overview/models","exact-id","动态目录候选；仍经运行时能力过滤","canonical_slug 为该渠道永久目录身份；不能由此保证调用 ID 永远固定到该版本或权重不可变。"
"OpenRouter","DeepSeek V4 Flash 0731","deepseek/deepseek-v4-flash-0731","deepseek/deepseek-v4-flash-0731","固定性 / 对应版本待确认","deepseek/deepseek-v4-flash-20260731","2026-09-21","https://openrouter.ai/api/v1/models ; https://openrouter.ai/docs/guides/overview/models","exact-id","动态目录候选；仍经运行时能力过滤","canonical_slug 为该渠道永久目录身份；不能由此保证调用 ID 永远固定到该版本或权重不可变。"
"OpenRouter","DeepSeek V4 Flash Vision Exp","deepseek/deepseek-v4-flash-vision-exp","deepseek/deepseek-v4-flash-vision-exp","固定性 / 对应版本待确认","deepseek/deepseek-v4-flash-vision-exp-20260821","2026-09-21","https://openrouter.ai/api/v1/models ; https://openrouter.ai/docs/guides/overview/models","exact-id","动态目录候选；仍经运行时能力过滤","canonical_slug 为该渠道永久目录身份；不能由此保证调用 ID 永远固定到该版本或权重不可变。"
"OpenRouter","DeepSeek V4 Pro 0423","deepseek/deepseek-v4-pro","deepseek/deepseek-v4-pro","固定性 / 对应版本待确认","deepseek/deepseek-v4-pro-20260423","2026-09-21","https://openrouter.ai/api/v1/models ; https://openrouter.ai/docs/guides/overview/models","exact-id","动态目录候选；仍经运行时能力过滤","canonical_slug 为该渠道永久目录身份；不能由此保证调用 ID 永远固定到该版本或权重不可变。"
"OpenRouter","DeepSeek V4 Pro 0813","deepseek/deepseek-v4-pro-0813","deepseek/deepseek-v4-pro-0813","固定性 / 对应版本待确认","deepseek/deepseek-v4-pro-20260813","2026-09-21","https://openrouter.ai/api/v1/models ; https://openrouter.ai/docs/guides/overview/models","exact-id","动态目录候选；仍经运行时能力过滤","canonical_slug 为该渠道永久目录身份；不能由此保证调用 ID 永远固定到该版本或权重不可变。"
"OpenRouter","DeepSeek V4.1 Flash","deepseek/deepseek-v4.1-flash","deepseek/deepseek-v4.1-flash","固定性 / 对应版本待确认","deepseek/deepseek-v4.1-flash-20260910","2026-09-21","https://openrouter.ai/api/v1/models ; https://openrouter.ai/docs/guides/overview/models","exact-id","动态目录候选；仍经运行时能力过滤","canonical_slug 为该渠道永久目录身份；不能由此保证调用 ID 永远固定到该版本或权重不可变。"
"OpenRouter","Dots3-Note Preview (free)","dots-studio/dots-3-note-preview:free","dots-studio/dots-3-note-preview:free","固定性 / 对应版本待确认","dots-studio/dots-3-note-preview-20260813","2026-09-21","https://openrouter.ai/api/v1/models ; https://openrouter.ai/docs/guides/overview/models","exact-id","动态目录候选；仍经运行时能力过滤","canonical_slug 为该渠道永久目录身份；不能由此保证调用 ID 永远固定到该版本或权重不可变。"
"OpenRouter","Gemini 2.5 Flash","google/gemini-2.5-flash","google/gemini-2.5-flash","固定性 / 对应版本待确认","google/gemini-2.5-flash","2026-09-21","https://openrouter.ai/api/v1/models ; https://openrouter.ai/docs/guides/overview/models","exact-id","动态目录候选；仍经运行时能力过滤","canonical_slug 为该渠道永久目录身份；不能由此保证调用 ID 永远固定到该版本或权重不可变。"
"OpenRouter","Nano Banana (Gemini 2.5 Flash Image)","google/gemini-2.5-flash-image","google/gemini-2.5-flash-image","固定性 / 对应版本待确认","待确认","2026-09-21","https://openrouter.ai/api/v1/images/models ; https://openrouter.ai/api/v1/models ; https://openrouter.ai/docs/guides/overview/models","exact-id","动态目录候选；仍经运行时能力过滤","图像目录未声明 canonical_slug；文本目录的版本身份不能直接证明图像接口版本，合并条目保留待确认。"
"OpenRouter","Gemini 2.5 Flash Lite","google/gemini-2.5-flash-lite","google/gemini-2.5-flash-lite","固定性 / 对应版本待确认","google/gemini-2.5-flash-lite","2026-09-21","https://openrouter.ai/api/v1/models ; https://openrouter.ai/docs/guides/overview/models","exact-id","动态目录候选；仍经运行时能力过滤","canonical_slug 为该渠道永久目录身份；不能由此保证调用 ID 永远固定到该版本或权重不可变。"
"OpenRouter","Gemini 2.5 Pro","google/gemini-2.5-pro","google/gemini-2.5-pro","固定性 / 对应版本待确认","google/gemini-2.5-pro","2026-09-21","https://openrouter.ai/api/v1/models ; https://openrouter.ai/docs/guides/overview/models","exact-id","动态目录候选；仍经运行时能力过滤","canonical_slug 为该渠道永久目录身份；不能由此保证调用 ID 永远固定到该版本或权重不可变。"
"OpenRouter","Gemini 2.5 Pro Preview 06-05","google/gemini-2.5-pro-preview","google/gemini-2.5-pro-preview","固定性 / 对应版本待确认","google/gemini-2.5-pro-preview-06-05","2026-09-21","https://openrouter.ai/api/v1/models ; https://openrouter.ai/docs/guides/overview/models","exact-id","动态目录候选；仍经运行时能力过滤","canonical_slug 为该渠道永久目录身份；不能由此保证调用 ID 永远固定到该版本或权重不可变。"
"OpenRouter","Gemini 3 Flash Preview","google/gemini-3-flash-preview","google/gemini-3-flash-preview","固定性 / 对应版本待确认","google/gemini-3-flash-preview-20251217","2026-09-21","https://openrouter.ai/api/v1/models ; https://openrouter.ai/docs/guides/overview/models","exact-id","动态目录候选；仍经运行时能力过滤","canonical_slug 为该渠道永久目录身份；不能由此保证调用 ID 永远固定到该版本或权重不可变。"
"OpenRouter","Nano Banana Pro (Gemini 3 Pro Image)","google/gemini-3-pro-image","google/gemini-3-pro-image","固定性 / 对应版本待确认","待确认","2026-09-21","https://openrouter.ai/api/v1/images/models ; https://openrouter.ai/api/v1/models ; https://openrouter.ai/docs/guides/overview/models","exact-id","动态目录候选；仍经运行时能力过滤","图像目录未声明 canonical_slug；文本目录的版本身份不能直接证明图像接口版本，合并条目保留待确认。"
"OpenRouter","Nano Banana Pro (Gemini 3 Pro Image Preview)","google/gemini-3-pro-image-preview","google/gemini-3-pro-image-preview","固定性 / 对应版本待确认","待确认","2026-09-21","https://openrouter.ai/api/v1/images/models ; https://openrouter.ai/api/v1/models ; https://openrouter.ai/docs/guides/overview/models","exact-id","动态目录候选；仍经运行时能力过滤","图像目录未声明 canonical_slug；文本目录的版本身份不能直接证明图像接口版本，合并条目保留待确认。"
"OpenRouter","Nano Banana 2 (Gemini 3.1 Flash Image)","google/gemini-3.1-flash-image","google/gemini-3.1-flash-image","固定性 / 对应版本待确认","待确认","2026-09-21","https://openrouter.ai/api/v1/images/models ; https://openrouter.ai/api/v1/models ; https://openrouter.ai/docs/guides/overview/models","exact-id","动态目录候选；仍经运行时能力过滤","图像目录未声明 canonical_slug；文本目录的版本身份不能直接证明图像接口版本，合并条目保留待确认。"
"OpenRouter","Nano Banana 2 (Gemini 3.1 Flash Image Preview)","google/gemini-3.1-flash-image-preview","google/gemini-3.1-flash-image-preview","固定性 / 对应版本待确认","待确认","2026-09-21","https://openrouter.ai/api/v1/images/models ; https://openrouter.ai/api/v1/models ; https://openrouter.ai/docs/guides/overview/models","exact-id","动态目录候选；仍经运行时能力过滤","图像目录未声明 canonical_slug；文本目录的版本身份不能直接证明图像接口版本，合并条目保留待确认。"
"OpenRouter","Gemini 3.1 Flash Lite","google/gemini-3.1-flash-lite","google/gemini-3.1-flash-lite","固定性 / 对应版本待确认","google/gemini-3.1-flash-lite-20260507","2026-09-21","https://openrouter.ai/api/v1/models ; https://openrouter.ai/docs/guides/overview/models","exact-id","动态目录候选；仍经运行时能力过滤","canonical_slug 为该渠道永久目录身份；不能由此保证调用 ID 永远固定到该版本或权重不可变。"
"OpenRouter","Nano Banana 2 Lite (Gemini 3.1 Flash Lite Image)","google/gemini-3.1-flash-lite-image","google/gemini-3.1-flash-lite-image","固定性 / 对应版本待确认","待确认","2026-09-21","https://openrouter.ai/api/v1/images/models ; https://openrouter.ai/api/v1/models ; https://openrouter.ai/docs/guides/overview/models","exact-id","动态目录候选；仍经运行时能力过滤","图像目录未声明 canonical_slug；文本目录的版本身份不能直接证明图像接口版本，合并条目保留待确认。"
"OpenRouter","Gemini 3.1 Flash Lite Preview","google/gemini-3.1-flash-lite-preview","google/gemini-3.1-flash-lite-preview","固定性 / 对应版本待确认","google/gemini-3.1-flash-lite-preview-20260303","2026-09-21","https://openrouter.ai/api/v1/models ; https://openrouter.ai/docs/guides/overview/models","exact-id","动态目录候选；仍经运行时能力过滤","canonical_slug 为该渠道永久目录身份；不能由此保证调用 ID 永远固定到该版本或权重不可变。"
"OpenRouter","Gemini 3.1 Pro Preview","google/gemini-3.1-pro-preview","google/gemini-3.1-pro-preview","固定性 / 对应版本待确认","google/gemini-3.1-pro-preview-20260219","2026-09-21","https://openrouter.ai/api/v1/models ; https://openrouter.ai/docs/guides/overview/models","exact-id","动态目录候选；仍经运行时能力过滤","canonical_slug 为该渠道永久目录身份；不能由此保证调用 ID 永远固定到该版本或权重不可变。"
"OpenRouter","Gemini 3.1 Pro Preview Custom Tools","google/gemini-3.1-pro-preview-customtools","google/gemini-3.1-pro-preview-customtools","固定性 / 对应版本待确认","google/gemini-3.1-pro-preview-customtools-20260219","2026-09-21","https://openrouter.ai/api/v1/models ; https://openrouter.ai/docs/guides/overview/models","exact-id","动态目录候选；仍经运行时能力过滤","canonical_slug 为该渠道永久目录身份；不能由此保证调用 ID 永远固定到该版本或权重不可变。"
"OpenRouter","Gemini 3.5 Flash","google/gemini-3.5-flash","google/gemini-3.5-flash","固定性 / 对应版本待确认","google/gemini-3.5-flash-20260519","2026-09-21","https://openrouter.ai/api/v1/models ; https://openrouter.ai/docs/guides/overview/models","exact-id","动态目录候选；仍经运行时能力过滤","canonical_slug 为该渠道永久目录身份；不能由此保证调用 ID 永远固定到该版本或权重不可变。"
"OpenRouter","Gemini 3.5 Flash Lite","google/gemini-3.5-flash-lite","google/gemini-3.5-flash-lite","固定性 / 对应版本待确认","google/gemini-3.5-flash-lite-20260721","2026-09-21","https://openrouter.ai/api/v1/models ; https://openrouter.ai/docs/guides/overview/models","exact-id","动态目录候选；仍经运行时能力过滤","canonical_slug 为该渠道永久目录身份；不能由此保证调用 ID 永远固定到该版本或权重不可变。"
"OpenRouter","Gemini 3.6 Flash","google/gemini-3.6-flash","google/gemini-3.6-flash","固定性 / 对应版本待确认","google/gemini-3.6-flash-20260721","2026-09-21","https://openrouter.ai/api/v1/models ; https://openrouter.ai/docs/guides/overview/models","exact-id","动态目录候选；仍经运行时能力过滤","canonical_slug 为该渠道永久目录身份；不能由此保证调用 ID 永远固定到该版本或权重不可变。"
"OpenRouter","Gemini 3.7 Flash","google/gemini-3.7-flash","google/gemini-3.7-flash","固定性 / 对应版本待确认","google/gemini-3.7-flash-20260813","2026-09-21","https://openrouter.ai/api/v1/models ; https://openrouter.ai/docs/guides/overview/models","exact-id","动态目录候选；仍经运行时能力过滤","canonical_slug 为该渠道永久目录身份；不能由此保证调用 ID 永远固定到该版本或权重不可变。"
"OpenRouter","Gemini 3.8 Flash","google/gemini-3.8-flash","google/gemini-3.8-flash","固定性 / 对应版本待确认","google/gemini-3.8-flash-20260902","2026-09-21","https://openrouter.ai/api/v1/models ; https://openrouter.ai/docs/guides/overview/models","exact-id","动态目录候选；仍经运行时能力过滤","canonical_slug 为该渠道永久目录身份；不能由此保证调用 ID 永远固定到该版本或权重不可变。"
"OpenRouter","Gemma 2 27B","google/gemma-2-27b-it","google/gemma-2-27b-it","固定性 / 对应版本待确认","google/gemma-2-27b-it","2026-09-21","https://openrouter.ai/api/v1/models ; https://openrouter.ai/docs/guides/overview/models","exact-id","动态目录候选；仍经运行时能力过滤","canonical_slug 为该渠道永久目录身份；不能由此保证调用 ID 永远固定到该版本或权重不可变。"
"OpenRouter","Gemma 3 12B","google/gemma-3-12b-it","google/gemma-3-12b-it","固定性 / 对应版本待确认","google/gemma-3-12b-it","2026-09-21","https://openrouter.ai/api/v1/models ; https://openrouter.ai/docs/guides/overview/models","exact-id","动态目录候选；仍经运行时能力过滤","canonical_slug 为该渠道永久目录身份；不能由此保证调用 ID 永远固定到该版本或权重不可变。"
"OpenRouter","Gemma 3 27B","google/gemma-3-27b-it","google/gemma-3-27b-it","固定性 / 对应版本待确认","google/gemma-3-27b-it","2026-09-21","https://openrouter.ai/api/v1/models ; https://openrouter.ai/docs/guides/overview/models","exact-id","动态目录候选；仍经运行时能力过滤","canonical_slug 为该渠道永久目录身份；不能由此保证调用 ID 永远固定到该版本或权重不可变。"
"OpenRouter","Gemma 3 4B","google/gemma-3-4b-it","google/gemma-3-4b-it","固定性 / 对应版本待确认","google/gemma-3-4b-it","2026-09-21","https://openrouter.ai/api/v1/models ; https://openrouter.ai/docs/guides/overview/models","exact-id","动态目录候选；仍经运行时能力过滤","canonical_slug 为该渠道永久目录身份；不能由此保证调用 ID 永远固定到该版本或权重不可变。"
"OpenRouter","Gemma 4 26B A4B ","google/gemma-4-26b-a4b-it","google/gemma-4-26b-a4b-it","固定性 / 对应版本待确认","google/gemma-4-26b-a4b-it-20260403","2026-09-21","https://openrouter.ai/api/v1/models ; https://openrouter.ai/docs/guides/overview/models","exact-id","动态目录候选；仍经运行时能力过滤","canonical_slug 为该渠道永久目录身份；不能由此保证调用 ID 永远固定到该版本或权重不可变。"
"OpenRouter","Gemma 4 26B A4B  (free)","google/gemma-4-26b-a4b-it:free","google/gemma-4-26b-a4b-it:free","固定性 / 对应版本待确认","google/gemma-4-26b-a4b-it-20260403","2026-09-21","https://openrouter.ai/api/v1/models ; https://openrouter.ai/docs/guides/overview/models","exact-id","动态目录候选；仍经运行时能力过滤","canonical_slug 为该渠道永久目录身份；不能由此保证调用 ID 永远固定到该版本或权重不可变。"
"OpenRouter","Gemma 4 31B","google/gemma-4-31b-it","google/gemma-4-31b-it","固定性 / 对应版本待确认","google/gemma-4-31b-it-20260402","2026-09-21","https://openrouter.ai/api/v1/models ; https://openrouter.ai/docs/guides/overview/models","exact-id","动态目录候选；仍经运行时能力过滤","canonical_slug 为该渠道永久目录身份；不能由此保证调用 ID 永远固定到该版本或权重不可变。"
"OpenRouter","Gemma 4 31B (free)","google/gemma-4-31b-it:free","google/gemma-4-31b-it:free","固定性 / 对应版本待确认","google/gemma-4-31b-it-20260402","2026-09-21","https://openrouter.ai/api/v1/models ; https://openrouter.ai/docs/guides/overview/models","exact-id","动态目录候选；仍经运行时能力过滤","canonical_slug 为该渠道永久目录身份；不能由此保证调用 ID 永远固定到该版本或权重不可变。"
"OpenRouter","Lyria 3 Clip Preview","google/lyria-3-clip-preview","google/lyria-3-clip-preview","固定性 / 对应版本待确认","google/lyria-3-clip-preview-20260330","2026-09-21","https://openrouter.ai/api/v1/models ; https://openrouter.ai/docs/guides/overview/models","exact-id","动态目录候选；仍经运行时能力过滤","canonical_slug 为该渠道永久目录身份；不能由此保证调用 ID 永远固定到该版本或权重不可变。"
"OpenRouter","Lyria 3 Pro Preview","google/lyria-3-pro-preview","google/lyria-3-pro-preview","固定性 / 对应版本待确认","google/lyria-3-pro-preview-20260330","2026-09-21","https://openrouter.ai/api/v1/models ; https://openrouter.ai/docs/guides/overview/models","exact-id","动态目录候选；仍经运行时能力过滤","canonical_slug 为该渠道永久目录身份；不能由此保证调用 ID 永远固定到该版本或权重不可变。"
"OpenRouter","MythoMax 13B","gryphe/mythomax-l2-13b","gryphe/mythomax-l2-13b","固定性 / 对应版本待确认","gryphe/mythomax-l2-13b","2026-09-21","https://openrouter.ai/api/v1/models ; https://openrouter.ai/docs/guides/overview/models","exact-id","动态目录候选；仍经运行时能力过滤","canonical_slug 为该渠道永久目录身份；不能由此保证调用 ID 永远固定到该版本或权重不可变。"
"OpenRouter","Granite 4.0 Micro","ibm-granite/granite-4.0-h-micro","ibm-granite/granite-4.0-h-micro","固定性 / 对应版本待确认","ibm-granite/granite-4.0-h-micro","2026-09-21","https://openrouter.ai/api/v1/models ; https://openrouter.ai/docs/guides/overview/models","exact-id","动态目录候选；仍经运行时能力过滤","canonical_slug 为该渠道永久目录身份；不能由此保证调用 ID 永远固定到该版本或权重不可变。"
"OpenRouter","Granite 4.2 8B","ibm-granite/granite-4.2-8b","ibm-granite/granite-4.2-8b","固定性 / 对应版本待确认","ibm-granite/granite-4.2-8b-20260831","2026-09-21","https://openrouter.ai/api/v1/models ; https://openrouter.ai/docs/guides/overview/models","exact-id","动态目录候选；仍经运行时能力过滤","canonical_slug 为该渠道永久目录身份；不能由此保证调用 ID 永远固定到该版本或权重不可变。"
"OpenRouter","Mercury 2","inception/mercury-2","inception/mercury-2","固定性 / 对应版本待确认","inception/mercury-2-20260304","2026-09-21","https://openrouter.ai/api/v1/models ; https://openrouter.ai/docs/guides/overview/models","exact-id","动态目录候选；仍经运行时能力过滤","canonical_slug 为该渠道永久目录身份；不能由此保证调用 ID 永远固定到该版本或权重不可变。"
"OpenRouter","Mercury 2.5","inception/mercury-2.5","inception/mercury-2.5","固定性 / 对应版本待确认","inception/mercury-2.5-20260908","2026-09-21","https://openrouter.ai/api/v1/models ; https://openrouter.ai/docs/guides/overview/models","exact-id","动态目录候选；仍经运行时能力过滤","canonical_slug 为该渠道永久目录身份；不能由此保证调用 ID 永远固定到该版本或权重不可变。"
"OpenRouter","Ling 3.0 Flash","inclusionai/ling-3.0-flash","inclusionai/ling-3.0-flash","固定性 / 对应版本待确认","inclusionai/ling-3.0-flash-20260723","2026-09-21","https://openrouter.ai/api/v1/models ; https://openrouter.ai/docs/guides/overview/models","exact-id","动态目录候选；仍经运行时能力过滤","canonical_slug 为该渠道永久目录身份；不能由此保证调用 ID 永远固定到该版本或权重不可变。"
"OpenRouter","Ling 3.0 Flash Fin","inclusionai/ling-3.0-flash-fin","inclusionai/ling-3.0-flash-fin","固定性 / 对应版本待确认","inclusionai/ling-3.0-flash-fin-20260827","2026-09-21","https://openrouter.ai/api/v1/models ; https://openrouter.ai/docs/guides/overview/models","exact-id","动态目录候选；仍经运行时能力过滤","canonical_slug 为该渠道永久目录身份；不能由此保证调用 ID 永远固定到该版本或权重不可变。"
"OpenRouter","Ling 3.0 Flash Fin (free)","inclusionai/ling-3.0-flash-fin:free","inclusionai/ling-3.0-flash-fin:free","固定性 / 对应版本待确认","inclusionai/ling-3.0-flash-fin-20260827","2026-09-21","https://openrouter.ai/api/v1/models ; https://openrouter.ai/docs/guides/overview/models","exact-id","动态目录候选；仍经运行时能力过滤","canonical_slug 为该渠道永久目录身份；不能由此保证调用 ID 永远固定到该版本或权重不可变。"
"OpenRouter","Ling 3.0 Flash Sante (free)","inclusionai/ling-3.0-flash-sante:free","inclusionai/ling-3.0-flash-sante:free","固定性 / 对应版本待确认","inclusionai/ling-3.0-flash-sante-20260904","2026-09-21","https://openrouter.ai/api/v1/models ; https://openrouter.ai/docs/guides/overview/models","exact-id","动态目录候选；仍经运行时能力过滤","canonical_slug 为该渠道永久目录身份；不能由此保证调用 ID 永远固定到该版本或权重不可变。"
"OpenRouter","Ling 3.0 Flash VL","inclusionai/ling-3.0-flash-vl","inclusionai/ling-3.0-flash-vl","固定性 / 对应版本待确认","inclusionai/ling-3.0-flash-vl-20260910","2026-09-21","https://openrouter.ai/api/v1/models ; https://openrouter.ai/docs/guides/overview/models","exact-id","动态目录候选；仍经运行时能力过滤","canonical_slug 为该渠道永久目录身份；不能由此保证调用 ID 永远固定到该版本或权重不可变。"
"OpenRouter","Ling 3.0 Flash VL (free)","inclusionai/ling-3.0-flash-vl:free","inclusionai/ling-3.0-flash-vl:free","固定性 / 对应版本待确认","inclusionai/ling-3.0-flash-vl-20260910","2026-09-21","https://openrouter.ai/api/v1/models ; https://openrouter.ai/docs/guides/overview/models","exact-id","动态目录候选；仍经运行时能力过滤","canonical_slug 为该渠道永久目录身份；不能由此保证调用 ID 永远固定到该版本或权重不可变。"
"OpenRouter","Schematron V2 Small","inference-net/schematron-v2-small","inference-net/schematron-v2-small","固定性 / 对应版本待确认","inference-net/schematron-v2-small-20260902","2026-09-21","https://openrouter.ai/api/v1/models ; https://openrouter.ai/docs/guides/overview/models","exact-id","动态目录候选；仍经运行时能力过滤","canonical_slug 为该渠道永久目录身份；不能由此保证调用 ID 永远固定到该版本或权重不可变。"
"OpenRouter","Schematron V2 Turbo","inference-net/schematron-v2-turbo","inference-net/schematron-v2-turbo","固定性 / 对应版本待确认","inference-net/schematron-v2-turbo-20260902","2026-09-21","https://openrouter.ai/api/v1/models ; https://openrouter.ai/docs/guides/overview/models","exact-id","动态目录候选；仍经运行时能力过滤","canonical_slug 为该渠道永久目录身份；不能由此保证调用 ID 永远固定到该版本或权重不可变。"
"OpenRouter","Krea 2 Large","krea/krea-2-large","krea/krea-2-large","固定性 / 对应版本待确认","待确认","2026-09-21","https://openrouter.ai/api/v1/images/models ; https://openrouter.ai/docs/guides/overview/models","exact-id","动态目录候选；仍经运行时能力过滤","canonical_slug 为该渠道永久目录身份；不能由此保证调用 ID 永远固定到该版本或权重不可变。"
"OpenRouter","Krea 2 Medium","krea/krea-2-medium","krea/krea-2-medium","固定性 / 对应版本待确认","待确认","2026-09-21","https://openrouter.ai/api/v1/images/models ; https://openrouter.ai/docs/guides/overview/models","exact-id","动态目录候选；仍经运行时能力过滤","canonical_slug 为该渠道永久目录身份；不能由此保证调用 ID 永远固定到该版本或权重不可变。"
"OpenRouter","Krea 2 Medium Turbo","krea/krea-2-medium-turbo","krea/krea-2-medium-turbo","固定性 / 对应版本待确认","待确认","2026-09-21","https://openrouter.ai/api/v1/images/models ; https://openrouter.ai/docs/guides/overview/models","exact-id","动态目录候选；仍经运行时能力过滤","canonical_slug 为该渠道永久目录身份；不能由此保证调用 ID 永远固定到该版本或权重不可变。"
"OpenRouter","KAT-Coder-Pro V2","kwaipilot/kat-coder-pro-v2","kwaipilot/kat-coder-pro-v2","固定性 / 对应版本待确认","kwaipilot/kat-coder-pro-v2-20260327","2026-09-21","https://openrouter.ai/api/v1/models ; https://openrouter.ai/docs/guides/overview/models","exact-id","动态目录候选；仍经运行时能力过滤","canonical_slug 为该渠道永久目录身份；不能由此保证调用 ID 永远固定到该版本或权重不可变。"
"OpenRouter","KAT-Coder-Pro V2.5","kwaipilot/kat-coder-pro-v2.5","kwaipilot/kat-coder-pro-v2.5","固定性 / 对应版本待确认","kwaipilot/kat-coder-pro-v2.5-20260710","2026-09-21","https://openrouter.ai/api/v1/models ; https://openrouter.ai/docs/guides/overview/models","exact-id","动态目录候选；仍经运行时能力过滤","canonical_slug 为该渠道永久目录身份；不能由此保证调用 ID 永远固定到该版本或权重不可变。"
"OpenRouter","LFM2.5-2.6B (free)","liquid/lfm-2.5-2.6b:free","liquid/lfm-2.5-2.6b:free","固定性 / 对应版本待确认","liquid/lfm-2.5-2.6b-20260811","2026-09-21","https://openrouter.ai/api/v1/models ; https://openrouter.ai/docs/guides/overview/models","exact-id","动态目录候选；仍经运行时能力过滤","canonical_slug 为该渠道永久目录身份；不能由此保证调用 ID 永远固定到该版本或权重不可变。"
"OpenRouter","Weaver (alpha)","mancer/weaver","mancer/weaver","固定性 / 对应版本待确认","mancer/weaver","2026-09-21","https://openrouter.ai/api/v1/models ; https://openrouter.ai/docs/guides/overview/models","exact-id","动态目录候选；仍经运行时能力过滤","canonical_slug 为该渠道永久目录身份；不能由此保证调用 ID 永远固定到该版本或权重不可变。"
"OpenRouter","LongCat 2.0","meituan/longcat-2.0","meituan/longcat-2.0","固定性 / 对应版本待确认","meituan/longcat-2.0-20260720","2026-09-21","https://openrouter.ai/api/v1/models ; https://openrouter.ai/docs/guides/overview/models","exact-id","动态目录候选；仍经运行时能力过滤","canonical_slug 为该渠道永久目录身份；不能由此保证调用 ID 永远固定到该版本或权重不可变。"
"OpenRouter","Llama 3.1 70B Instruct","meta-llama/llama-3.1-70b-instruct","meta-llama/llama-3.1-70b-instruct","固定性 / 对应版本待确认","meta-llama/llama-3.1-70b-instruct","2026-09-21","https://openrouter.ai/api/v1/models ; https://openrouter.ai/docs/guides/overview/models","exact-id","动态目录候选；仍经运行时能力过滤","canonical_slug 为该渠道永久目录身份；不能由此保证调用 ID 永远固定到该版本或权重不可变。"
"OpenRouter","Llama 3.1 8B Instruct","meta-llama/llama-3.1-8b-instruct","meta-llama/llama-3.1-8b-instruct","固定性 / 对应版本待确认","meta-llama/llama-3.1-8b-instruct","2026-09-21","https://openrouter.ai/api/v1/models ; https://openrouter.ai/docs/guides/overview/models","exact-id","动态目录候选；仍经运行时能力过滤","canonical_slug 为该渠道永久目录身份；不能由此保证调用 ID 永远固定到该版本或权重不可变。"
"OpenRouter","Llama 3.2 1B Instruct","meta-llama/llama-3.2-1b-instruct","meta-llama/llama-3.2-1b-instruct","固定性 / 对应版本待确认","meta-llama/llama-3.2-1b-instruct","2026-09-21","https://openrouter.ai/api/v1/models ; https://openrouter.ai/docs/guides/overview/models","exact-id","动态目录候选；仍经运行时能力过滤","canonical_slug 为该渠道永久目录身份；不能由此保证调用 ID 永远固定到该版本或权重不可变。"
"OpenRouter","Llama 3.2 3B Instruct","meta-llama/llama-3.2-3b-instruct","meta-llama/llama-3.2-3b-instruct","固定性 / 对应版本待确认","meta-llama/llama-3.2-3b-instruct","2026-09-21","https://openrouter.ai/api/v1/models ; https://openrouter.ai/docs/guides/overview/models","exact-id","动态目录候选；仍经运行时能力过滤","canonical_slug 为该渠道永久目录身份；不能由此保证调用 ID 永远固定到该版本或权重不可变。"
"OpenRouter","Llama 3.3 70B Instruct","meta-llama/llama-3.3-70b-instruct","meta-llama/llama-3.3-70b-instruct","固定性 / 对应版本待确认","meta-llama/llama-3.3-70b-instruct","2026-09-21","https://openrouter.ai/api/v1/models ; https://openrouter.ai/docs/guides/overview/models","exact-id","动态目录候选；仍经运行时能力过滤","canonical_slug 为该渠道永久目录身份；不能由此保证调用 ID 永远固定到该版本或权重不可变。"
"OpenRouter","Llama 4 Maverick","meta-llama/llama-4-maverick","meta-llama/llama-4-maverick","固定性 / 对应版本待确认","meta-llama/llama-4-maverick-17b-128e-instruct","2026-09-21","https://openrouter.ai/api/v1/models ; https://openrouter.ai/docs/guides/overview/models","exact-id","动态目录候选；仍经运行时能力过滤","canonical_slug 为该渠道永久目录身份；不能由此保证调用 ID 永远固定到该版本或权重不可变。"
"OpenRouter","Llama 4 Scout","meta-llama/llama-4-scout","meta-llama/llama-4-scout","固定性 / 对应版本待确认","meta-llama/llama-4-scout-17b-16e-instruct","2026-09-21","https://openrouter.ai/api/v1/models ; https://openrouter.ai/docs/guides/overview/models","exact-id","动态目录候选；仍经运行时能力过滤","canonical_slug 为该渠道永久目录身份；不能由此保证调用 ID 永远固定到该版本或权重不可变。"
"OpenRouter","Llama Guard 4 12B","meta-llama/llama-guard-4-12b","meta-llama/llama-guard-4-12b","固定性 / 对应版本待确认","meta-llama/llama-guard-4-12b","2026-09-21","https://openrouter.ai/api/v1/models ; https://openrouter.ai/docs/guides/overview/models","exact-id","动态目录候选；仍经运行时能力过滤","canonical_slug 为该渠道永久目录身份；不能由此保证调用 ID 永远固定到该版本或权重不可变。"
"OpenRouter","Muse Glimmer 30B","meta/muse-glimmer-30b","meta/muse-glimmer-30b","固定性 / 对应版本待确认","meta/muse-glimmer-30b-20260810","2026-09-21","https://openrouter.ai/api/v1/models ; https://openrouter.ai/docs/guides/overview/models","exact-id","动态目录候选；仍经运行时能力过滤","canonical_slug 为该渠道永久目录身份；不能由此保证调用 ID 永远固定到该版本或权重不可变。"
"OpenRouter","Muse Image","meta/muse-image","meta/muse-image","固定性 / 对应版本待确认","待确认","2026-09-21","https://openrouter.ai/api/v1/images/models ; https://openrouter.ai/docs/guides/overview/models","exact-id","动态目录候选；仍经运行时能力过滤","canonical_slug 为该渠道永久目录身份；不能由此保证调用 ID 永远固定到该版本或权重不可变。"
"OpenRouter","Muse Spark 1.1","meta/muse-spark-1.1","meta/muse-spark-1.1","固定性 / 对应版本待确认","meta/muse-spark-1.1-20260709","2026-09-21","https://openrouter.ai/api/v1/models ; https://openrouter.ai/docs/guides/overview/models","exact-id","动态目录候选；仍经运行时能力过滤","canonical_slug 为该渠道永久目录身份；不能由此保证调用 ID 永远固定到该版本或权重不可变。"
"OpenRouter","Muse Spark 1.2","meta/muse-spark-1.2","meta/muse-spark-1.2","固定性 / 对应版本待确认","meta/muse-spark-1.2-20260805","2026-09-21","https://openrouter.ai/api/v1/models ; https://openrouter.ai/docs/guides/overview/models","exact-id","动态目录候选；仍经运行时能力过滤","canonical_slug 为该渠道永久目录身份；不能由此保证调用 ID 永远固定到该版本或权重不可变。"
"OpenRouter","Muse Spark 1.2 Contributor","meta/muse-spark-1.2-contributor","meta/muse-spark-1.2-contributor","固定性 / 对应版本待确认","meta/muse-spark-1.2-contributor-20260805","2026-09-21","https://openrouter.ai/api/v1/models ; https://openrouter.ai/docs/guides/overview/models","exact-id","动态目录候选；仍经运行时能力过滤","canonical_slug 为该渠道永久目录身份；不能由此保证调用 ID 永远固定到该版本或权重不可变。"
"OpenRouter","Muse Spark 1.3","meta/muse-spark-1.3","meta/muse-spark-1.3","固定性 / 对应版本待确认","meta/muse-spark-1.3-20260902","2026-09-21","https://openrouter.ai/api/v1/models ; https://openrouter.ai/docs/guides/overview/models","exact-id","动态目录候选；仍经运行时能力过滤","canonical_slug 为该渠道永久目录身份；不能由此保证调用 ID 永远固定到该版本或权重不可变。"
"OpenRouter","Muse Spark 1.3 Contributor","meta/muse-spark-1.3-contributor","meta/muse-spark-1.3-contributor","固定性 / 对应版本待确认","meta/muse-spark-1.3-contributor-20260902","2026-09-21","https://openrouter.ai/api/v1/models ; https://openrouter.ai/docs/guides/overview/models","exact-id","动态目录候选；仍经运行时能力过滤","canonical_slug 为该渠道永久目录身份；不能由此保证调用 ID 永远固定到该版本或权重不可变。"
"OpenRouter","MAI-Image-2.5","microsoft/mai-image-2.5","microsoft/mai-image-2.5","固定性 / 对应版本待确认","待确认","2026-09-21","https://openrouter.ai/api/v1/images/models ; https://openrouter.ai/docs/guides/overview/models","exact-id","动态目录候选；仍经运行时能力过滤","canonical_slug 为该渠道永久目录身份；不能由此保证调用 ID 永远固定到该版本或权重不可变。"
"OpenRouter","MAI-Image-2.5 Pro","microsoft/mai-image-2.5-pro","microsoft/mai-image-2.5-pro","固定性 / 对应版本待确认","待确认","2026-09-21","https://openrouter.ai/api/v1/images/models ; https://openrouter.ai/docs/guides/overview/models","exact-id","动态目录候选；仍经运行时能力过滤","canonical_slug 为该渠道永久目录身份；不能由此保证调用 ID 永远固定到该版本或权重不可变。"
"OpenRouter","MAI-Image-2.6","microsoft/mai-image-2.6","microsoft/mai-image-2.6","固定性 / 对应版本待确认","待确认","2026-09-21","https://openrouter.ai/api/v1/images/models ; https://openrouter.ai/docs/guides/overview/models","exact-id","动态目录候选；仍经运行时能力过滤","canonical_slug 为该渠道永久目录身份；不能由此保证调用 ID 永远固定到该版本或权重不可变。"
"OpenRouter","MAI-Image-2.6 Flash","microsoft/mai-image-2.6-flash","microsoft/mai-image-2.6-flash","固定性 / 对应版本待确认","待确认","2026-09-21","https://openrouter.ai/api/v1/images/models ; https://openrouter.ai/docs/guides/overview/models","exact-id","动态目录候选；仍经运行时能力过滤","canonical_slug 为该渠道永久目录身份；不能由此保证调用 ID 永远固定到该版本或权重不可变。"
"OpenRouter","Phi 4","microsoft/phi-4","microsoft/phi-4","固定性 / 对应版本待确认","microsoft/phi-4","2026-09-21","https://openrouter.ai/api/v1/models ; https://openrouter.ai/docs/guides/overview/models","exact-id","动态目录候选；仍经运行时能力过滤","canonical_slug 为该渠道永久目录身份；不能由此保证调用 ID 永远固定到该版本或权重不可变。"
"OpenRouter","WizardLM-2 8x22B","microsoft/wizardlm-2-8x22b","microsoft/wizardlm-2-8x22b","固定性 / 对应版本待确认","microsoft/wizardlm-2-8x22b","2026-09-21","https://openrouter.ai/api/v1/models ; https://openrouter.ai/docs/guides/overview/models","exact-id","动态目录候选；仍经运行时能力过滤","canonical_slug 为该渠道永久目录身份；不能由此保证调用 ID 永远固定到该版本或权重不可变。"
"OpenRouter","MiniMax-01","minimax/minimax-01","minimax/minimax-01","固定性 / 对应版本待确认","minimax/minimax-01","2026-09-21","https://openrouter.ai/api/v1/models ; https://openrouter.ai/docs/guides/overview/models","exact-id","动态目录候选；仍经运行时能力过滤","canonical_slug 为该渠道永久目录身份；不能由此保证调用 ID 永远固定到该版本或权重不可变。"
"OpenRouter","MiniMax M1","minimax/minimax-m1","minimax/minimax-m1","固定性 / 对应版本待确认","minimax/minimax-m1","2026-09-21","https://openrouter.ai/api/v1/models ; https://openrouter.ai/docs/guides/overview/models","exact-id","动态目录候选；仍经运行时能力过滤","canonical_slug 为该渠道永久目录身份；不能由此保证调用 ID 永远固定到该版本或权重不可变。"
"OpenRouter","MiniMax M2","minimax/minimax-m2","minimax/minimax-m2","固定性 / 对应版本待确认","minimax/minimax-m2","2026-09-21","https://openrouter.ai/api/v1/models ; https://openrouter.ai/docs/guides/overview/models","exact-id","动态目录候选；仍经运行时能力过滤","canonical_slug 为该渠道永久目录身份；不能由此保证调用 ID 永远固定到该版本或权重不可变。"
"OpenRouter","MiniMax M2-her","minimax/minimax-m2-her","minimax/minimax-m2-her","固定性 / 对应版本待确认","minimax/minimax-m2-her-20260123","2026-09-21","https://openrouter.ai/api/v1/models ; https://openrouter.ai/docs/guides/overview/models","exact-id","动态目录候选；仍经运行时能力过滤","canonical_slug 为该渠道永久目录身份；不能由此保证调用 ID 永远固定到该版本或权重不可变。"
"OpenRouter","MiniMax M2.1","minimax/minimax-m2.1","minimax/minimax-m2.1","固定性 / 对应版本待确认","minimax/minimax-m2.1","2026-09-21","https://openrouter.ai/api/v1/models ; https://openrouter.ai/docs/guides/overview/models","exact-id","动态目录候选；仍经运行时能力过滤","canonical_slug 为该渠道永久目录身份；不能由此保证调用 ID 永远固定到该版本或权重不可变。"
"OpenRouter","MiniMax M2.5","minimax/minimax-m2.5","minimax/minimax-m2.5","固定性 / 对应版本待确认","minimax/minimax-m2.5-20260211","2026-09-21","https://openrouter.ai/api/v1/models ; https://openrouter.ai/docs/guides/overview/models","exact-id","动态目录候选；仍经运行时能力过滤","canonical_slug 为该渠道永久目录身份；不能由此保证调用 ID 永远固定到该版本或权重不可变。"
"OpenRouter","MiniMax M2.7","minimax/minimax-m2.7","minimax/minimax-m2.7","固定性 / 对应版本待确认","minimax/minimax-m2.7-20260318","2026-09-21","https://openrouter.ai/api/v1/models ; https://openrouter.ai/docs/guides/overview/models","exact-id","动态目录候选；仍经运行时能力过滤","canonical_slug 为该渠道永久目录身份；不能由此保证调用 ID 永远固定到该版本或权重不可变。"
"OpenRouter","MiniMax M3","minimax/minimax-m3","minimax/minimax-m3","固定性 / 对应版本待确认","minimax/minimax-m3-20260531","2026-09-21","https://openrouter.ai/api/v1/models ; https://openrouter.ai/docs/guides/overview/models","exact-id","动态目录候选；仍经运行时能力过滤","canonical_slug 为该渠道永久目录身份；不能由此保证调用 ID 永远固定到该版本或权重不可变。"
"OpenRouter","Codestral 2508","mistralai/codestral-2508","mistralai/codestral-2508","固定性 / 对应版本待确认","mistralai/codestral-2508","2026-09-21","https://openrouter.ai/api/v1/models ; https://openrouter.ai/docs/guides/overview/models","exact-id","动态目录候选；仍经运行时能力过滤","canonical_slug 为该渠道永久目录身份；不能由此保证调用 ID 永远固定到该版本或权重不可变。"
"OpenRouter","Devstral 2 2512","mistralai/devstral-2512","mistralai/devstral-2512","固定性 / 对应版本待确认","mistralai/devstral-2512","2026-09-21","https://openrouter.ai/api/v1/models ; https://openrouter.ai/docs/guides/overview/models","exact-id","动态目录候选；仍经运行时能力过滤","canonical_slug 为该渠道永久目录身份；不能由此保证调用 ID 永远固定到该版本或权重不可变。"
"OpenRouter","Ministral 3 14B 2512","mistralai/ministral-14b-2512","mistralai/ministral-14b-2512","固定性 / 对应版本待确认","mistralai/ministral-14b-2512","2026-09-21","https://openrouter.ai/api/v1/models ; https://openrouter.ai/docs/guides/overview/models","exact-id","动态目录候选；仍经运行时能力过滤","canonical_slug 为该渠道永久目录身份；不能由此保证调用 ID 永远固定到该版本或权重不可变。"
"OpenRouter","Ministral 3 3B 2512","mistralai/ministral-3b-2512","mistralai/ministral-3b-2512","固定性 / 对应版本待确认","mistralai/ministral-3b-2512","2026-09-21","https://openrouter.ai/api/v1/models ; https://openrouter.ai/docs/guides/overview/models","exact-id","动态目录候选；仍经运行时能力过滤","canonical_slug 为该渠道永久目录身份；不能由此保证调用 ID 永远固定到该版本或权重不可变。"
"OpenRouter","Ministral 3 8B 2512","mistralai/ministral-8b-2512","mistralai/ministral-8b-2512","固定性 / 对应版本待确认","mistralai/ministral-8b-2512","2026-09-21","https://openrouter.ai/api/v1/models ; https://openrouter.ai/docs/guides/overview/models","exact-id","动态目录候选；仍经运行时能力过滤","canonical_slug 为该渠道永久目录身份；不能由此保证调用 ID 永远固定到该版本或权重不可变。"
"OpenRouter","Mistral Large","mistralai/mistral-large","mistralai/mistral-large","固定性 / 对应版本待确认","mistralai/mistral-large","2026-09-21","https://openrouter.ai/api/v1/models ; https://openrouter.ai/docs/guides/overview/models","exact-id","动态目录候选；仍经运行时能力过滤","canonical_slug 为该渠道永久目录身份；不能由此保证调用 ID 永远固定到该版本或权重不可变。"
"OpenRouter","Mistral Large 2407","mistralai/mistral-large-2407","mistralai/mistral-large-2407","固定性 / 对应版本待确认","mistralai/mistral-large-2407","2026-09-21","https://openrouter.ai/api/v1/models ; https://openrouter.ai/docs/guides/overview/models","exact-id","动态目录候选；仍经运行时能力过滤","canonical_slug 为该渠道永久目录身份；不能由此保证调用 ID 永远固定到该版本或权重不可变。"
"OpenRouter","Mistral Medium 3","mistralai/mistral-medium-3","mistralai/mistral-medium-3","固定性 / 对应版本待确认","mistralai/mistral-medium-3","2026-09-21","https://openrouter.ai/api/v1/models ; https://openrouter.ai/docs/guides/overview/models","exact-id","动态目录候选；仍经运行时能力过滤","canonical_slug 为该渠道永久目录身份；不能由此保证调用 ID 永远固定到该版本或权重不可变。"
"OpenRouter","Mistral Medium 3.5","mistralai/mistral-medium-3-5","mistralai/mistral-medium-3-5","固定性 / 对应版本待确认","mistralai/mistral-medium-3.5-20260430","2026-09-21","https://openrouter.ai/api/v1/models ; https://openrouter.ai/docs/guides/overview/models","exact-id","动态目录候选；仍经运行时能力过滤","canonical_slug 为该渠道永久目录身份；不能由此保证调用 ID 永远固定到该版本或权重不可变。"
"OpenRouter","Mistral Medium 3.1","mistralai/mistral-medium-3.1","mistralai/mistral-medium-3.1","固定性 / 对应版本待确认","mistralai/mistral-medium-3.1","2026-09-21","https://openrouter.ai/api/v1/models ; https://openrouter.ai/docs/guides/overview/models","exact-id","动态目录候选；仍经运行时能力过滤","canonical_slug 为该渠道永久目录身份；不能由此保证调用 ID 永远固定到该版本或权重不可变。"
"OpenRouter","Mistral Nemo","mistralai/mistral-nemo","mistralai/mistral-nemo","固定性 / 对应版本待确认","mistralai/mistral-nemo","2026-09-21","https://openrouter.ai/api/v1/models ; https://openrouter.ai/docs/guides/overview/models","exact-id","动态目录候选；仍经运行时能力过滤","canonical_slug 为该渠道永久目录身份；不能由此保证调用 ID 永远固定到该版本或权重不可变。"
"OpenRouter","Saba","mistralai/mistral-saba","mistralai/mistral-saba","固定性 / 对应版本待确认","mistralai/mistral-saba-2502","2026-09-21","https://openrouter.ai/api/v1/models ; https://openrouter.ai/docs/guides/overview/models","exact-id","动态目录候选；仍经运行时能力过滤","canonical_slug 为该渠道永久目录身份；不能由此保证调用 ID 永远固定到该版本或权重不可变。"
"OpenRouter","Mistral Small 3","mistralai/mistral-small-24b-instruct-2501","mistralai/mistral-small-24b-instruct-2501","固定性 / 对应版本待确认","mistralai/mistral-small-24b-instruct-2501","2026-09-21","https://openrouter.ai/api/v1/models ; https://openrouter.ai/docs/guides/overview/models","exact-id","动态目录候选；仍经运行时能力过滤","canonical_slug 为该渠道永久目录身份；不能由此保证调用 ID 永远固定到该版本或权重不可变。"
"OpenRouter","Mistral Small 4","mistralai/mistral-small-2603","mistralai/mistral-small-2603","固定性 / 对应版本待确认","mistralai/mistral-small-2603","2026-09-21","https://openrouter.ai/api/v1/models ; https://openrouter.ai/docs/guides/overview/models","exact-id","动态目录候选；仍经运行时能力过滤","canonical_slug 为该渠道永久目录身份；不能由此保证调用 ID 永远固定到该版本或权重不可变。"
"OpenRouter","Mistral Small 3.1 24B","mistralai/mistral-small-3.1-24b-instruct","mistralai/mistral-small-3.1-24b-instruct","固定性 / 对应版本待确认","mistralai/mistral-small-3.1-24b-instruct-2503","2026-09-21","https://openrouter.ai/api/v1/models ; https://openrouter.ai/docs/guides/overview/models","exact-id","动态目录候选；仍经运行时能力过滤","canonical_slug 为该渠道永久目录身份；不能由此保证调用 ID 永远固定到该版本或权重不可变。"
"OpenRouter","Mistral Small 3.2 24B","mistralai/mistral-small-3.2-24b-instruct","mistralai/mistral-small-3.2-24b-instruct","固定性 / 对应版本待确认","mistralai/mistral-small-3.2-24b-instruct-2506","2026-09-21","https://openrouter.ai/api/v1/models ; https://openrouter.ai/docs/guides/overview/models","exact-id","动态目录候选；仍经运行时能力过滤","canonical_slug 为该渠道永久目录身份；不能由此保证调用 ID 永远固定到该版本或权重不可变。"
"OpenRouter","Mixtral 8x22B Instruct","mistralai/mixtral-8x22b-instruct","mistralai/mixtral-8x22b-instruct","固定性 / 对应版本待确认","mistralai/mixtral-8x22b-instruct","2026-09-21","https://openrouter.ai/api/v1/models ; https://openrouter.ai/docs/guides/overview/models","exact-id","动态目录候选；仍经运行时能力过滤","canonical_slug 为该渠道永久目录身份；不能由此保证调用 ID 永远固定到该版本或权重不可变。"
"OpenRouter","Voxtral Small 24B 2507","mistralai/voxtral-small-24b-2507","mistralai/voxtral-small-24b-2507","固定性 / 对应版本待确认","mistralai/voxtral-small-24b-2507","2026-09-21","https://openrouter.ai/api/v1/models ; https://openrouter.ai/docs/guides/overview/models","exact-id","动态目录候选；仍经运行时能力过滤","canonical_slug 为该渠道永久目录身份；不能由此保证调用 ID 永远固定到该版本或权重不可变。"
"OpenRouter","Kimi K2 0711","moonshotai/kimi-k2","moonshotai/kimi-k2","固定性 / 对应版本待确认","moonshotai/kimi-k2","2026-09-21","https://openrouter.ai/api/v1/models ; https://openrouter.ai/docs/guides/overview/models","exact-id","动态目录候选；仍经运行时能力过滤","canonical_slug 为该渠道永久目录身份；不能由此保证调用 ID 永远固定到该版本或权重不可变。"
"OpenRouter","Kimi K2 0905","moonshotai/kimi-k2-0905","moonshotai/kimi-k2-0905","固定性 / 对应版本待确认","moonshotai/kimi-k2-0905","2026-09-21","https://openrouter.ai/api/v1/models ; https://openrouter.ai/docs/guides/overview/models","exact-id","动态目录候选；仍经运行时能力过滤","canonical_slug 为该渠道永久目录身份；不能由此保证调用 ID 永远固定到该版本或权重不可变。"
"OpenRouter","Kimi K2 Thinking","moonshotai/kimi-k2-thinking","moonshotai/kimi-k2-thinking","固定性 / 对应版本待确认","moonshotai/kimi-k2-thinking-20251106","2026-09-21","https://openrouter.ai/api/v1/models ; https://openrouter.ai/docs/guides/overview/models","exact-id","动态目录候选；仍经运行时能力过滤","canonical_slug 为该渠道永久目录身份；不能由此保证调用 ID 永远固定到该版本或权重不可变。"
"OpenRouter","Kimi K2.5","moonshotai/kimi-k2.5","moonshotai/kimi-k2.5","固定性 / 对应版本待确认","moonshotai/kimi-k2.5-0127","2026-09-21","https://openrouter.ai/api/v1/models ; https://openrouter.ai/docs/guides/overview/models","exact-id","动态目录候选；仍经运行时能力过滤","canonical_slug 为该渠道永久目录身份；不能由此保证调用 ID 永远固定到该版本或权重不可变。"
"OpenRouter","Kimi K2.6","moonshotai/kimi-k2.6","moonshotai/kimi-k2.6","固定性 / 对应版本待确认","moonshotai/kimi-k2.6-20260420","2026-09-21","https://openrouter.ai/api/v1/models ; https://openrouter.ai/docs/guides/overview/models","exact-id","动态目录候选；仍经运行时能力过滤","canonical_slug 为该渠道永久目录身份；不能由此保证调用 ID 永远固定到该版本或权重不可变。"
"OpenRouter","Kimi K2.7 Code","moonshotai/kimi-k2.7-code","moonshotai/kimi-k2.7-code","固定性 / 对应版本待确认","moonshotai/kimi-k2.7-code-20260612","2026-09-21","https://openrouter.ai/api/v1/models ; https://openrouter.ai/docs/guides/overview/models","exact-id","动态目录候选；仍经运行时能力过滤","canonical_slug 为该渠道永久目录身份；不能由此保证调用 ID 永远固定到该版本或权重不可变。"
"OpenRouter","Kimi K3","moonshotai/kimi-k3","moonshotai/kimi-k3","固定性 / 对应版本待确认","moonshotai/kimi-k3-20260715","2026-09-21","https://openrouter.ai/api/v1/models ; https://openrouter.ai/docs/guides/overview/models","exact-id","动态目录候选；仍经运行时能力过滤","canonical_slug 为该渠道永久目录身份；不能由此保证调用 ID 永远固定到该版本或权重不可变。"
"OpenRouter","Morph V3 Fast","morph/morph-v3-fast","morph/morph-v3-fast","固定性 / 对应版本待确认","morph/morph-v3-fast","2026-09-21","https://openrouter.ai/api/v1/models ; https://openrouter.ai/docs/guides/overview/models","exact-id","动态目录候选；仍经运行时能力过滤","canonical_slug 为该渠道永久目录身份；不能由此保证调用 ID 永远固定到该版本或权重不可变。"
"OpenRouter","Morph V3 Large","morph/morph-v3-large","morph/morph-v3-large","固定性 / 对应版本待确认","morph/morph-v3-large","2026-09-21","https://openrouter.ai/api/v1/models ; https://openrouter.ai/docs/guides/overview/models","exact-id","动态目录候选；仍经运行时能力过滤","canonical_slug 为该渠道永久目录身份；不能由此保证调用 ID 永远固定到该版本或权重不可变。"
"OpenRouter","Nex-N2.5-Mini (free)","nex-agi/nex-n2.5-mini:free","nex-agi/nex-n2.5-mini:free","固定性 / 对应版本待确认","nex-agi/nex-n2.5-mini-20260908","2026-09-21","https://openrouter.ai/api/v1/models ; https://openrouter.ai/docs/guides/overview/models","exact-id","动态目录候选；仍经运行时能力过滤","canonical_slug 为该渠道永久目录身份；不能由此保证调用 ID 永远固定到该版本或权重不可变。"
"OpenRouter","Nex-N2.5-Pro (free)","nex-agi/nex-n2.5-pro:free","nex-agi/nex-n2.5-pro:free","固定性 / 对应版本待确认","nex-agi/nex-n2.5-pro-20260907","2026-09-21","https://openrouter.ai/api/v1/models ; https://openrouter.ai/docs/guides/overview/models","exact-id","动态目录候选；仍经运行时能力过滤","canonical_slug 为该渠道永久目录身份；不能由此保证调用 ID 永远固定到该版本或权重不可变。"
"OpenRouter","Hermes 3 405B Instruct","nousresearch/hermes-3-llama-3.1-405b","nousresearch/hermes-3-llama-3.1-405b","固定性 / 对应版本待确认","nousresearch/hermes-3-llama-3.1-405b","2026-09-21","https://openrouter.ai/api/v1/models ; https://openrouter.ai/docs/guides/overview/models","exact-id","动态目录候选；仍经运行时能力过滤","canonical_slug 为该渠道永久目录身份；不能由此保证调用 ID 永远固定到该版本或权重不可变。"
"OpenRouter","Hermes 3 70B Instruct","nousresearch/hermes-3-llama-3.1-70b","nousresearch/hermes-3-llama-3.1-70b","固定性 / 对应版本待确认","nousresearch/hermes-3-llama-3.1-70b","2026-09-21","https://openrouter.ai/api/v1/models ; https://openrouter.ai/docs/guides/overview/models","exact-id","动态目录候选；仍经运行时能力过滤","canonical_slug 为该渠道永久目录身份；不能由此保证调用 ID 永远固定到该版本或权重不可变。"
"OpenRouter","Hermes 4 405B","nousresearch/hermes-4-405b","nousresearch/hermes-4-405b","固定性 / 对应版本待确认","nousresearch/hermes-4-405b","2026-09-21","https://openrouter.ai/api/v1/models ; https://openrouter.ai/docs/guides/overview/models","exact-id","动态目录候选；仍经运行时能力过滤","canonical_slug 为该渠道永久目录身份；不能由此保证调用 ID 永远固定到该版本或权重不可变。"
"OpenRouter","Nemotron 3 Nano 30B A3B","nvidia/nemotron-3-nano-30b-a3b","nvidia/nemotron-3-nano-30b-a3b","固定性 / 对应版本待确认","nvidia/nemotron-3-nano-30b-a3b","2026-09-21","https://openrouter.ai/api/v1/models ; https://openrouter.ai/docs/guides/overview/models","exact-id","动态目录候选；仍经运行时能力过滤","canonical_slug 为该渠道永久目录身份；不能由此保证调用 ID 永远固定到该版本或权重不可变。"
"OpenRouter","Nemotron 3 Nano Omni (free)","nvidia/nemotron-3-nano-omni-30b-a3b-reasoning:free","nvidia/nemotron-3-nano-omni-30b-a3b-reasoning:free","固定性 / 对应版本待确认","nvidia/nemotron-3-nano-omni-30b-a3b-reasoning-20260428","2026-09-21","https://openrouter.ai/api/v1/models ; https://openrouter.ai/docs/guides/overview/models","exact-id","动态目录候选；仍经运行时能力过滤","canonical_slug 为该渠道永久目录身份；不能由此保证调用 ID 永远固定到该版本或权重不可变。"
"OpenRouter","Nemotron 3 Super","nvidia/nemotron-3-super-120b-a12b","nvidia/nemotron-3-super-120b-a12b","固定性 / 对应版本待确认","nvidia/nemotron-3-super-120b-a12b-20230311","2026-09-21","https://openrouter.ai/api/v1/models ; https://openrouter.ai/docs/guides/overview/models","exact-id","动态目录候选；仍经运行时能力过滤","canonical_slug 为该渠道永久目录身份；不能由此保证调用 ID 永远固定到该版本或权重不可变。"
"OpenRouter","Nemotron 3 Super (free)","nvidia/nemotron-3-super-120b-a12b:free","nvidia/nemotron-3-super-120b-a12b:free","固定性 / 对应版本待确认","nvidia/nemotron-3-super-120b-a12b-20230311","2026-09-21","https://openrouter.ai/api/v1/models ; https://openrouter.ai/docs/guides/overview/models","exact-id","动态目录候选；仍经运行时能力过滤","canonical_slug 为该渠道永久目录身份；不能由此保证调用 ID 永远固定到该版本或权重不可变。"
"OpenRouter","Nemotron 3 Ultra","nvidia/nemotron-3-ultra-550b-a55b","nvidia/nemotron-3-ultra-550b-a55b","固定性 / 对应版本待确认","nvidia/nemotron-3-ultra-550b-a55b-20260604","2026-09-21","https://openrouter.ai/api/v1/models ; https://openrouter.ai/docs/guides/overview/models","exact-id","动态目录候选；仍经运行时能力过滤","canonical_slug 为该渠道永久目录身份；不能由此保证调用 ID 永远固定到该版本或权重不可变。"
"OpenRouter","Nemotron 3 Ultra (free)","nvidia/nemotron-3-ultra-550b-a55b:free","nvidia/nemotron-3-ultra-550b-a55b:free","固定性 / 对应版本待确认","nvidia/nemotron-3-ultra-550b-a55b-20260604","2026-09-21","https://openrouter.ai/api/v1/models ; https://openrouter.ai/docs/guides/overview/models","exact-id","动态目录候选；仍经运行时能力过滤","canonical_slug 为该渠道永久目录身份；不能由此保证调用 ID 永远固定到该版本或权重不可变。"
"OpenRouter","Nemotron 3.5 Content Safety","nvidia/nemotron-3.5-content-safety","nvidia/nemotron-3.5-content-safety","固定性 / 对应版本待确认","nvidia/nemotron-3.5-content-safety-20260604","2026-09-21","https://openrouter.ai/api/v1/models ; https://openrouter.ai/docs/guides/overview/models","exact-id","动态目录候选；仍经运行时能力过滤","canonical_slug 为该渠道永久目录身份；不能由此保证调用 ID 永远固定到该版本或权重不可变。"
"OpenRouter","Nemotron 3.5 Content Safety (free)","nvidia/nemotron-3.5-content-safety:free","nvidia/nemotron-3.5-content-safety:free","固定性 / 对应版本待确认","nvidia/nemotron-3.5-content-safety-20260604","2026-09-21","https://openrouter.ai/api/v1/models ; https://openrouter.ai/docs/guides/overview/models","exact-id","动态目录候选；仍经运行时能力过滤","canonical_slug 为该渠道永久目录身份；不能由此保证调用 ID 永远固定到该版本或权重不可变。"
"OpenRouter","Nemotron 3.5 Lightning","nvidia/nemotron-3.5-lightning","nvidia/nemotron-3.5-lightning","固定性 / 对应版本待确认","nvidia/nemotron-3.5-lightning-20260807","2026-09-21","https://openrouter.ai/api/v1/models ; https://openrouter.ai/docs/guides/overview/models","exact-id","动态目录候选；仍经运行时能力过滤","canonical_slug 为该渠道永久目录身份；不能由此保证调用 ID 永远固定到该版本或权重不可变。"
"OpenRouter","Nemotron 3.5 Lightning (free)","nvidia/nemotron-3.5-lightning:free","nvidia/nemotron-3.5-lightning:free","固定性 / 对应版本待确认","nvidia/nemotron-3.5-lightning-20260807","2026-09-21","https://openrouter.ai/api/v1/models ; https://openrouter.ai/docs/guides/overview/models","exact-id","动态目录候选；仍经运行时能力过滤","canonical_slug 为该渠道永久目录身份；不能由此保证调用 ID 永远固定到该版本或权重不可变。"
"OpenRouter","GPT-3.5 Turbo","openai/gpt-3.5-turbo","openai/gpt-3.5-turbo","固定性 / 对应版本待确认","openai/gpt-3.5-turbo","2026-09-21","https://openrouter.ai/api/v1/models ; https://openrouter.ai/docs/guides/overview/models","exact-id","动态目录候选；仍经运行时能力过滤","canonical_slug 为该渠道永久目录身份；不能由此保证调用 ID 永远固定到该版本或权重不可变。"
"OpenRouter","GPT-3.5 Turbo (older v0613)","openai/gpt-3.5-turbo-0613","openai/gpt-3.5-turbo-0613","固定性 / 对应版本待确认","openai/gpt-3.5-turbo-0613","2026-09-21","https://openrouter.ai/api/v1/models ; https://openrouter.ai/docs/guides/overview/models","exact-id","动态目录候选；仍经运行时能力过滤","canonical_slug 为该渠道永久目录身份；不能由此保证调用 ID 永远固定到该版本或权重不可变。"
"OpenRouter","GPT-3.5 Turbo 16k","openai/gpt-3.5-turbo-16k","openai/gpt-3.5-turbo-16k","固定性 / 对应版本待确认","openai/gpt-3.5-turbo-16k","2026-09-21","https://openrouter.ai/api/v1/models ; https://openrouter.ai/docs/guides/overview/models","exact-id","动态目录候选；仍经运行时能力过滤","canonical_slug 为该渠道永久目录身份；不能由此保证调用 ID 永远固定到该版本或权重不可变。"
"OpenRouter","GPT-3.5 Turbo Instruct","openai/gpt-3.5-turbo-instruct","openai/gpt-3.5-turbo-instruct","固定性 / 对应版本待确认","openai/gpt-3.5-turbo-instruct","2026-09-21","https://openrouter.ai/api/v1/models ; https://openrouter.ai/docs/guides/overview/models","exact-id","动态目录候选；仍经运行时能力过滤","canonical_slug 为该渠道永久目录身份；不能由此保证调用 ID 永远固定到该版本或权重不可变。"
"OpenRouter","GPT-4","openai/gpt-4","openai/gpt-4","固定性 / 对应版本待确认","openai/gpt-4","2026-09-21","https://openrouter.ai/api/v1/models ; https://openrouter.ai/docs/guides/overview/models","exact-id","动态目录候选；仍经运行时能力过滤","canonical_slug 为该渠道永久目录身份；不能由此保证调用 ID 永远固定到该版本或权重不可变。"
"OpenRouter","GPT-4 Turbo","openai/gpt-4-turbo","openai/gpt-4-turbo","固定性 / 对应版本待确认","openai/gpt-4-turbo","2026-09-21","https://openrouter.ai/api/v1/models ; https://openrouter.ai/docs/guides/overview/models","exact-id","动态目录候选；仍经运行时能力过滤","canonical_slug 为该渠道永久目录身份；不能由此保证调用 ID 永远固定到该版本或权重不可变。"
"OpenRouter","GPT-4.1","openai/gpt-4.1","openai/gpt-4.1","固定性 / 对应版本待确认","openai/gpt-4.1-2025-04-14","2026-09-21","https://openrouter.ai/api/v1/models ; https://openrouter.ai/docs/guides/overview/models","exact-id","动态目录候选；仍经运行时能力过滤","canonical_slug 为该渠道永久目录身份；不能由此保证调用 ID 永远固定到该版本或权重不可变。"
"OpenRouter","GPT-4.1 Mini","openai/gpt-4.1-mini","openai/gpt-4.1-mini","固定性 / 对应版本待确认","openai/gpt-4.1-mini-2025-04-14","2026-09-21","https://openrouter.ai/api/v1/models ; https://openrouter.ai/docs/guides/overview/models","exact-id","动态目录候选；仍经运行时能力过滤","canonical_slug 为该渠道永久目录身份；不能由此保证调用 ID 永远固定到该版本或权重不可变。"
"OpenRouter","GPT-4.1 Nano","openai/gpt-4.1-nano","openai/gpt-4.1-nano","固定性 / 对应版本待确认","openai/gpt-4.1-nano-2025-04-14","2026-09-21","https://openrouter.ai/api/v1/models ; https://openrouter.ai/docs/guides/overview/models","exact-id","动态目录候选；仍经运行时能力过滤","canonical_slug 为该渠道永久目录身份；不能由此保证调用 ID 永远固定到该版本或权重不可变。"
"OpenRouter","GPT-4o","openai/gpt-4o","openai/gpt-4o","固定性 / 对应版本待确认","openai/gpt-4o","2026-09-21","https://openrouter.ai/api/v1/models ; https://openrouter.ai/docs/guides/overview/models","exact-id","动态目录候选；仍经运行时能力过滤","canonical_slug 为该渠道永久目录身份；不能由此保证调用 ID 永远固定到该版本或权重不可变。"
"OpenRouter","GPT-4o (2024-05-13)","openai/gpt-4o-2024-05-13","openai/gpt-4o-2024-05-13","固定性 / 对应版本待确认","openai/gpt-4o-2024-05-13","2026-09-21","https://openrouter.ai/api/v1/models ; https://openrouter.ai/docs/guides/overview/models","exact-id","动态目录候选；仍经运行时能力过滤","canonical_slug 为该渠道永久目录身份；不能由此保证调用 ID 永远固定到该版本或权重不可变。"
"OpenRouter","GPT-4o (2024-08-06)","openai/gpt-4o-2024-08-06","openai/gpt-4o-2024-08-06","固定性 / 对应版本待确认","openai/gpt-4o-2024-08-06","2026-09-21","https://openrouter.ai/api/v1/models ; https://openrouter.ai/docs/guides/overview/models","exact-id","动态目录候选；仍经运行时能力过滤","canonical_slug 为该渠道永久目录身份；不能由此保证调用 ID 永远固定到该版本或权重不可变。"
"OpenRouter","GPT-4o (2024-11-20)","openai/gpt-4o-2024-11-20","openai/gpt-4o-2024-11-20","固定性 / 对应版本待确认","openai/gpt-4o-2024-11-20","2026-09-21","https://openrouter.ai/api/v1/models ; https://openrouter.ai/docs/guides/overview/models","exact-id","动态目录候选；仍经运行时能力过滤","canonical_slug 为该渠道永久目录身份；不能由此保证调用 ID 永远固定到该版本或权重不可变。"
"OpenRouter","GPT-4o-mini","openai/gpt-4o-mini","openai/gpt-4o-mini","固定性 / 对应版本待确认","openai/gpt-4o-mini","2026-09-21","https://openrouter.ai/api/v1/models ; https://openrouter.ai/docs/guides/overview/models","exact-id","动态目录候选；仍经运行时能力过滤","canonical_slug 为该渠道永久目录身份；不能由此保证调用 ID 永远固定到该版本或权重不可变。"
"OpenRouter","GPT-4o-mini (2024-07-18)","openai/gpt-4o-mini-2024-07-18","openai/gpt-4o-mini-2024-07-18","固定性 / 对应版本待确认","openai/gpt-4o-mini-2024-07-18","2026-09-21","https://openrouter.ai/api/v1/models ; https://openrouter.ai/docs/guides/overview/models","exact-id","动态目录候选；仍经运行时能力过滤","canonical_slug 为该渠道永久目录身份；不能由此保证调用 ID 永远固定到该版本或权重不可变。"
"OpenRouter","GPT-5","openai/gpt-5","openai/gpt-5","固定性 / 对应版本待确认","openai/gpt-5-2025-08-07","2026-09-21","https://openrouter.ai/api/v1/models ; https://openrouter.ai/docs/guides/overview/models","exact-id","动态目录候选；仍经运行时能力过滤","canonical_slug 为该渠道永久目录身份；不能由此保证调用 ID 永远固定到该版本或权重不可变。"
"OpenRouter","GPT-5 Image","openai/gpt-5-image","openai/gpt-5-image","固定性 / 对应版本待确认","待确认","2026-09-21","https://openrouter.ai/api/v1/images/models ; https://openrouter.ai/api/v1/models ; https://openrouter.ai/docs/guides/overview/models","exact-id","动态目录候选；仍经运行时能力过滤","图像目录未声明 canonical_slug；文本目录的版本身份不能直接证明图像接口版本，合并条目保留待确认。"
"OpenRouter","GPT-5 Image Mini","openai/gpt-5-image-mini","openai/gpt-5-image-mini","固定性 / 对应版本待确认","待确认","2026-09-21","https://openrouter.ai/api/v1/images/models ; https://openrouter.ai/api/v1/models ; https://openrouter.ai/docs/guides/overview/models","exact-id","动态目录候选；仍经运行时能力过滤","图像目录未声明 canonical_slug；文本目录的版本身份不能直接证明图像接口版本，合并条目保留待确认。"
"OpenRouter","GPT-5 Mini","openai/gpt-5-mini","openai/gpt-5-mini","固定性 / 对应版本待确认","openai/gpt-5-mini-2025-08-07","2026-09-21","https://openrouter.ai/api/v1/models ; https://openrouter.ai/docs/guides/overview/models","exact-id","动态目录候选；仍经运行时能力过滤","canonical_slug 为该渠道永久目录身份；不能由此保证调用 ID 永远固定到该版本或权重不可变。"
"OpenRouter","GPT-5 Nano","openai/gpt-5-nano","openai/gpt-5-nano","固定性 / 对应版本待确认","openai/gpt-5-nano-2025-08-07","2026-09-21","https://openrouter.ai/api/v1/models ; https://openrouter.ai/docs/guides/overview/models","exact-id","动态目录候选；仍经运行时能力过滤","canonical_slug 为该渠道永久目录身份；不能由此保证调用 ID 永远固定到该版本或权重不可变。"
"OpenRouter","GPT-5 Pro","openai/gpt-5-pro","openai/gpt-5-pro","固定性 / 对应版本待确认","openai/gpt-5-pro-2025-10-06","2026-09-21","https://openrouter.ai/api/v1/models ; https://openrouter.ai/docs/guides/overview/models","exact-id","动态目录候选；仍经运行时能力过滤","canonical_slug 为该渠道永久目录身份；不能由此保证调用 ID 永远固定到该版本或权重不可变。"
"OpenRouter","GPT-5.1","openai/gpt-5.1","openai/gpt-5.1","固定性 / 对应版本待确认","openai/gpt-5.1-20251113","2026-09-21","https://openrouter.ai/api/v1/models ; https://openrouter.ai/docs/guides/overview/models","exact-id","动态目录候选；仍经运行时能力过滤","canonical_slug 为该渠道永久目录身份；不能由此保证调用 ID 永远固定到该版本或权重不可变。"
"OpenRouter","GPT-5.1-Codex","openai/gpt-5.1-codex","openai/gpt-5.1-codex","固定性 / 对应版本待确认","openai/gpt-5.1-codex-20251113","2026-09-21","https://openrouter.ai/api/v1/models ; https://openrouter.ai/docs/guides/overview/models","exact-id","动态目录候选；仍经运行时能力过滤","canonical_slug 为该渠道永久目录身份；不能由此保证调用 ID 永远固定到该版本或权重不可变。"
"OpenRouter","GPT-5.1-Codex-Max","openai/gpt-5.1-codex-max","openai/gpt-5.1-codex-max","固定性 / 对应版本待确认","openai/gpt-5.1-codex-max-20251204","2026-09-21","https://openrouter.ai/api/v1/models ; https://openrouter.ai/docs/guides/overview/models","exact-id","动态目录候选；仍经运行时能力过滤","canonical_slug 为该渠道永久目录身份；不能由此保证调用 ID 永远固定到该版本或权重不可变。"
"OpenRouter","GPT-5.1-Codex-Mini","openai/gpt-5.1-codex-mini","openai/gpt-5.1-codex-mini","固定性 / 对应版本待确认","openai/gpt-5.1-codex-mini-20251113","2026-09-21","https://openrouter.ai/api/v1/models ; https://openrouter.ai/docs/guides/overview/models","exact-id","动态目录候选；仍经运行时能力过滤","canonical_slug 为该渠道永久目录身份；不能由此保证调用 ID 永远固定到该版本或权重不可变。"
"OpenRouter","GPT-5.2","openai/gpt-5.2","openai/gpt-5.2","固定性 / 对应版本待确认","openai/gpt-5.2-20251211","2026-09-21","https://openrouter.ai/api/v1/models ; https://openrouter.ai/docs/guides/overview/models","exact-id","动态目录候选；仍经运行时能力过滤","canonical_slug 为该渠道永久目录身份；不能由此保证调用 ID 永远固定到该版本或权重不可变。"
"OpenRouter","GPT-5.2 Chat","openai/gpt-5.2-chat","openai/gpt-5.2-chat","固定性 / 对应版本待确认","openai/gpt-5.2-chat-20251211","2026-09-21","https://openrouter.ai/api/v1/models ; https://openrouter.ai/docs/guides/overview/models","exact-id","动态目录候选；仍经运行时能力过滤","canonical_slug 为该渠道永久目录身份；不能由此保证调用 ID 永远固定到该版本或权重不可变。"
"OpenRouter","GPT-5.2-Codex","openai/gpt-5.2-codex","openai/gpt-5.2-codex","固定性 / 对应版本待确认","openai/gpt-5.2-codex-20260114","2026-09-21","https://openrouter.ai/api/v1/models ; https://openrouter.ai/docs/guides/overview/models","exact-id","动态目录候选；仍经运行时能力过滤","canonical_slug 为该渠道永久目录身份；不能由此保证调用 ID 永远固定到该版本或权重不可变。"
"OpenRouter","GPT-5.2 Pro","openai/gpt-5.2-pro","openai/gpt-5.2-pro","固定性 / 对应版本待确认","openai/gpt-5.2-pro-20251211","2026-09-21","https://openrouter.ai/api/v1/models ; https://openrouter.ai/docs/guides/overview/models","exact-id","动态目录候选；仍经运行时能力过滤","canonical_slug 为该渠道永久目录身份；不能由此保证调用 ID 永远固定到该版本或权重不可变。"
"OpenRouter","GPT-5.3-Codex","openai/gpt-5.3-codex","openai/gpt-5.3-codex","固定性 / 对应版本待确认","openai/gpt-5.3-codex-20260224","2026-09-21","https://openrouter.ai/api/v1/models ; https://openrouter.ai/docs/guides/overview/models","exact-id","动态目录候选；仍经运行时能力过滤","canonical_slug 为该渠道永久目录身份；不能由此保证调用 ID 永远固定到该版本或权重不可变。"
"OpenRouter","GPT-5.4","openai/gpt-5.4","openai/gpt-5.4","固定性 / 对应版本待确认","openai/gpt-5.4-20260305","2026-09-21","https://openrouter.ai/api/v1/models ; https://openrouter.ai/docs/guides/overview/models","exact-id","动态目录候选；仍经运行时能力过滤","canonical_slug 为该渠道永久目录身份；不能由此保证调用 ID 永远固定到该版本或权重不可变。"
"OpenRouter","GPT-5.4 Image 2","openai/gpt-5.4-image-2","openai/gpt-5.4-image-2","固定性 / 对应版本待确认","待确认","2026-09-21","https://openrouter.ai/api/v1/images/models ; https://openrouter.ai/api/v1/models ; https://openrouter.ai/docs/guides/overview/models","exact-id","动态目录候选；仍经运行时能力过滤","图像目录未声明 canonical_slug；文本目录的版本身份不能直接证明图像接口版本，合并条目保留待确认。"
"OpenRouter","GPT-5.4 Mini","openai/gpt-5.4-mini","openai/gpt-5.4-mini","固定性 / 对应版本待确认","openai/gpt-5.4-mini-20260317","2026-09-21","https://openrouter.ai/api/v1/models ; https://openrouter.ai/docs/guides/overview/models","exact-id","动态目录候选；仍经运行时能力过滤","canonical_slug 为该渠道永久目录身份；不能由此保证调用 ID 永远固定到该版本或权重不可变。"
"OpenRouter","GPT-5.4 Nano","openai/gpt-5.4-nano","openai/gpt-5.4-nano","固定性 / 对应版本待确认","openai/gpt-5.4-nano-20260317","2026-09-21","https://openrouter.ai/api/v1/models ; https://openrouter.ai/docs/guides/overview/models","exact-id","动态目录候选；仍经运行时能力过滤","canonical_slug 为该渠道永久目录身份；不能由此保证调用 ID 永远固定到该版本或权重不可变。"
"OpenRouter","GPT-5.4 Pro","openai/gpt-5.4-pro","openai/gpt-5.4-pro","固定性 / 对应版本待确认","openai/gpt-5.4-pro-20260305","2026-09-21","https://openrouter.ai/api/v1/models ; https://openrouter.ai/docs/guides/overview/models","exact-id","动态目录候选；仍经运行时能力过滤","canonical_slug 为该渠道永久目录身份；不能由此保证调用 ID 永远固定到该版本或权重不可变。"
"OpenRouter","GPT-5.5","openai/gpt-5.5","openai/gpt-5.5","固定性 / 对应版本待确认","openai/gpt-5.5-20260423","2026-09-21","https://openrouter.ai/api/v1/models ; https://openrouter.ai/docs/guides/overview/models","exact-id","动态目录候选；仍经运行时能力过滤","canonical_slug 为该渠道永久目录身份；不能由此保证调用 ID 永远固定到该版本或权重不可变。"
"OpenRouter","GPT-5.5 Pro","openai/gpt-5.5-pro","openai/gpt-5.5-pro","固定性 / 对应版本待确认","openai/gpt-5.5-pro-20260423","2026-09-21","https://openrouter.ai/api/v1/models ; https://openrouter.ai/docs/guides/overview/models","exact-id","动态目录候选；仍经运行时能力过滤","canonical_slug 为该渠道永久目录身份；不能由此保证调用 ID 永远固定到该版本或权重不可变。"
"OpenRouter","GPT-5.6 Luna","openai/gpt-5.6-luna","openai/gpt-5.6-luna","固定性 / 对应版本待确认","openai/gpt-5.6-luna-20260709","2026-09-21","https://openrouter.ai/api/v1/models ; https://openrouter.ai/docs/guides/overview/models","exact-id","动态目录候选；仍经运行时能力过滤","canonical_slug 为该渠道永久目录身份；不能由此保证调用 ID 永远固定到该版本或权重不可变。"
"OpenRouter","GPT-5.6 Luna Pro","openai/gpt-5.6-luna-pro","openai/gpt-5.6-luna-pro","固定性 / 对应版本待确认","openai/gpt-5.6-luna-pro-20260709","2026-09-21","https://openrouter.ai/api/v1/models ; https://openrouter.ai/docs/guides/overview/models","exact-id","动态目录候选；仍经运行时能力过滤","canonical_slug 为该渠道永久目录身份；不能由此保证调用 ID 永远固定到该版本或权重不可变。"
"OpenRouter","GPT-5.6 Sol","openai/gpt-5.6-sol","openai/gpt-5.6-sol","固定性 / 对应版本待确认","openai/gpt-5.6-sol-20260709","2026-09-21","https://openrouter.ai/api/v1/models ; https://openrouter.ai/docs/guides/overview/models","exact-id","动态目录候选；仍经运行时能力过滤","canonical_slug 为该渠道永久目录身份；不能由此保证调用 ID 永远固定到该版本或权重不可变。"
"OpenRouter","GPT-5.6 Sol Pro","openai/gpt-5.6-sol-pro","openai/gpt-5.6-sol-pro","固定性 / 对应版本待确认","openai/gpt-5.6-sol-pro-20260709","2026-09-21","https://openrouter.ai/api/v1/models ; https://openrouter.ai/docs/guides/overview/models","exact-id","动态目录候选；仍经运行时能力过滤","canonical_slug 为该渠道永久目录身份；不能由此保证调用 ID 永远固定到该版本或权重不可变。"
"OpenRouter","GPT-5.6 Terra","openai/gpt-5.6-terra","openai/gpt-5.6-terra","固定性 / 对应版本待确认","openai/gpt-5.6-terra-20260709","2026-09-21","https://openrouter.ai/api/v1/models ; https://openrouter.ai/docs/guides/overview/models","exact-id","动态目录候选；仍经运行时能力过滤","canonical_slug 为该渠道永久目录身份；不能由此保证调用 ID 永远固定到该版本或权重不可变。"
"OpenRouter","GPT-5.6 Terra Pro","openai/gpt-5.6-terra-pro","openai/gpt-5.6-terra-pro","固定性 / 对应版本待确认","openai/gpt-5.6-terra-pro-20260709","2026-09-21","https://openrouter.ai/api/v1/models ; https://openrouter.ai/docs/guides/overview/models","exact-id","动态目录候选；仍经运行时能力过滤","canonical_slug 为该渠道永久目录身份；不能由此保证调用 ID 永远固定到该版本或权重不可变。"
"OpenRouter","GPT-6 Astra","openai/gpt-6-astra","openai/gpt-6-astra","固定性 / 对应版本待确认","openai/gpt-6-astra-20260903","2026-09-21","https://openrouter.ai/api/v1/models ; https://openrouter.ai/docs/guides/overview/models","exact-id","动态目录候选；仍经运行时能力过滤","canonical_slug 为该渠道永久目录身份；不能由此保证调用 ID 永远固定到该版本或权重不可变。"
"OpenRouter","GPT-6 Astra Pro","openai/gpt-6-astra-pro","openai/gpt-6-astra-pro","固定性 / 对应版本待确认","openai/gpt-6-astra-pro-20260903","2026-09-21","https://openrouter.ai/api/v1/models ; https://openrouter.ai/docs/guides/overview/models","exact-id","动态目录候选；仍经运行时能力过滤","canonical_slug 为该渠道永久目录身份；不能由此保证调用 ID 永远固定到该版本或权重不可变。"
"OpenRouter","GPT Audio","openai/gpt-audio","openai/gpt-audio","固定性 / 对应版本待确认","openai/gpt-audio","2026-09-21","https://openrouter.ai/api/v1/models ; https://openrouter.ai/docs/guides/overview/models","exact-id","动态目录候选；仍经运行时能力过滤","canonical_slug 为该渠道永久目录身份；不能由此保证调用 ID 永远固定到该版本或权重不可变。"
"OpenRouter","GPT Audio Mini","openai/gpt-audio-mini","openai/gpt-audio-mini","固定性 / 对应版本待确认","openai/gpt-audio-mini","2026-09-21","https://openrouter.ai/api/v1/models ; https://openrouter.ai/docs/guides/overview/models","exact-id","动态目录候选；仍经运行时能力过滤","canonical_slug 为该渠道永久目录身份；不能由此保证调用 ID 永远固定到该版本或权重不可变。"
"OpenRouter","GPT Chat Latest","openai/gpt-chat-latest","openai/gpt-chat-latest","固定性 / 对应版本待确认","openai/gpt-chat-latest-20260505","2026-09-21","https://openrouter.ai/api/v1/models ; https://openrouter.ai/docs/guides/overview/models","exact-id","动态目录候选；仍经运行时能力过滤","canonical_slug 为该渠道永久目录身份；不能由此保证调用 ID 永远固定到该版本或权重不可变。"
"OpenRouter","GPT Image 1","openai/gpt-image-1","openai/gpt-image-1","固定性 / 对应版本待确认","待确认","2026-09-21","https://openrouter.ai/api/v1/images/models ; https://openrouter.ai/docs/guides/overview/models","exact-id","动态目录候选；仍经运行时能力过滤","canonical_slug 为该渠道永久目录身份；不能由此保证调用 ID 永远固定到该版本或权重不可变。"
"OpenRouter","GPT Image 1 Mini","openai/gpt-image-1-mini","openai/gpt-image-1-mini","固定性 / 对应版本待确认","待确认","2026-09-21","https://openrouter.ai/api/v1/images/models ; https://openrouter.ai/docs/guides/overview/models","exact-id","动态目录候选；仍经运行时能力过滤","canonical_slug 为该渠道永久目录身份；不能由此保证调用 ID 永远固定到该版本或权重不可变。"
"OpenRouter","GPT Image 2","openai/gpt-image-2","openai/gpt-image-2","固定性 / 对应版本待确认","待确认","2026-09-21","https://openrouter.ai/api/v1/images/models ; https://openrouter.ai/docs/guides/overview/models","exact-id","动态目录候选；仍经运行时能力过滤","canonical_slug 为该渠道永久目录身份；不能由此保证调用 ID 永远固定到该版本或权重不可变。"
"OpenRouter","GPT Image 2.5 Flare","openai/gpt-image-2.5-flare","openai/gpt-image-2.5-flare","固定性 / 对应版本待确认","待确认","2026-09-21","https://openrouter.ai/api/v1/images/models ; https://openrouter.ai/docs/guides/overview/models","exact-id","动态目录候选；仍经运行时能力过滤","canonical_slug 为该渠道永久目录身份；不能由此保证调用 ID 永远固定到该版本或权重不可变。"
"OpenRouter","GPT Image 2.5 Sunburst","openai/gpt-image-2.5-sunburst","openai/gpt-image-2.5-sunburst","固定性 / 对应版本待确认","待确认","2026-09-21","https://openrouter.ai/api/v1/images/models ; https://openrouter.ai/docs/guides/overview/models","exact-id","动态目录候选；仍经运行时能力过滤","canonical_slug 为该渠道永久目录身份；不能由此保证调用 ID 永远固定到该版本或权重不可变。"
"OpenRouter","gpt-oss-120b","openai/gpt-oss-120b","openai/gpt-oss-120b","固定性 / 对应版本待确认","openai/gpt-oss-120b","2026-09-21","https://openrouter.ai/api/v1/models ; https://openrouter.ai/docs/guides/overview/models","exact-id","动态目录候选；仍经运行时能力过滤","canonical_slug 为该渠道永久目录身份；不能由此保证调用 ID 永远固定到该版本或权重不可变。"
"OpenRouter","gpt-oss-20b","openai/gpt-oss-20b","openai/gpt-oss-20b","固定性 / 对应版本待确认","openai/gpt-oss-20b","2026-09-21","https://openrouter.ai/api/v1/models ; https://openrouter.ai/docs/guides/overview/models","exact-id","动态目录候选；仍经运行时能力过滤","canonical_slug 为该渠道永久目录身份；不能由此保证调用 ID 永远固定到该版本或权重不可变。"
"OpenRouter","gpt-oss-safeguard-20b","openai/gpt-oss-safeguard-20b","openai/gpt-oss-safeguard-20b","固定性 / 对应版本待确认","openai/gpt-oss-safeguard-20b","2026-09-21","https://openrouter.ai/api/v1/models ; https://openrouter.ai/docs/guides/overview/models","exact-id","动态目录候选；仍经运行时能力过滤","canonical_slug 为该渠道永久目录身份；不能由此保证调用 ID 永远固定到该版本或权重不可变。"
"OpenRouter","o1","openai/o1","openai/o1","固定性 / 对应版本待确认","openai/o1-2024-12-17","2026-09-21","https://openrouter.ai/api/v1/models ; https://openrouter.ai/docs/guides/overview/models","exact-id","动态目录候选；仍经运行时能力过滤","canonical_slug 为该渠道永久目录身份；不能由此保证调用 ID 永远固定到该版本或权重不可变。"
"OpenRouter","o1-pro","openai/o1-pro","openai/o1-pro","固定性 / 对应版本待确认","openai/o1-pro","2026-09-21","https://openrouter.ai/api/v1/models ; https://openrouter.ai/docs/guides/overview/models","exact-id","动态目录候选；仍经运行时能力过滤","canonical_slug 为该渠道永久目录身份；不能由此保证调用 ID 永远固定到该版本或权重不可变。"
"OpenRouter","o3","openai/o3","openai/o3","固定性 / 对应版本待确认","openai/o3-2025-04-16","2026-09-21","https://openrouter.ai/api/v1/models ; https://openrouter.ai/docs/guides/overview/models","exact-id","动态目录候选；仍经运行时能力过滤","canonical_slug 为该渠道永久目录身份；不能由此保证调用 ID 永远固定到该版本或权重不可变。"
"OpenRouter","o3 Mini","openai/o3-mini","openai/o3-mini","固定性 / 对应版本待确认","openai/o3-mini-2025-01-31","2026-09-21","https://openrouter.ai/api/v1/models ; https://openrouter.ai/docs/guides/overview/models","exact-id","动态目录候选；仍经运行时能力过滤","canonical_slug 为该渠道永久目录身份；不能由此保证调用 ID 永远固定到该版本或权重不可变。"
"OpenRouter","o3 Mini High","openai/o3-mini-high","openai/o3-mini-high","固定性 / 对应版本待确认","openai/o3-mini-high-2025-01-31","2026-09-21","https://openrouter.ai/api/v1/models ; https://openrouter.ai/docs/guides/overview/models","exact-id","动态目录候选；仍经运行时能力过滤","canonical_slug 为该渠道永久目录身份；不能由此保证调用 ID 永远固定到该版本或权重不可变。"
"OpenRouter","o3 Pro","openai/o3-pro","openai/o3-pro","固定性 / 对应版本待确认","openai/o3-pro-2025-06-10","2026-09-21","https://openrouter.ai/api/v1/models ; https://openrouter.ai/docs/guides/overview/models","exact-id","动态目录候选；仍经运行时能力过滤","canonical_slug 为该渠道永久目录身份；不能由此保证调用 ID 永远固定到该版本或权重不可变。"
"OpenRouter","o4 Mini","openai/o4-mini","openai/o4-mini","固定性 / 对应版本待确认","openai/o4-mini-2025-04-16","2026-09-21","https://openrouter.ai/api/v1/models ; https://openrouter.ai/docs/guides/overview/models","exact-id","动态目录候选；仍经运行时能力过滤","canonical_slug 为该渠道永久目录身份；不能由此保证调用 ID 永远固定到该版本或权重不可变。"
"OpenRouter","o4 Mini High","openai/o4-mini-high","openai/o4-mini-high","固定性 / 对应版本待确认","openai/o4-mini-high-2025-04-16","2026-09-21","https://openrouter.ai/api/v1/models ; https://openrouter.ai/docs/guides/overview/models","exact-id","动态目录候选；仍经运行时能力过滤","canonical_slug 为该渠道永久目录身份；不能由此保证调用 ID 永远固定到该版本或权重不可变。"
"OpenRouter","Auto Router","openrouter/auto","openrouter/auto","固定性 / 对应版本待确认","openrouter/auto","2026-09-21","https://openrouter.ai/api/v1/models ; https://openrouter.ai/docs/guides/overview/models","exact-id","动态目录候选；仍经运行时能力过滤","canonical_slug 为该渠道永久目录身份；不能由此保证调用 ID 永远固定到该版本或权重不可变。"
"OpenRouter","Auto Router (Beta)","openrouter/auto-beta","openrouter/auto-beta","固定性 / 对应版本待确认","openrouter/auto-beta","2026-09-21","https://openrouter.ai/api/v1/models ; https://openrouter.ai/docs/guides/overview/models","exact-id","动态目录候选；仍经运行时能力过滤","canonical_slug 为该渠道永久目录身份；不能由此保证调用 ID 永远固定到该版本或权重不可变。"
"OpenRouter","Body Builder (beta)","openrouter/bodybuilder","openrouter/bodybuilder","固定性 / 对应版本待确认","openrouter/bodybuilder","2026-09-21","https://openrouter.ai/api/v1/models ; https://openrouter.ai/docs/guides/overview/models","exact-id","动态目录候选；仍经运行时能力过滤","canonical_slug 为该渠道永久目录身份；不能由此保证调用 ID 永远固定到该版本或权重不可变。"
"OpenRouter","Free Models Router","openrouter/free","openrouter/free","固定性 / 对应版本待确认","openrouter/free","2026-09-21","https://openrouter.ai/api/v1/models ; https://openrouter.ai/docs/guides/overview/models","exact-id","动态目录候选；仍经运行时能力过滤","canonical_slug 为该渠道永久目录身份；不能由此保证调用 ID 永远固定到该版本或权重不可变。"
"OpenRouter","Fusion","openrouter/fusion","openrouter/fusion","固定性 / 对应版本待确认","openrouter/fusion","2026-09-21","https://openrouter.ai/api/v1/models ; https://openrouter.ai/docs/guides/overview/models","exact-id","动态目录候选；仍经运行时能力过滤","canonical_slug 为该渠道永久目录身份；不能由此保证调用 ID 永远固定到该版本或权重不可变。"
"OpenRouter","Pareto Code Router","openrouter/pareto-code","openrouter/pareto-code","固定性 / 对应版本待确认","openrouter/pareto-code","2026-09-21","https://openrouter.ai/api/v1/models ; https://openrouter.ai/docs/guides/overview/models","exact-id","动态目录候选；仍经运行时能力过滤","canonical_slug 为该渠道永久目录身份；不能由此保证调用 ID 永远固定到该版本或权重不可变。"
"OpenRouter","Perceptron Mk1","perceptron/perceptron-mk1","perceptron/perceptron-mk1","固定性 / 对应版本待确认","perceptron/perceptron-mk1-20260512","2026-09-21","https://openrouter.ai/api/v1/models ; https://openrouter.ai/docs/guides/overview/models","exact-id","动态目录候选；仍经运行时能力过滤","canonical_slug 为该渠道永久目录身份；不能由此保证调用 ID 永远固定到该版本或权重不可变。"
"OpenRouter","Sonar","perplexity/sonar","perplexity/sonar","固定性 / 对应版本待确认","perplexity/sonar","2026-09-21","https://openrouter.ai/api/v1/models ; https://openrouter.ai/docs/guides/overview/models","exact-id","动态目录候选；仍经运行时能力过滤","canonical_slug 为该渠道永久目录身份；不能由此保证调用 ID 永远固定到该版本或权重不可变。"
"OpenRouter","Sonar Deep Research","perplexity/sonar-deep-research","perplexity/sonar-deep-research","固定性 / 对应版本待确认","perplexity/sonar-deep-research","2026-09-21","https://openrouter.ai/api/v1/models ; https://openrouter.ai/docs/guides/overview/models","exact-id","动态目录候选；仍经运行时能力过滤","canonical_slug 为该渠道永久目录身份；不能由此保证调用 ID 永远固定到该版本或权重不可变。"
"OpenRouter","Sonar Pro","perplexity/sonar-pro","perplexity/sonar-pro","固定性 / 对应版本待确认","perplexity/sonar-pro","2026-09-21","https://openrouter.ai/api/v1/models ; https://openrouter.ai/docs/guides/overview/models","exact-id","动态目录候选；仍经运行时能力过滤","canonical_slug 为该渠道永久目录身份；不能由此保证调用 ID 永远固定到该版本或权重不可变。"
"OpenRouter","Sonar Pro Search","perplexity/sonar-pro-search","perplexity/sonar-pro-search","固定性 / 对应版本待确认","perplexity/sonar-pro-search","2026-09-21","https://openrouter.ai/api/v1/models ; https://openrouter.ai/docs/guides/overview/models","exact-id","动态目录候选；仍经运行时能力过滤","canonical_slug 为该渠道永久目录身份；不能由此保证调用 ID 永远固定到该版本或权重不可变。"
"OpenRouter","Sonar Reasoning Pro","perplexity/sonar-reasoning-pro","perplexity/sonar-reasoning-pro","固定性 / 对应版本待确认","perplexity/sonar-reasoning-pro","2026-09-21","https://openrouter.ai/api/v1/models ; https://openrouter.ai/docs/guides/overview/models","exact-id","动态目录候选；仍经运行时能力过滤","canonical_slug 为该渠道永久目录身份；不能由此保证调用 ID 永远固定到该版本或权重不可变。"
"OpenRouter","Laguna S 2.1","poolside/laguna-s-2.1","poolside/laguna-s-2.1","固定性 / 对应版本待确认","poolside/laguna-s-2.1-20260720","2026-09-21","https://openrouter.ai/api/v1/models ; https://openrouter.ai/docs/guides/overview/models","exact-id","动态目录候选；仍经运行时能力过滤","canonical_slug 为该渠道永久目录身份；不能由此保证调用 ID 永远固定到该版本或权重不可变。"
"OpenRouter","Laguna S 2.1 (free)","poolside/laguna-s-2.1:free","poolside/laguna-s-2.1:free","固定性 / 对应版本待确认","poolside/laguna-s-2.1-20260720","2026-09-21","https://openrouter.ai/api/v1/models ; https://openrouter.ai/docs/guides/overview/models","exact-id","动态目录候选；仍经运行时能力过滤","canonical_slug 为该渠道永久目录身份；不能由此保证调用 ID 永远固定到该版本或权重不可变。"
"OpenRouter","Laguna XS 2.1","poolside/laguna-xs-2.1","poolside/laguna-xs-2.1","固定性 / 对应版本待确认","poolside/laguna-xs-2.1-20260625","2026-09-21","https://openrouter.ai/api/v1/models ; https://openrouter.ai/docs/guides/overview/models","exact-id","动态目录候选；仍经运行时能力过滤","canonical_slug 为该渠道永久目录身份；不能由此保证调用 ID 永远固定到该版本或权重不可变。"
"OpenRouter","Laguna XS 2.1 (free)","poolside/laguna-xs-2.1:free","poolside/laguna-xs-2.1:free","固定性 / 对应版本待确认","poolside/laguna-xs-2.1-20260625","2026-09-21","https://openrouter.ai/api/v1/models ; https://openrouter.ai/docs/guides/overview/models","exact-id","动态目录候选；仍经运行时能力过滤","canonical_slug 为该渠道永久目录身份；不能由此保证调用 ID 永远固定到该版本或权重不可变。"
"OpenRouter","Ternary Bonsai 2 27B","prism-ml/ternary-bonsai-2-27b","prism-ml/ternary-bonsai-2-27b","固定性 / 对应版本待确认","prism-ml/ternary-bonsai-2-27b-20260918","2026-09-21","https://openrouter.ai/api/v1/models ; https://openrouter.ai/docs/guides/overview/models","exact-id","动态目录候选；仍经运行时能力过滤","canonical_slug 为该渠道永久目录身份；不能由此保证调用 ID 永远固定到该版本或权重不可变。"
"OpenRouter","Qwen2.5 72B Instruct","qwen/qwen-2.5-72b-instruct","qwen/qwen-2.5-72b-instruct","固定性 / 对应版本待确认","qwen/qwen-2.5-72b-instruct","2026-09-21","https://openrouter.ai/api/v1/models ; https://openrouter.ai/docs/guides/overview/models","exact-id","动态目录候选；仍经运行时能力过滤","canonical_slug 为该渠道永久目录身份；不能由此保证调用 ID 永远固定到该版本或权重不可变。"
"OpenRouter","Qwen2.5 7B Instruct","qwen/qwen-2.5-7b-instruct","qwen/qwen-2.5-7b-instruct","固定性 / 对应版本待确认","qwen/qwen-2.5-7b-instruct","2026-09-21","https://openrouter.ai/api/v1/models ; https://openrouter.ai/docs/guides/overview/models","exact-id","动态目录候选；仍经运行时能力过滤","canonical_slug 为该渠道永久目录身份；不能由此保证调用 ID 永远固定到该版本或权重不可变。"
"OpenRouter","Qwen2.5 Coder 32B Instruct","qwen/qwen-2.5-coder-32b-instruct","qwen/qwen-2.5-coder-32b-instruct","固定性 / 对应版本待确认","qwen/qwen-2.5-coder-32b-instruct","2026-09-21","https://openrouter.ai/api/v1/models ; https://openrouter.ai/docs/guides/overview/models","exact-id","动态目录候选；仍经运行时能力过滤","canonical_slug 为该渠道永久目录身份；不能由此保证调用 ID 永远固定到该版本或权重不可变。"
"OpenRouter","Qwen Image 3","qwen/qwen-image-3","qwen/qwen-image-3","固定性 / 对应版本待确认","待确认","2026-09-21","https://openrouter.ai/api/v1/images/models ; https://openrouter.ai/docs/guides/overview/models","exact-id","动态目录候选；仍经运行时能力过滤","canonical_slug 为该渠道永久目录身份；不能由此保证调用 ID 永远固定到该版本或权重不可变。"
"OpenRouter","Qwen Image 3 Pro","qwen/qwen-image-3-pro","qwen/qwen-image-3-pro","固定性 / 对应版本待确认","待确认","2026-09-21","https://openrouter.ai/api/v1/images/models ; https://openrouter.ai/docs/guides/overview/models","exact-id","动态目录候选；仍经运行时能力过滤","canonical_slug 为该渠道永久目录身份；不能由此保证调用 ID 永远固定到该版本或权重不可变。"
"OpenRouter","Qwen-Plus","qwen/qwen-plus","qwen/qwen-plus","固定性 / 对应版本待确认","qwen/qwen-plus-2025-01-25","2026-09-21","https://openrouter.ai/api/v1/models ; https://openrouter.ai/docs/guides/overview/models","exact-id","动态目录候选；仍经运行时能力过滤","canonical_slug 为该渠道永久目录身份；不能由此保证调用 ID 永远固定到该版本或权重不可变。"
"OpenRouter","Qwen Plus 0728","qwen/qwen-plus-2025-07-28","qwen/qwen-plus-2025-07-28","固定性 / 对应版本待确认","qwen/qwen-plus-2025-07-28","2026-09-21","https://openrouter.ai/api/v1/models ; https://openrouter.ai/docs/guides/overview/models","exact-id","动态目录候选；仍经运行时能力过滤","canonical_slug 为该渠道永久目录身份；不能由此保证调用 ID 永远固定到该版本或权重不可变。"
"OpenRouter","Qwen2.5 VL 72B Instruct","qwen/qwen2.5-vl-72b-instruct","qwen/qwen2.5-vl-72b-instruct","固定性 / 对应版本待确认","qwen/qwen2.5-vl-72b-instruct","2026-09-21","https://openrouter.ai/api/v1/models ; https://openrouter.ai/docs/guides/overview/models","exact-id","动态目录候选；仍经运行时能力过滤","canonical_slug 为该渠道永久目录身份；不能由此保证调用 ID 永远固定到该版本或权重不可变。"
"OpenRouter","Qwen3 14B","qwen/qwen3-14b","qwen/qwen3-14b","固定性 / 对应版本待确认","qwen/qwen3-14b-04-28","2026-09-21","https://openrouter.ai/api/v1/models ; https://openrouter.ai/docs/guides/overview/models","exact-id","动态目录候选；仍经运行时能力过滤","canonical_slug 为该渠道永久目录身份；不能由此保证调用 ID 永远固定到该版本或权重不可变。"
"OpenRouter","Qwen3 235B A22B","qwen/qwen3-235b-a22b","qwen/qwen3-235b-a22b","固定性 / 对应版本待确认","qwen/qwen3-235b-a22b-04-28","2026-09-21","https://openrouter.ai/api/v1/models ; https://openrouter.ai/docs/guides/overview/models","exact-id","动态目录候选；仍经运行时能力过滤","canonical_slug 为该渠道永久目录身份；不能由此保证调用 ID 永远固定到该版本或权重不可变。"
"OpenRouter","Qwen3 235B A22B Instruct 2507","qwen/qwen3-235b-a22b-2507","qwen/qwen3-235b-a22b-2507","固定性 / 对应版本待确认","qwen/qwen3-235b-a22b-07-25","2026-09-21","https://openrouter.ai/api/v1/models ; https://openrouter.ai/docs/guides/overview/models","exact-id","动态目录候选；仍经运行时能力过滤","canonical_slug 为该渠道永久目录身份；不能由此保证调用 ID 永远固定到该版本或权重不可变。"
"OpenRouter","Qwen3 235B A22B Thinking 2507","qwen/qwen3-235b-a22b-thinking-2507","qwen/qwen3-235b-a22b-thinking-2507","固定性 / 对应版本待确认","qwen/qwen3-235b-a22b-thinking-2507","2026-09-21","https://openrouter.ai/api/v1/models ; https://openrouter.ai/docs/guides/overview/models","exact-id","动态目录候选；仍经运行时能力过滤","canonical_slug 为该渠道永久目录身份；不能由此保证调用 ID 永远固定到该版本或权重不可变。"
"OpenRouter","Qwen3 30B A3B","qwen/qwen3-30b-a3b","qwen/qwen3-30b-a3b","固定性 / 对应版本待确认","qwen/qwen3-30b-a3b-04-28","2026-09-21","https://openrouter.ai/api/v1/models ; https://openrouter.ai/docs/guides/overview/models","exact-id","动态目录候选；仍经运行时能力过滤","canonical_slug 为该渠道永久目录身份；不能由此保证调用 ID 永远固定到该版本或权重不可变。"
"OpenRouter","Qwen3 30B A3B Instruct 2507","qwen/qwen3-30b-a3b-instruct-2507","qwen/qwen3-30b-a3b-instruct-2507","固定性 / 对应版本待确认","qwen/qwen3-30b-a3b-instruct-2507","2026-09-21","https://openrouter.ai/api/v1/models ; https://openrouter.ai/docs/guides/overview/models","exact-id","动态目录候选；仍经运行时能力过滤","canonical_slug 为该渠道永久目录身份；不能由此保证调用 ID 永远固定到该版本或权重不可变。"
"OpenRouter","Qwen3 30B A3B Thinking 2507","qwen/qwen3-30b-a3b-thinking-2507","qwen/qwen3-30b-a3b-thinking-2507","固定性 / 对应版本待确认","qwen/qwen3-30b-a3b-thinking-2507","2026-09-21","https://openrouter.ai/api/v1/models ; https://openrouter.ai/docs/guides/overview/models","exact-id","动态目录候选；仍经运行时能力过滤","canonical_slug 为该渠道永久目录身份；不能由此保证调用 ID 永远固定到该版本或权重不可变。"
"OpenRouter","Qwen3 32B","qwen/qwen3-32b","qwen/qwen3-32b","固定性 / 对应版本待确认","qwen/qwen3-32b-04-28","2026-09-21","https://openrouter.ai/api/v1/models ; https://openrouter.ai/docs/guides/overview/models","exact-id","动态目录候选；仍经运行时能力过滤","canonical_slug 为该渠道永久目录身份；不能由此保证调用 ID 永远固定到该版本或权重不可变。"
"OpenRouter","Qwen3 8B","qwen/qwen3-8b","qwen/qwen3-8b","固定性 / 对应版本待确认","qwen/qwen3-8b-04-28","2026-09-21","https://openrouter.ai/api/v1/models ; https://openrouter.ai/docs/guides/overview/models","exact-id","动态目录候选；仍经运行时能力过滤","canonical_slug 为该渠道永久目录身份；不能由此保证调用 ID 永远固定到该版本或权重不可变。"
"OpenRouter","Qwen3 Coder 480B A35B","qwen/qwen3-coder","qwen/qwen3-coder","固定性 / 对应版本待确认","qwen/qwen3-coder-480b-a35b-07-25","2026-09-21","https://openrouter.ai/api/v1/models ; https://openrouter.ai/docs/guides/overview/models","exact-id","动态目录候选；仍经运行时能力过滤","canonical_slug 为该渠道永久目录身份；不能由此保证调用 ID 永远固定到该版本或权重不可变。"
"OpenRouter","Qwen3 Coder 30B A3B Instruct","qwen/qwen3-coder-30b-a3b-instruct","qwen/qwen3-coder-30b-a3b-instruct","固定性 / 对应版本待确认","qwen/qwen3-coder-30b-a3b-instruct","2026-09-21","https://openrouter.ai/api/v1/models ; https://openrouter.ai/docs/guides/overview/models","exact-id","动态目录候选；仍经运行时能力过滤","canonical_slug 为该渠道永久目录身份；不能由此保证调用 ID 永远固定到该版本或权重不可变。"
"OpenRouter","Qwen3 Coder Flash","qwen/qwen3-coder-flash","qwen/qwen3-coder-flash","固定性 / 对应版本待确认","qwen/qwen3-coder-flash","2026-09-21","https://openrouter.ai/api/v1/models ; https://openrouter.ai/docs/guides/overview/models","exact-id","动态目录候选；仍经运行时能力过滤","canonical_slug 为该渠道永久目录身份；不能由此保证调用 ID 永远固定到该版本或权重不可变。"
"OpenRouter","Qwen3 Coder Next","qwen/qwen3-coder-next","qwen/qwen3-coder-next","固定性 / 对应版本待确认","qwen/qwen3-coder-next-2025-02-03","2026-09-21","https://openrouter.ai/api/v1/models ; https://openrouter.ai/docs/guides/overview/models","exact-id","动态目录候选；仍经运行时能力过滤","canonical_slug 为该渠道永久目录身份；不能由此保证调用 ID 永远固定到该版本或权重不可变。"
"OpenRouter","Qwen3 Coder Plus","qwen/qwen3-coder-plus","qwen/qwen3-coder-plus","固定性 / 对应版本待确认","qwen/qwen3-coder-plus","2026-09-21","https://openrouter.ai/api/v1/models ; https://openrouter.ai/docs/guides/overview/models","exact-id","动态目录候选；仍经运行时能力过滤","canonical_slug 为该渠道永久目录身份；不能由此保证调用 ID 永远固定到该版本或权重不可变。"
"OpenRouter","Qwen3 Max","qwen/qwen3-max","qwen/qwen3-max","固定性 / 对应版本待确认","qwen/qwen3-max","2026-09-21","https://openrouter.ai/api/v1/models ; https://openrouter.ai/docs/guides/overview/models","exact-id","动态目录候选；仍经运行时能力过滤","canonical_slug 为该渠道永久目录身份；不能由此保证调用 ID 永远固定到该版本或权重不可变。"
"OpenRouter","Qwen3 Max Thinking","qwen/qwen3-max-thinking","qwen/qwen3-max-thinking","固定性 / 对应版本待确认","qwen/qwen3-max-thinking-20260123","2026-09-21","https://openrouter.ai/api/v1/models ; https://openrouter.ai/docs/guides/overview/models","exact-id","动态目录候选；仍经运行时能力过滤","canonical_slug 为该渠道永久目录身份；不能由此保证调用 ID 永远固定到该版本或权重不可变。"
"OpenRouter","Qwen3 Next 80B A3B Instruct","qwen/qwen3-next-80b-a3b-instruct","qwen/qwen3-next-80b-a3b-instruct","固定性 / 对应版本待确认","qwen/qwen3-next-80b-a3b-instruct-2509","2026-09-21","https://openrouter.ai/api/v1/models ; https://openrouter.ai/docs/guides/overview/models","exact-id","动态目录候选；仍经运行时能力过滤","canonical_slug 为该渠道永久目录身份；不能由此保证调用 ID 永远固定到该版本或权重不可变。"
"OpenRouter","Qwen3 Next 80B A3B Thinking","qwen/qwen3-next-80b-a3b-thinking","qwen/qwen3-next-80b-a3b-thinking","固定性 / 对应版本待确认","qwen/qwen3-next-80b-a3b-thinking-2509","2026-09-21","https://openrouter.ai/api/v1/models ; https://openrouter.ai/docs/guides/overview/models","exact-id","动态目录候选；仍经运行时能力过滤","canonical_slug 为该渠道永久目录身份；不能由此保证调用 ID 永远固定到该版本或权重不可变。"
"OpenRouter","Qwen3 VL 235B A22B Instruct","qwen/qwen3-vl-235b-a22b-instruct","qwen/qwen3-vl-235b-a22b-instruct","固定性 / 对应版本待确认","qwen/qwen3-vl-235b-a22b-instruct","2026-09-21","https://openrouter.ai/api/v1/models ; https://openrouter.ai/docs/guides/overview/models","exact-id","动态目录候选；仍经运行时能力过滤","canonical_slug 为该渠道永久目录身份；不能由此保证调用 ID 永远固定到该版本或权重不可变。"
"OpenRouter","Qwen3 VL 235B A22B Thinking","qwen/qwen3-vl-235b-a22b-thinking","qwen/qwen3-vl-235b-a22b-thinking","固定性 / 对应版本待确认","qwen/qwen3-vl-235b-a22b-thinking","2026-09-21","https://openrouter.ai/api/v1/models ; https://openrouter.ai/docs/guides/overview/models","exact-id","动态目录候选；仍经运行时能力过滤","canonical_slug 为该渠道永久目录身份；不能由此保证调用 ID 永远固定到该版本或权重不可变。"
"OpenRouter","Qwen3 VL 30B A3B Instruct","qwen/qwen3-vl-30b-a3b-instruct","qwen/qwen3-vl-30b-a3b-instruct","固定性 / 对应版本待确认","qwen/qwen3-vl-30b-a3b-instruct","2026-09-21","https://openrouter.ai/api/v1/models ; https://openrouter.ai/docs/guides/overview/models","exact-id","动态目录候选；仍经运行时能力过滤","canonical_slug 为该渠道永久目录身份；不能由此保证调用 ID 永远固定到该版本或权重不可变。"
"OpenRouter","Qwen3 VL 30B A3B Thinking","qwen/qwen3-vl-30b-a3b-thinking","qwen/qwen3-vl-30b-a3b-thinking","固定性 / 对应版本待确认","qwen/qwen3-vl-30b-a3b-thinking","2026-09-21","https://openrouter.ai/api/v1/models ; https://openrouter.ai/docs/guides/overview/models","exact-id","动态目录候选；仍经运行时能力过滤","canonical_slug 为该渠道永久目录身份；不能由此保证调用 ID 永远固定到该版本或权重不可变。"
"OpenRouter","Qwen3 VL 32B Instruct","qwen/qwen3-vl-32b-instruct","qwen/qwen3-vl-32b-instruct","固定性 / 对应版本待确认","qwen/qwen3-vl-32b-instruct","2026-09-21","https://openrouter.ai/api/v1/models ; https://openrouter.ai/docs/guides/overview/models","exact-id","动态目录候选；仍经运行时能力过滤","canonical_slug 为该渠道永久目录身份；不能由此保证调用 ID 永远固定到该版本或权重不可变。"
"OpenRouter","Qwen3 VL 8B Instruct","qwen/qwen3-vl-8b-instruct","qwen/qwen3-vl-8b-instruct","固定性 / 对应版本待确认","qwen/qwen3-vl-8b-instruct","2026-09-21","https://openrouter.ai/api/v1/models ; https://openrouter.ai/docs/guides/overview/models","exact-id","动态目录候选；仍经运行时能力过滤","canonical_slug 为该渠道永久目录身份；不能由此保证调用 ID 永远固定到该版本或权重不可变。"
"OpenRouter","Qwen3 VL 8B Thinking","qwen/qwen3-vl-8b-thinking","qwen/qwen3-vl-8b-thinking","固定性 / 对应版本待确认","qwen/qwen3-vl-8b-thinking","2026-09-21","https://openrouter.ai/api/v1/models ; https://openrouter.ai/docs/guides/overview/models","exact-id","动态目录候选；仍经运行时能力过滤","canonical_slug 为该渠道永久目录身份；不能由此保证调用 ID 永远固定到该版本或权重不可变。"
"OpenRouter","Qwen3.5-122B-A10B","qwen/qwen3.5-122b-a10b","qwen/qwen3.5-122b-a10b","固定性 / 对应版本待确认","qwen/qwen3.5-122b-a10b-20260224","2026-09-21","https://openrouter.ai/api/v1/models ; https://openrouter.ai/docs/guides/overview/models","exact-id","动态目录候选；仍经运行时能力过滤","canonical_slug 为该渠道永久目录身份；不能由此保证调用 ID 永远固定到该版本或权重不可变。"
"OpenRouter","Qwen3.5-27B","qwen/qwen3.5-27b","qwen/qwen3.5-27b","固定性 / 对应版本待确认","qwen/qwen3.5-27b-20260224","2026-09-21","https://openrouter.ai/api/v1/models ; https://openrouter.ai/docs/guides/overview/models","exact-id","动态目录候选；仍经运行时能力过滤","canonical_slug 为该渠道永久目录身份；不能由此保证调用 ID 永远固定到该版本或权重不可变。"
"OpenRouter","Qwen3.5-35B-A3B","qwen/qwen3.5-35b-a3b","qwen/qwen3.5-35b-a3b","固定性 / 对应版本待确认","qwen/qwen3.5-35b-a3b-20260224","2026-09-21","https://openrouter.ai/api/v1/models ; https://openrouter.ai/docs/guides/overview/models","exact-id","动态目录候选；仍经运行时能力过滤","canonical_slug 为该渠道永久目录身份；不能由此保证调用 ID 永远固定到该版本或权重不可变。"
"OpenRouter","Qwen3.5 397B A17B","qwen/qwen3.5-397b-a17b","qwen/qwen3.5-397b-a17b","固定性 / 对应版本待确认","qwen/qwen3.5-397b-a17b-20260216","2026-09-21","https://openrouter.ai/api/v1/models ; https://openrouter.ai/docs/guides/overview/models","exact-id","动态目录候选；仍经运行时能力过滤","canonical_slug 为该渠道永久目录身份；不能由此保证调用 ID 永远固定到该版本或权重不可变。"
"OpenRouter","Qwen3.5-9B","qwen/qwen3.5-9b","qwen/qwen3.5-9b","固定性 / 对应版本待确认","qwen/qwen3.5-9b-20260310","2026-09-21","https://openrouter.ai/api/v1/models ; https://openrouter.ai/docs/guides/overview/models","exact-id","动态目录候选；仍经运行时能力过滤","canonical_slug 为该渠道永久目录身份；不能由此保证调用 ID 永远固定到该版本或权重不可变。"
"OpenRouter","Qwen3.5-Flash","qwen/qwen3.5-flash-02-23","qwen/qwen3.5-flash-02-23","固定性 / 对应版本待确认","qwen/qwen3.5-flash-20260224","2026-09-21","https://openrouter.ai/api/v1/models ; https://openrouter.ai/docs/guides/overview/models","exact-id","动态目录候选；仍经运行时能力过滤","canonical_slug 为该渠道永久目录身份；不能由此保证调用 ID 永远固定到该版本或权重不可变。"
"OpenRouter","Qwen3.5 Plus 2026-02-15","qwen/qwen3.5-plus-02-15","qwen/qwen3.5-plus-02-15","固定性 / 对应版本待确认","qwen/qwen3.5-plus-20260216","2026-09-21","https://openrouter.ai/api/v1/models ; https://openrouter.ai/docs/guides/overview/models","exact-id","动态目录候选；仍经运行时能力过滤","canonical_slug 为该渠道永久目录身份；不能由此保证调用 ID 永远固定到该版本或权重不可变。"
"OpenRouter","Qwen3.5 Plus 2026-04-20","qwen/qwen3.5-plus-20260420","qwen/qwen3.5-plus-20260420","固定性 / 对应版本待确认","qwen/qwen3.5-plus-20260420","2026-09-21","https://openrouter.ai/api/v1/models ; https://openrouter.ai/docs/guides/overview/models","exact-id","动态目录候选；仍经运行时能力过滤","canonical_slug 为该渠道永久目录身份；不能由此保证调用 ID 永远固定到该版本或权重不可变。"
"OpenRouter","Qwen3.6 27B","qwen/qwen3.6-27b","qwen/qwen3.6-27b","固定性 / 对应版本待确认","qwen/qwen3.6-27b-20260422","2026-09-21","https://openrouter.ai/api/v1/models ; https://openrouter.ai/docs/guides/overview/models","exact-id","动态目录候选；仍经运行时能力过滤","canonical_slug 为该渠道永久目录身份；不能由此保证调用 ID 永远固定到该版本或权重不可变。"
"OpenRouter","Qwen3.6 35B A3B","qwen/qwen3.6-35b-a3b","qwen/qwen3.6-35b-a3b","固定性 / 对应版本待确认","qwen/qwen3.6-35b-a3b-20260415","2026-09-21","https://openrouter.ai/api/v1/models ; https://openrouter.ai/docs/guides/overview/models","exact-id","动态目录候选；仍经运行时能力过滤","canonical_slug 为该渠道永久目录身份；不能由此保证调用 ID 永远固定到该版本或权重不可变。"
"OpenRouter","Qwen3.6 Flash","qwen/qwen3.6-flash","qwen/qwen3.6-flash","固定性 / 对应版本待确认","qwen/qwen3.6-flash","2026-09-21","https://openrouter.ai/api/v1/models ; https://openrouter.ai/docs/guides/overview/models","exact-id","动态目录候选；仍经运行时能力过滤","canonical_slug 为该渠道永久目录身份；不能由此保证调用 ID 永远固定到该版本或权重不可变。"
"OpenRouter","Qwen3.6 Max Preview","qwen/qwen3.6-max-preview","qwen/qwen3.6-max-preview","固定性 / 对应版本待确认","qwen/qwen3.6-max-preview-20260420","2026-09-21","https://openrouter.ai/api/v1/models ; https://openrouter.ai/docs/guides/overview/models","exact-id","动态目录候选；仍经运行时能力过滤","canonical_slug 为该渠道永久目录身份；不能由此保证调用 ID 永远固定到该版本或权重不可变。"
"OpenRouter","Qwen3.6 Plus","qwen/qwen3.6-plus","qwen/qwen3.6-plus","固定性 / 对应版本待确认","qwen/qwen3.6-plus-04-02","2026-09-21","https://openrouter.ai/api/v1/models ; https://openrouter.ai/docs/guides/overview/models","exact-id","动态目录候选；仍经运行时能力过滤","canonical_slug 为该渠道永久目录身份；不能由此保证调用 ID 永远固定到该版本或权重不可变。"
"OpenRouter","Qwen3.7 Flash","qwen/qwen3.7-flash","qwen/qwen3.7-flash","固定性 / 对应版本待确认","qwen/qwen3.7-flash-20260727","2026-09-21","https://openrouter.ai/api/v1/models ; https://openrouter.ai/docs/guides/overview/models","exact-id","动态目录候选；仍经运行时能力过滤","canonical_slug 为该渠道永久目录身份；不能由此保证调用 ID 永远固定到该版本或权重不可变。"
"OpenRouter","Qwen3.7 Max","qwen/qwen3.7-max","qwen/qwen3.7-max","固定性 / 对应版本待确认","qwen/qwen3.7-max-20260520","2026-09-21","https://openrouter.ai/api/v1/models ; https://openrouter.ai/docs/guides/overview/models","exact-id","动态目录候选；仍经运行时能力过滤","canonical_slug 为该渠道永久目录身份；不能由此保证调用 ID 永远固定到该版本或权重不可变。"
"OpenRouter","Qwen3.7 Plus","qwen/qwen3.7-plus","qwen/qwen3.7-plus","固定性 / 对应版本待确认","qwen/qwen3.7-plus-20260602","2026-09-21","https://openrouter.ai/api/v1/models ; https://openrouter.ai/docs/guides/overview/models","exact-id","动态目录候选；仍经运行时能力过滤","canonical_slug 为该渠道永久目录身份；不能由此保证调用 ID 永远固定到该版本或权重不可变。"
"OpenRouter","Qwen3.8 2.4T A95B","qwen/qwen3.8-2.4t-a95b","qwen/qwen3.8-2.4t-a95b","固定性 / 对应版本待确认","qwen/qwen3.8-2.4t-a95b-20260812","2026-09-21","https://openrouter.ai/api/v1/models ; https://openrouter.ai/docs/guides/overview/models","exact-id","动态目录候选；仍经运行时能力过滤","canonical_slug 为该渠道永久目录身份；不能由此保证调用 ID 永远固定到该版本或权重不可变。"
"OpenRouter","Qwen3.8 27B","qwen/qwen3.8-27b","qwen/qwen3.8-27b","固定性 / 对应版本待确认","qwen/qwen3.8-27b-20260814","2026-09-21","https://openrouter.ai/api/v1/models ; https://openrouter.ai/docs/guides/overview/models","exact-id","动态目录候选；仍经运行时能力过滤","canonical_slug 为该渠道永久目录身份；不能由此保证调用 ID 永远固定到该版本或权重不可变。"
"OpenRouter","Qwen3.8 27B (free)","qwen/qwen3.8-27b:free","qwen/qwen3.8-27b:free","固定性 / 对应版本待确认","qwen/qwen3.8-27b-20260814","2026-09-21","https://openrouter.ai/api/v1/models ; https://openrouter.ai/docs/guides/overview/models","exact-id","动态目录候选；仍经运行时能力过滤","canonical_slug 为该渠道永久目录身份；不能由此保证调用 ID 永远固定到该版本或权重不可变。"
"OpenRouter","Qwen3.8 Flash","qwen/qwen3.8-flash","qwen/qwen3.8-flash","固定性 / 对应版本待确认","qwen/qwen3.8-flash-20260826","2026-09-21","https://openrouter.ai/api/v1/models ; https://openrouter.ai/docs/guides/overview/models","exact-id","动态目录候选；仍经运行时能力过滤","canonical_slug 为该渠道永久目录身份；不能由此保证调用 ID 永远固定到该版本或权重不可变。"
"OpenRouter","Qwen3.8 Max (0902)","qwen/qwen3.8-max-0902","qwen/qwen3.8-max-0902","固定性 / 对应版本待确认","qwen/qwen3.8-max-20260902","2026-09-21","https://openrouter.ai/api/v1/models ; https://openrouter.ai/docs/guides/overview/models","exact-id","动态目录候选；仍经运行时能力过滤","canonical_slug 为该渠道永久目录身份；不能由此保证调用 ID 永远固定到该版本或权重不可变。"
"OpenRouter","Recraft V3","recraft/recraft-v3","recraft/recraft-v3","固定性 / 对应版本待确认","待确认","2026-09-21","https://openrouter.ai/api/v1/images/models ; https://openrouter.ai/docs/guides/overview/models","exact-id","动态目录候选；仍经运行时能力过滤","canonical_slug 为该渠道永久目录身份；不能由此保证调用 ID 永远固定到该版本或权重不可变。"
"OpenRouter","Recraft V4","recraft/recraft-v4","recraft/recraft-v4","固定性 / 对应版本待确认","待确认","2026-09-21","https://openrouter.ai/api/v1/images/models ; https://openrouter.ai/docs/guides/overview/models","exact-id","动态目录候选；仍经运行时能力过滤","canonical_slug 为该渠道永久目录身份；不能由此保证调用 ID 永远固定到该版本或权重不可变。"
"OpenRouter","Recraft V4 Pro","recraft/recraft-v4-pro","recraft/recraft-v4-pro","固定性 / 对应版本待确认","待确认","2026-09-21","https://openrouter.ai/api/v1/images/models ; https://openrouter.ai/docs/guides/overview/models","exact-id","动态目录候选；仍经运行时能力过滤","canonical_slug 为该渠道永久目录身份；不能由此保证调用 ID 永远固定到该版本或权重不可变。"
"OpenRouter","Recraft V4 Pro Vector","recraft/recraft-v4-pro-vector","recraft/recraft-v4-pro-vector","固定性 / 对应版本待确认","待确认","2026-09-21","https://openrouter.ai/api/v1/images/models ; https://openrouter.ai/docs/guides/overview/models","exact-id","动态目录候选；仍经运行时能力过滤","canonical_slug 为该渠道永久目录身份；不能由此保证调用 ID 永远固定到该版本或权重不可变。"
"OpenRouter","Recraft V4 Styles","recraft/recraft-v4-styles","recraft/recraft-v4-styles","固定性 / 对应版本待确认","待确认","2026-09-21","https://openrouter.ai/api/v1/images/models ; https://openrouter.ai/docs/guides/overview/models","exact-id","动态目录候选；仍经运行时能力过滤","canonical_slug 为该渠道永久目录身份；不能由此保证调用 ID 永远固定到该版本或权重不可变。"
"OpenRouter","Recraft V4 Styles Pro","recraft/recraft-v4-styles-pro","recraft/recraft-v4-styles-pro","固定性 / 对应版本待确认","待确认","2026-09-21","https://openrouter.ai/api/v1/images/models ; https://openrouter.ai/docs/guides/overview/models","exact-id","动态目录候选；仍经运行时能力过滤","canonical_slug 为该渠道永久目录身份；不能由此保证调用 ID 永远固定到该版本或权重不可变。"
"OpenRouter","Recraft V4 Styles Pro Vector","recraft/recraft-v4-styles-pro-vector","recraft/recraft-v4-styles-pro-vector","固定性 / 对应版本待确认","待确认","2026-09-21","https://openrouter.ai/api/v1/images/models ; https://openrouter.ai/docs/guides/overview/models","exact-id","动态目录候选；仍经运行时能力过滤","canonical_slug 为该渠道永久目录身份；不能由此保证调用 ID 永远固定到该版本或权重不可变。"
"OpenRouter","Recraft V4 Styles Vector","recraft/recraft-v4-styles-vector","recraft/recraft-v4-styles-vector","固定性 / 对应版本待确认","待确认","2026-09-21","https://openrouter.ai/api/v1/images/models ; https://openrouter.ai/docs/guides/overview/models","exact-id","动态目录候选；仍经运行时能力过滤","canonical_slug 为该渠道永久目录身份；不能由此保证调用 ID 永远固定到该版本或权重不可变。"
"OpenRouter","Recraft V4 Vector","recraft/recraft-v4-vector","recraft/recraft-v4-vector","固定性 / 对应版本待确认","待确认","2026-09-21","https://openrouter.ai/api/v1/images/models ; https://openrouter.ai/docs/guides/overview/models","exact-id","动态目录候选；仍经运行时能力过滤","canonical_slug 为该渠道永久目录身份；不能由此保证调用 ID 永远固定到该版本或权重不可变。"
"OpenRouter","Recraft V4.1","recraft/recraft-v4.1","recraft/recraft-v4.1","固定性 / 对应版本待确认","待确认","2026-09-21","https://openrouter.ai/api/v1/images/models ; https://openrouter.ai/docs/guides/overview/models","exact-id","动态目录候选；仍经运行时能力过滤","canonical_slug 为该渠道永久目录身份；不能由此保证调用 ID 永远固定到该版本或权重不可变。"
"OpenRouter","Recraft V4.1 Pro","recraft/recraft-v4.1-pro","recraft/recraft-v4.1-pro","固定性 / 对应版本待确认","待确认","2026-09-21","https://openrouter.ai/api/v1/images/models ; https://openrouter.ai/docs/guides/overview/models","exact-id","动态目录候选；仍经运行时能力过滤","canonical_slug 为该渠道永久目录身份；不能由此保证调用 ID 永远固定到该版本或权重不可变。"
"OpenRouter","Recraft V4.1 Pro Vector","recraft/recraft-v4.1-pro-vector","recraft/recraft-v4.1-pro-vector","固定性 / 对应版本待确认","待确认","2026-09-21","https://openrouter.ai/api/v1/images/models ; https://openrouter.ai/docs/guides/overview/models","exact-id","动态目录候选；仍经运行时能力过滤","canonical_slug 为该渠道永久目录身份；不能由此保证调用 ID 永远固定到该版本或权重不可变。"
"OpenRouter","Recraft V4.1 Utility","recraft/recraft-v4.1-utility","recraft/recraft-v4.1-utility","固定性 / 对应版本待确认","待确认","2026-09-21","https://openrouter.ai/api/v1/images/models ; https://openrouter.ai/docs/guides/overview/models","exact-id","动态目录候选；仍经运行时能力过滤","canonical_slug 为该渠道永久目录身份；不能由此保证调用 ID 永远固定到该版本或权重不可变。"
"OpenRouter","Recraft V4.1 Utility Pro","recraft/recraft-v4.1-utility-pro","recraft/recraft-v4.1-utility-pro","固定性 / 对应版本待确认","待确认","2026-09-21","https://openrouter.ai/api/v1/images/models ; https://openrouter.ai/docs/guides/overview/models","exact-id","动态目录候选；仍经运行时能力过滤","canonical_slug 为该渠道永久目录身份；不能由此保证调用 ID 永远固定到该版本或权重不可变。"
"OpenRouter","Recraft V4.1 Vector","recraft/recraft-v4.1-vector","recraft/recraft-v4.1-vector","固定性 / 对应版本待确认","待确认","2026-09-21","https://openrouter.ai/api/v1/images/models ; https://openrouter.ai/docs/guides/overview/models","exact-id","动态目录候选；仍经运行时能力过滤","canonical_slug 为该渠道永久目录身份；不能由此保证调用 ID 永远固定到该版本或权重不可变。"
"OpenRouter","Reka Edge","rekaai/reka-edge","rekaai/reka-edge","固定性 / 对应版本待确认","rekaai/reka-edge-2603","2026-09-21","https://openrouter.ai/api/v1/models ; https://openrouter.ai/docs/guides/overview/models","exact-id","动态目录候选；仍经运行时能力过滤","canonical_slug 为该渠道永久目录身份；不能由此保证调用 ID 永远固定到该版本或权重不可变。"
"OpenRouter","Reka Flash 3","rekaai/reka-flash-3","rekaai/reka-flash-3","固定性 / 对应版本待确认","rekaai/reka-flash-3","2026-09-21","https://openrouter.ai/api/v1/models ; https://openrouter.ai/docs/guides/overview/models","exact-id","动态目录候选；仍经运行时能力过滤","canonical_slug 为该渠道永久目录身份；不能由此保证调用 ID 永远固定到该版本或权重不可变。"
"OpenRouter","Relace Apply 3","relace/relace-apply-3","relace/relace-apply-3","固定性 / 对应版本待确认","relace/relace-apply-3","2026-09-21","https://openrouter.ai/api/v1/models ; https://openrouter.ai/docs/guides/overview/models","exact-id","动态目录候选；仍经运行时能力过滤","canonical_slug 为该渠道永久目录身份；不能由此保证调用 ID 永远固定到该版本或权重不可变。"
"OpenRouter","Relace Search","relace/relace-search","relace/relace-search","固定性 / 对应版本待确认","relace/relace-search-20251208","2026-09-21","https://openrouter.ai/api/v1/models ; https://openrouter.ai/docs/guides/overview/models","exact-id","动态目录候选；仍经运行时能力过滤","canonical_slug 为该渠道永久目录身份；不能由此保证调用 ID 永远固定到该版本或权重不可变。"
"OpenRouter","Fugu Max","sakana/fugu-max","sakana/fugu-max","固定性 / 对应版本待确认","sakana/fugu-max-20260911","2026-09-21","https://openrouter.ai/api/v1/models ; https://openrouter.ai/docs/guides/overview/models","exact-id","动态目录候选；仍经运行时能力过滤","canonical_slug 为该渠道永久目录身份；不能由此保证调用 ID 永远固定到该版本或权重不可变。"
"OpenRouter","Fugu Ultra","sakana/fugu-ultra","sakana/fugu-ultra","固定性 / 对应版本待确认","sakana/fugu-ultra-20260615","2026-09-21","https://openrouter.ai/api/v1/models ; https://openrouter.ai/docs/guides/overview/models","exact-id","动态目录候选；仍经运行时能力过滤","canonical_slug 为该渠道永久目录身份；不能由此保证调用 ID 永远固定到该版本或权重不可变。"
"OpenRouter","Fugu Ultra v2","sakana/fugu-ultra-v2","sakana/fugu-ultra-v2","固定性 / 对应版本待确认","sakana/fugu-ultra-v2-20260911","2026-09-21","https://openrouter.ai/api/v1/models ; https://openrouter.ai/docs/guides/overview/models","exact-id","动态目录候选；仍经运行时能力过滤","canonical_slug 为该渠道永久目录身份；不能由此保证调用 ID 永远固定到该版本或权重不可变。"
"OpenRouter","Sakana Namazu","sakana/sakana-namazu","sakana/sakana-namazu","固定性 / 对应版本待确认","sakana/namazu-20260811","2026-09-21","https://openrouter.ai/api/v1/models ; https://openrouter.ai/docs/guides/overview/models","exact-id","动态目录候选；仍经运行时能力过滤","canonical_slug 为该渠道永久目录身份；不能由此保证调用 ID 永远固定到该版本或权重不可变。"
"OpenRouter","Llama 3 8B Lunaris","sao10k/l3-lunaris-8b","sao10k/l3-lunaris-8b","固定性 / 对应版本待确认","sao10k/l3-lunaris-8b","2026-09-21","https://openrouter.ai/api/v1/models ; https://openrouter.ai/docs/guides/overview/models","exact-id","动态目录候选；仍经运行时能力过滤","canonical_slug 为该渠道永久目录身份；不能由此保证调用 ID 永远固定到该版本或权重不可变。"
"OpenRouter","Llama 3.1 Euryale 70B v2.2","sao10k/l3.1-euryale-70b","sao10k/l3.1-euryale-70b","固定性 / 对应版本待确认","sao10k/l3.1-euryale-70b","2026-09-21","https://openrouter.ai/api/v1/models ; https://openrouter.ai/docs/guides/overview/models","exact-id","动态目录候选；仍经运行时能力过滤","canonical_slug 为该渠道永久目录身份；不能由此保证调用 ID 永远固定到该版本或权重不可变。"
"OpenRouter","Llama 3.3 Euryale 70B","sao10k/l3.3-euryale-70b","sao10k/l3.3-euryale-70b","固定性 / 对应版本待确认","sao10k/l3.3-euryale-70b-v2.3","2026-09-21","https://openrouter.ai/api/v1/models ; https://openrouter.ai/docs/guides/overview/models","exact-id","动态目录候选；仍经运行时能力过滤","canonical_slug 为该渠道永久目录身份；不能由此保证调用 ID 永远固定到该版本或权重不可变。"
"OpenRouter","Riverflow V2 Fast","sourceful/riverflow-v2-fast","sourceful/riverflow-v2-fast","固定性 / 对应版本待确认","待确认","2026-09-21","https://openrouter.ai/api/v1/images/models ; https://openrouter.ai/docs/guides/overview/models","exact-id","动态目录候选；仍经运行时能力过滤","canonical_slug 为该渠道永久目录身份；不能由此保证调用 ID 永远固定到该版本或权重不可变。"
"OpenRouter","Riverflow V2 Pro","sourceful/riverflow-v2-pro","sourceful/riverflow-v2-pro","固定性 / 对应版本待确认","待确认","2026-09-21","https://openrouter.ai/api/v1/images/models ; https://openrouter.ai/docs/guides/overview/models","exact-id","动态目录候选；仍经运行时能力过滤","canonical_slug 为该渠道永久目录身份；不能由此保证调用 ID 永远固定到该版本或权重不可变。"
"OpenRouter","Riverflow V2.5 Fast","sourceful/riverflow-v2.5-fast","sourceful/riverflow-v2.5-fast","固定性 / 对应版本待确认","待确认","2026-09-21","https://openrouter.ai/api/v1/images/models ; https://openrouter.ai/docs/guides/overview/models","exact-id","动态目录候选；仍经运行时能力过滤","canonical_slug 为该渠道永久目录身份；不能由此保证调用 ID 永远固定到该版本或权重不可变。"
"OpenRouter","Riverflow V2.5 Pro","sourceful/riverflow-v2.5-pro","sourceful/riverflow-v2.5-pro","固定性 / 对应版本待确认","待确认","2026-09-21","https://openrouter.ai/api/v1/images/models ; https://openrouter.ai/docs/guides/overview/models","exact-id","动态目录候选；仍经运行时能力过滤","canonical_slug 为该渠道永久目录身份；不能由此保证调用 ID 永远固定到该版本或权重不可变。"
"OpenRouter","Step 3.5 Flash","stepfun/step-3.5-flash","stepfun/step-3.5-flash","固定性 / 对应版本待确认","stepfun/step-3.5-flash","2026-09-21","https://openrouter.ai/api/v1/models ; https://openrouter.ai/docs/guides/overview/models","exact-id","动态目录候选；仍经运行时能力过滤","canonical_slug 为该渠道永久目录身份；不能由此保证调用 ID 永远固定到该版本或权重不可变。"
"OpenRouter","Step 3.7 Flash","stepfun/step-3.7-flash","stepfun/step-3.7-flash","固定性 / 对应版本待确认","stepfun/step-3.7-flash-20260528","2026-09-21","https://openrouter.ai/api/v1/models ; https://openrouter.ai/docs/guides/overview/models","exact-id","动态目录候选；仍经运行时能力过滤","canonical_slug 为该渠道永久目录身份；不能由此保证调用 ID 永远固定到该版本或权重不可变。"
"OpenRouter","Hunyuan A13B Instruct","tencent/hunyuan-a13b-instruct","tencent/hunyuan-a13b-instruct","固定性 / 对应版本待确认","tencent/hunyuan-a13b-instruct","2026-09-21","https://openrouter.ai/api/v1/models ; https://openrouter.ai/docs/guides/overview/models","exact-id","动态目录候选；仍经运行时能力过滤","canonical_slug 为该渠道永久目录身份；不能由此保证调用 ID 永远固定到该版本或权重不可变。"
"OpenRouter","Hy-MT2-1.8B","tencent/hy-mt2-1.8b","tencent/hy-mt2-1.8b","固定性 / 对应版本待确认","tencent/hy-mt2-1.8b-20260521","2026-09-21","https://openrouter.ai/api/v1/models ; https://openrouter.ai/docs/guides/overview/models","exact-id","动态目录候选；仍经运行时能力过滤","canonical_slug 为该渠道永久目录身份；不能由此保证调用 ID 永远固定到该版本或权重不可变。"
"OpenRouter","Hy-MT2-30B-A3B","tencent/hy-mt2-30b-a3b","tencent/hy-mt2-30b-a3b","固定性 / 对应版本待确认","tencent/hy-mt2-30b-a3b-20260521","2026-09-21","https://openrouter.ai/api/v1/models ; https://openrouter.ai/docs/guides/overview/models","exact-id","动态目录候选；仍经运行时能力过滤","canonical_slug 为该渠道永久目录身份；不能由此保证调用 ID 永远固定到该版本或权重不可变。"
"OpenRouter","Hy-MT2-7B","tencent/hy-mt2-7b","tencent/hy-mt2-7b","固定性 / 对应版本待确认","tencent/hy-mt2-7b-20260521","2026-09-21","https://openrouter.ai/api/v1/models ; https://openrouter.ai/docs/guides/overview/models","exact-id","动态目录候选；仍经运行时能力过滤","canonical_slug 为该渠道永久目录身份；不能由此保证调用 ID 永远固定到该版本或权重不可变。"
"OpenRouter","Hy3","tencent/hy3","tencent/hy3","固定性 / 对应版本待确认","tencent/hy3-20260706","2026-09-21","https://openrouter.ai/api/v1/models ; https://openrouter.ai/docs/guides/overview/models","exact-id","动态目录候选；仍经运行时能力过滤","canonical_slug 为该渠道永久目录身份；不能由此保证调用 ID 永远固定到该版本或权重不可变。"
"OpenRouter","Hy3 preview","tencent/hy3-preview","tencent/hy3-preview","固定性 / 对应版本待确认","tencent/hy3-preview-20260421","2026-09-21","https://openrouter.ai/api/v1/models ; https://openrouter.ai/docs/guides/overview/models","exact-id","动态目录候选；仍经运行时能力过滤","canonical_slug 为该渠道永久目录身份；不能由此保证调用 ID 永远固定到该版本或权重不可变。"
"OpenRouter","Hy4 preview","tencent/hy4-preview","tencent/hy4-preview","固定性 / 对应版本待确认","tencent/hy4-preview-20260827","2026-09-21","https://openrouter.ai/api/v1/models ; https://openrouter.ai/docs/guides/overview/models","exact-id","动态目录候选；仍经运行时能力过滤","canonical_slug 为该渠道永久目录身份；不能由此保证调用 ID 永远固定到该版本或权重不可变。"
"OpenRouter","Cydonia 24B V4.1","thedrummer/cydonia-24b-v4.1","thedrummer/cydonia-24b-v4.1","固定性 / 对应版本待确认","thedrummer/cydonia-24b-v4.1","2026-09-21","https://openrouter.ai/api/v1/models ; https://openrouter.ai/docs/guides/overview/models","exact-id","动态目录候选；仍经运行时能力过滤","canonical_slug 为该渠道永久目录身份；不能由此保证调用 ID 永远固定到该版本或权重不可变。"
"OpenRouter","Skyfall 36B V2","thedrummer/skyfall-36b-v2","thedrummer/skyfall-36b-v2","固定性 / 对应版本待确认","thedrummer/skyfall-36b-v2","2026-09-21","https://openrouter.ai/api/v1/models ; https://openrouter.ai/docs/guides/overview/models","exact-id","动态目录候选；仍经运行时能力过滤","canonical_slug 为该渠道永久目录身份；不能由此保证调用 ID 永远固定到该版本或权重不可变。"
"OpenRouter","UnslopNemo 12B","thedrummer/unslopnemo-12b","thedrummer/unslopnemo-12b","固定性 / 对应版本待确认","thedrummer/unslopnemo-12b","2026-09-21","https://openrouter.ai/api/v1/models ; https://openrouter.ai/docs/guides/overview/models","exact-id","动态目录候选；仍经运行时能力过滤","canonical_slug 为该渠道永久目录身份；不能由此保证调用 ID 永远固定到该版本或权重不可变。"
"OpenRouter","Inkling","thinkingmachines/inkling","thinkingmachines/inkling","固定性 / 对应版本待确认","thinkingmachines/inkling-20260715","2026-09-21","https://openrouter.ai/api/v1/models ; https://openrouter.ai/docs/guides/overview/models","exact-id","动态目录候选；仍经运行时能力过滤","canonical_slug 为该渠道永久目录身份；不能由此保证调用 ID 永远固定到该版本或权重不可变。"
"OpenRouter","Inkling Small","thinkingmachines/inkling-small","thinkingmachines/inkling-small","固定性 / 对应版本待确认","thinkingmachines/inkling-small-20260730","2026-09-21","https://openrouter.ai/api/v1/models ; https://openrouter.ai/docs/guides/overview/models","exact-id","动态目录候选；仍经运行时能力过滤","canonical_slug 为该渠道永久目录身份；不能由此保证调用 ID 永远固定到该版本或权重不可变。"
"OpenRouter","Inkling Small (free)","thinkingmachines/inkling-small:free","thinkingmachines/inkling-small:free","固定性 / 对应版本待确认","thinkingmachines/inkling-small-20260730","2026-09-21","https://openrouter.ai/api/v1/models ; https://openrouter.ai/docs/guides/overview/models","exact-id","动态目录候选；仍经运行时能力过滤","canonical_slug 为该渠道永久目录身份；不能由此保证调用 ID 永远固定到该版本或权重不可变。"
"OpenRouter","Inkling (free)","thinkingmachines/inkling:free","thinkingmachines/inkling:free","固定性 / 对应版本待确认","thinkingmachines/inkling-20260715","2026-09-21","https://openrouter.ai/api/v1/models ; https://openrouter.ai/docs/guides/overview/models","exact-id","动态目录候选；仍经运行时能力过滤","canonical_slug 为该渠道永久目录身份；不能由此保证调用 ID 永远固定到该版本或权重不可变。"
"OpenRouter","Pareto","unbiased/pareto","unbiased/pareto","固定性 / 对应版本待确认","unbiased/pareto-20260917","2026-09-21","https://openrouter.ai/api/v1/models ; https://openrouter.ai/docs/guides/overview/models","exact-id","动态目录候选；仍经运行时能力过滤","canonical_slug 为该渠道永久目录身份；不能由此保证调用 ID 永远固定到该版本或权重不可变。"
"OpenRouter","ReMM SLERP 13B","undi95/remm-slerp-l2-13b","undi95/remm-slerp-l2-13b","固定性 / 对应版本待确认","undi95/remm-slerp-l2-13b","2026-09-21","https://openrouter.ai/api/v1/models ; https://openrouter.ai/docs/guides/overview/models","exact-id","动态目录候选；仍经运行时能力过滤","canonical_slug 为该渠道永久目录身份；不能由此保证调用 ID 永远固定到该版本或权重不可变。"
"OpenRouter","Solar Pro 3","upstage/solar-pro-3","upstage/solar-pro-3","固定性 / 对应版本待确认","upstage/solar-pro-3","2026-09-21","https://openrouter.ai/api/v1/models ; https://openrouter.ai/docs/guides/overview/models","exact-id","动态目录候选；仍经运行时能力过滤","canonical_slug 为该渠道永久目录身份；不能由此保证调用 ID 永远固定到该版本或权重不可变。"
"OpenRouter","Solar Pro 4","upstage/solar-pro4","upstage/solar-pro4","固定性 / 对应版本待确认","upstage/solar-pro4-20260810","2026-09-21","https://openrouter.ai/api/v1/models ; https://openrouter.ai/docs/guides/overview/models","exact-id","动态目录候选；仍经运行时能力过滤","canonical_slug 为该渠道永久目录身份；不能由此保证调用 ID 永远固定到该版本或权重不可变。"
"OpenRouter","Palmyra X5","writer/palmyra-x5","writer/palmyra-x5","固定性 / 对应版本待确认","writer/palmyra-x5-20250428","2026-09-21","https://openrouter.ai/api/v1/models ; https://openrouter.ai/docs/guides/overview/models","exact-id","动态目录候选；仍经运行时能力过滤","canonical_slug 为该渠道永久目录身份；不能由此保证调用 ID 永远固定到该版本或权重不可变。"
"OpenRouter","Grok 4.20","x-ai/grok-4.20","x-ai/grok-4.20","固定性 / 对应版本待确认","x-ai/grok-4.20-20260309","2026-09-21","https://openrouter.ai/api/v1/models ; https://openrouter.ai/docs/guides/overview/models","exact-id","动态目录候选；仍经运行时能力过滤","canonical_slug 为该渠道永久目录身份；不能由此保证调用 ID 永远固定到该版本或权重不可变。"
"OpenRouter","Grok 4.20 Multi-Agent","x-ai/grok-4.20-multi-agent","x-ai/grok-4.20-multi-agent","固定性 / 对应版本待确认","x-ai/grok-4.20-multi-agent-20260309","2026-09-21","https://openrouter.ai/api/v1/models ; https://openrouter.ai/docs/guides/overview/models","exact-id","动态目录候选；仍经运行时能力过滤","canonical_slug 为该渠道永久目录身份；不能由此保证调用 ID 永远固定到该版本或权重不可变。"
"OpenRouter","Grok 4.3","x-ai/grok-4.3","x-ai/grok-4.3","固定性 / 对应版本待确认","x-ai/grok-4.3-20260430","2026-09-21","https://openrouter.ai/api/v1/models ; https://openrouter.ai/docs/guides/overview/models","exact-id","动态目录候选；仍经运行时能力过滤","canonical_slug 为该渠道永久目录身份；不能由此保证调用 ID 永远固定到该版本或权重不可变。"
"OpenRouter","Grok 4.5","x-ai/grok-4.5","x-ai/grok-4.5","固定性 / 对应版本待确认","x-ai/grok-4.5-20260708","2026-09-21","https://openrouter.ai/api/v1/models ; https://openrouter.ai/docs/guides/overview/models","exact-id","动态目录候选；仍经运行时能力过滤","canonical_slug 为该渠道永久目录身份；不能由此保证调用 ID 永远固定到该版本或权重不可变。"
"OpenRouter","Grok 4.6","x-ai/grok-4.6","x-ai/grok-4.6","固定性 / 对应版本待确认","x-ai/grok-4.6-20260810","2026-09-21","https://openrouter.ai/api/v1/models ; https://openrouter.ai/docs/guides/overview/models","exact-id","动态目录候选；仍经运行时能力过滤","canonical_slug 为该渠道永久目录身份；不能由此保证调用 ID 永远固定到该版本或权重不可变。"
"OpenRouter","Grok Build 0.1","x-ai/grok-build-0.1","x-ai/grok-build-0.1","固定性 / 对应版本待确认","x-ai/grok-build-0.1-20260520","2026-09-21","https://openrouter.ai/api/v1/models ; https://openrouter.ai/docs/guides/overview/models","exact-id","动态目录候选；仍经运行时能力过滤","canonical_slug 为该渠道永久目录身份；不能由此保证调用 ID 永远固定到该版本或权重不可变。"
"OpenRouter","Grok Imagine Image 2.0","x-ai/grok-imagine-image-2.0","x-ai/grok-imagine-image-2.0","固定性 / 对应版本待确认","待确认","2026-09-21","https://openrouter.ai/api/v1/images/models ; https://openrouter.ai/docs/guides/overview/models","exact-id","动态目录候选；仍经运行时能力过滤","canonical_slug 为该渠道永久目录身份；不能由此保证调用 ID 永远固定到该版本或权重不可变。"
"OpenRouter","Grok Imagine Image Quality","x-ai/grok-imagine-image-quality","x-ai/grok-imagine-image-quality","固定性 / 对应版本待确认","待确认","2026-09-21","https://openrouter.ai/api/v1/images/models ; https://openrouter.ai/docs/guides/overview/models","exact-id","动态目录候选；仍经运行时能力过滤","canonical_slug 为该渠道永久目录身份；不能由此保证调用 ID 永远固定到该版本或权重不可变。"
"OpenRouter","MiMo-V2.5","xiaomi/mimo-v2.5","xiaomi/mimo-v2.5","固定性 / 对应版本待确认","xiaomi/mimo-v2.5-20260422","2026-09-21","https://openrouter.ai/api/v1/models ; https://openrouter.ai/docs/guides/overview/models","exact-id","动态目录候选；仍经运行时能力过滤","canonical_slug 为该渠道永久目录身份；不能由此保证调用 ID 永远固定到该版本或权重不可变。"
"OpenRouter","MiMo-V2.5-Pro","xiaomi/mimo-v2.5-pro","xiaomi/mimo-v2.5-pro","固定性 / 对应版本待确认","xiaomi/mimo-v2.5-pro-20260422","2026-09-21","https://openrouter.ai/api/v1/models ; https://openrouter.ai/docs/guides/overview/models","exact-id","动态目录候选；仍经运行时能力过滤","canonical_slug 为该渠道永久目录身份；不能由此保证调用 ID 永远固定到该版本或权重不可变。"
"OpenRouter","GLM 4.5","z-ai/glm-4.5","z-ai/glm-4.5","固定性 / 对应版本待确认","z-ai/glm-4.5","2026-09-21","https://openrouter.ai/api/v1/models ; https://openrouter.ai/docs/guides/overview/models","exact-id","动态目录候选；仍经运行时能力过滤","canonical_slug 为该渠道永久目录身份；不能由此保证调用 ID 永远固定到该版本或权重不可变。"
"OpenRouter","GLM 4.5 Air","z-ai/glm-4.5-air","z-ai/glm-4.5-air","固定性 / 对应版本待确认","z-ai/glm-4.5-air","2026-09-21","https://openrouter.ai/api/v1/models ; https://openrouter.ai/docs/guides/overview/models","exact-id","动态目录候选；仍经运行时能力过滤","canonical_slug 为该渠道永久目录身份；不能由此保证调用 ID 永远固定到该版本或权重不可变。"
"OpenRouter","GLM 4.5V","z-ai/glm-4.5v","z-ai/glm-4.5v","固定性 / 对应版本待确认","z-ai/glm-4.5v","2026-09-21","https://openrouter.ai/api/v1/models ; https://openrouter.ai/docs/guides/overview/models","exact-id","动态目录候选；仍经运行时能力过滤","canonical_slug 为该渠道永久目录身份；不能由此保证调用 ID 永远固定到该版本或权重不可变。"
"OpenRouter","GLM 4.6","z-ai/glm-4.6","z-ai/glm-4.6","固定性 / 对应版本待确认","z-ai/glm-4.6","2026-09-21","https://openrouter.ai/api/v1/models ; https://openrouter.ai/docs/guides/overview/models","exact-id","动态目录候选；仍经运行时能力过滤","canonical_slug 为该渠道永久目录身份；不能由此保证调用 ID 永远固定到该版本或权重不可变。"
"OpenRouter","GLM 4.6V","z-ai/glm-4.6v","z-ai/glm-4.6v","固定性 / 对应版本待确认","z-ai/glm-4.6-20251208","2026-09-21","https://openrouter.ai/api/v1/models ; https://openrouter.ai/docs/guides/overview/models","exact-id","动态目录候选；仍经运行时能力过滤","canonical_slug 为该渠道永久目录身份；不能由此保证调用 ID 永远固定到该版本或权重不可变。"
"OpenRouter","GLM 4.7","z-ai/glm-4.7","z-ai/glm-4.7","固定性 / 对应版本待确认","z-ai/glm-4.7-20251222","2026-09-21","https://openrouter.ai/api/v1/models ; https://openrouter.ai/docs/guides/overview/models","exact-id","动态目录候选；仍经运行时能力过滤","canonical_slug 为该渠道永久目录身份；不能由此保证调用 ID 永远固定到该版本或权重不可变。"
"OpenRouter","GLM 4.7 Flash","z-ai/glm-4.7-flash","z-ai/glm-4.7-flash","固定性 / 对应版本待确认","z-ai/glm-4.7-flash-20260119","2026-09-21","https://openrouter.ai/api/v1/models ; https://openrouter.ai/docs/guides/overview/models","exact-id","动态目录候选；仍经运行时能力过滤","canonical_slug 为该渠道永久目录身份；不能由此保证调用 ID 永远固定到该版本或权重不可变。"
"OpenRouter","GLM 5","z-ai/glm-5","z-ai/glm-5","固定性 / 对应版本待确认","z-ai/glm-5-20260211","2026-09-21","https://openrouter.ai/api/v1/models ; https://openrouter.ai/docs/guides/overview/models","exact-id","动态目录候选；仍经运行时能力过滤","canonical_slug 为该渠道永久目录身份；不能由此保证调用 ID 永远固定到该版本或权重不可变。"
"OpenRouter","GLM 5 Turbo","z-ai/glm-5-turbo","z-ai/glm-5-turbo","固定性 / 对应版本待确认","z-ai/glm-5-turbo-20260315","2026-09-21","https://openrouter.ai/api/v1/models ; https://openrouter.ai/docs/guides/overview/models","exact-id","动态目录候选；仍经运行时能力过滤","canonical_slug 为该渠道永久目录身份；不能由此保证调用 ID 永远固定到该版本或权重不可变。"
"OpenRouter","GLM 5.1","z-ai/glm-5.1","z-ai/glm-5.1","固定性 / 对应版本待确认","z-ai/glm-5.1-20260406","2026-09-21","https://openrouter.ai/api/v1/models ; https://openrouter.ai/docs/guides/overview/models","exact-id","动态目录候选；仍经运行时能力过滤","canonical_slug 为该渠道永久目录身份；不能由此保证调用 ID 永远固定到该版本或权重不可变。"
"OpenRouter","GLM 5.2","z-ai/glm-5.2","z-ai/glm-5.2","固定性 / 对应版本待确认","z-ai/glm-5.2-20260616","2026-09-21","https://openrouter.ai/api/v1/models ; https://openrouter.ai/docs/guides/overview/models","exact-id","动态目录候选；仍经运行时能力过滤","canonical_slug 为该渠道永久目录身份；不能由此保证调用 ID 永远固定到该版本或权重不可变。"
"OpenRouter","GLM 5.2 (free)","z-ai/glm-5.2:free","z-ai/glm-5.2:free","固定性 / 对应版本待确认","z-ai/glm-5.2-20260616","2026-09-21","https://openrouter.ai/api/v1/models ; https://openrouter.ai/docs/guides/overview/models","exact-id","动态目录候选；仍经运行时能力过滤","canonical_slug 为该渠道永久目录身份；不能由此保证调用 ID 永远固定到该版本或权重不可变。"
"OpenRouter","GLM 5.3","z-ai/glm-5.3","z-ai/glm-5.3","固定性 / 对应版本待确认","z-ai/glm-5.3-20260816","2026-09-21","https://openrouter.ai/api/v1/models ; https://openrouter.ai/docs/guides/overview/models","exact-id","动态目录候选；仍经运行时能力过滤","canonical_slug 为该渠道永久目录身份；不能由此保证调用 ID 永远固定到该版本或权重不可变。"
"OpenRouter","GLM 5.3 Flash","z-ai/glm-5.3-flash","z-ai/glm-5.3-flash","固定性 / 对应版本待确认","z-ai/glm-5.3-flash-20260826","2026-09-21","https://openrouter.ai/api/v1/models ; https://openrouter.ai/docs/guides/overview/models","exact-id","动态目录候选；仍经运行时能力过滤","canonical_slug 为该渠道永久目录身份；不能由此保证调用 ID 永远固定到该版本或权重不可变。"
"OpenRouter","GLM 5.3 FlashX","z-ai/glm-5.3-flashx","z-ai/glm-5.3-flashx","固定性 / 对应版本待确认","z-ai/glm-5.3-flashx-20260918","2026-09-21","https://openrouter.ai/api/v1/models ; https://openrouter.ai/docs/guides/overview/models","exact-id","动态目录候选；仍经运行时能力过滤","canonical_slug 为该渠道永久目录身份；不能由此保证调用 ID 永远固定到该版本或权重不可变。"
"OpenRouter","GLM 5V Turbo","z-ai/glm-5v-turbo","z-ai/glm-5v-turbo","固定性 / 对应版本待确认","z-ai/glm-5v-turbo-20260401","2026-09-21","https://openrouter.ai/api/v1/models ; https://openrouter.ai/docs/guides/overview/models","exact-id","动态目录候选；仍经运行时能力过滤","canonical_slug 为该渠道永久目录身份；不能由此保证调用 ID 永远固定到该版本或权重不可变。"
"Together AI","Flux.1 Kontext \[max]","black-forest-labs/FLUX.1-kontext-max","black-forest-labs/FLUX.1-kontext-max","固定性 / 对应版本待确认","black-forest-labs/FLUX.1-kontext-max","2026-09-21","https://docs.together.ai/docs/serverless/models","exact-id","静态可选","渠道文档未明确固定快照或滚动指向；不从厂商、发布日期或系列名推断。"
"Together AI","Flux.1 Kontext \[pro]","black-forest-labs/FLUX.1-kontext-pro","black-forest-labs/FLUX.1-kontext-pro","固定性 / 对应版本待确认","black-forest-labs/FLUX.1-kontext-pro","2026-09-21","https://docs.together.ai/docs/serverless/models","exact-id","静态可选","渠道文档未明确固定快照或滚动指向；不从厂商、发布日期或系列名推断。"
"Together AI","Flux1.1 \[pro]","black-forest-labs/FLUX.1.1-pro","black-forest-labs/FLUX.1.1-pro","固定性 / 对应版本待确认","black-forest-labs/FLUX.1.1-pro","2026-09-21","https://docs.together.ai/docs/serverless/models","exact-id","静态可选","渠道文档未明确固定快照或滚动指向；不从厂商、发布日期或系列名推断。"
"Together AI","FLUX.2 \[dev]","black-forest-labs/FLUX.2-dev","black-forest-labs/FLUX.2-dev","固定性 / 对应版本待确认","black-forest-labs/FLUX.2-dev","2026-09-21","https://docs.together.ai/docs/serverless/models","exact-id","静态可选","渠道文档未明确固定快照或滚动指向；不从厂商、发布日期或系列名推断。"
"Together AI","FLUX.2 \[flex]","black-forest-labs/FLUX.2-flex","black-forest-labs/FLUX.2-flex","固定性 / 对应版本待确认","black-forest-labs/FLUX.2-flex","2026-09-21","https://docs.together.ai/docs/serverless/models","exact-id","静态可选","渠道文档未明确固定快照或滚动指向；不从厂商、发布日期或系列名推断。"
"Together AI","FLUX.2 \[max]","black-forest-labs/FLUX.2-max","black-forest-labs/FLUX.2-max","固定性 / 对应版本待确认","black-forest-labs/FLUX.2-max","2026-09-21","https://docs.together.ai/docs/serverless/models","exact-id","静态可选","渠道文档未明确固定快照或滚动指向；不从厂商、发布日期或系列名推断。"
"Together AI","FLUX.2 \[pro]","black-forest-labs/FLUX.2-pro","black-forest-labs/FLUX.2-pro","固定性 / 对应版本待确认","black-forest-labs/FLUX.2-pro","2026-09-21","https://docs.together.ai/docs/serverless/models","exact-id","静态可选","渠道文档未明确固定快照或滚动指向；不从厂商、发布日期或系列名推断。"
"Together AI","Seedream 3.0","ByteDance-Seed/Seedream-3.0","ByteDance-Seed/Seedream-3.0","固定性 / 对应版本待确认","ByteDance-Seed/Seedream-3.0","2026-09-21","https://docs.together.ai/docs/serverless/models","exact-id","静态可选","渠道文档未明确固定快照或滚动指向；不从厂商、发布日期或系列名推断。"
"Together AI","Seedream 4.0","ByteDance-Seed/Seedream-4.0","ByteDance-Seed/Seedream-4.0","固定性 / 对应版本待确认","ByteDance-Seed/Seedream-4.0","2026-09-21","https://docs.together.ai/docs/serverless/models","exact-id","静态可选","渠道文档未明确固定快照或滚动指向；不从厂商、发布日期或系列名推断。"
"Together AI","Seedream 5.0 Lite","ByteDance/Seedream-5.0-lite","ByteDance/Seedream-5.0-lite","固定性 / 对应版本待确认","ByteDance/Seedream-5.0-lite","2026-09-21","https://docs.together.ai/docs/serverless/models","exact-id","静态可选","渠道文档未明确固定快照或滚动指向；不从厂商、发布日期或系列名推断。"
"Together AI","DeepSeek-V4-Flash-0731","deepseek-ai/DeepSeek-V4-Flash-0731","deepseek-ai/DeepSeek-V4-Flash-0731","固定性 / 对应版本待确认","deepseek-ai/DeepSeek-V4-Flash-0731","2026-09-21","https://docs.together.ai/docs/serverless/models","exact-id","静态可选","渠道文档未明确固定快照或滚动指向；不从厂商、发布日期或系列名推断。"
"Together AI","DeepSeek-V4-Pro-0813","deepseek-ai/DeepSeek-V4-Pro-0813","deepseek-ai/DeepSeek-V4-Pro-0813","固定性 / 对应版本待确认","deepseek-ai/DeepSeek-V4-Pro-0813","2026-09-21","https://docs.together.ai/docs/serverless/models","exact-id","静态可选","渠道文档未明确固定快照或滚动指向；不从厂商、发布日期或系列名推断。"
"Together AI","DeepSeek-V4.1-Flash","deepseek-ai/DeepSeek-V4.1-Flash","deepseek-ai/DeepSeek-V4.1-Flash","固定性 / 对应版本待确认","deepseek-ai/DeepSeek-V4.1-Flash","2026-09-21","https://docs.together.ai/docs/serverless/models","exact-id","静态可选","渠道文档未明确固定快照或滚动指向；不从厂商、发布日期或系列名推断。"
"Together AI","Flash Image 2.5 (Nano Banana)","google/flash-image-2.5","google/flash-image-2.5","固定性 / 对应版本待确认","google/flash-image-2.5","2026-09-21","https://docs.together.ai/docs/serverless/models","exact-id","静态可选","渠道文档未明确固定快照或滚动指向；不从厂商、发布日期或系列名推断。"
"Together AI","Gemini 3.1 Flash Image (Nano Banana 2)","google/flash-image-3.1","google/flash-image-3.1","固定性 / 对应版本待确认","google/flash-image-3.1","2026-09-21","https://docs.together.ai/docs/serverless/models","exact-id","静态可选","渠道文档未明确固定快照或滚动指向；不从厂商、发布日期或系列名推断。"
"Together AI","Gemini 3.1 Flash-Lite Image (Nano Banana 2 Lite)","google/flash-image-3.1-lite","google/flash-image-3.1-lite","固定性 / 对应版本待确认","google/flash-image-3.1-lite","2026-09-21","https://docs.together.ai/docs/serverless/models","exact-id","静态可选","渠道文档未明确固定快照或滚动指向；不从厂商、发布日期或系列名推断。"
"Together AI","Gemini 3 Pro Image (Nano Banana Pro)","google/gemini-3-pro-image","google/gemini-3-pro-image","固定性 / 对应版本待确认","google/gemini-3-pro-image","2026-09-21","https://docs.together.ai/docs/serverless/models","exact-id","静态可选","渠道文档未明确固定快照或滚动指向；不从厂商、发布日期或系列名推断。"
"Together AI","Imagen 4.0 Fast","google/imagen-4.0-fast","google/imagen-4.0-fast","固定性 / 对应版本待确认","google/imagen-4.0-fast","2026-09-21","https://docs.together.ai/docs/serverless/models","exact-id","静态可选","渠道文档未明确固定快照或滚动指向；不从厂商、发布日期或系列名推断。"
"Together AI","Imagen 4.0 Preview","google/imagen-4.0-preview","google/imagen-4.0-preview","固定性 / 对应版本待确认","google/imagen-4.0-preview","2026-09-21","https://docs.together.ai/docs/serverless/models","exact-id","静态可选","渠道文档未明确固定快照或滚动指向；不从厂商、发布日期或系列名推断。"
"Together AI","Imagen 4.0 Ultra","google/imagen-4.0-ultra","google/imagen-4.0-ultra","固定性 / 对应版本待确认","google/imagen-4.0-ultra","2026-09-21","https://docs.together.ai/docs/serverless/models","exact-id","静态可选","渠道文档未明确固定快照或滚动指向；不从厂商、发布日期或系列名推断。"
"Together AI","Ideogram 3.0","ideogram/ideogram-3.0","ideogram/ideogram-3.0","固定性 / 对应版本待确认","ideogram/ideogram-3.0","2026-09-21","https://docs.together.ai/docs/serverless/models","exact-id","静态可选","渠道文档未明确固定快照或滚动指向；不从厂商、发布日期或系列名推断。"
"Together AI","Ideogram 4.0","ideogram/ideogram-4.0","ideogram/ideogram-4.0","固定性 / 对应版本待确认","ideogram/ideogram-4.0","2026-09-21","https://docs.together.ai/docs/serverless/models","exact-id","静态可选","渠道文档未明确固定快照或滚动指向；不从厂商、发布日期或系列名推断。"
"Together AI","Llama 3.3 70B Instruct Turbo","meta-llama/Llama-3.3-70B-Instruct-Turbo","meta-llama/Llama-3.3-70B-Instruct-Turbo","固定性 / 对应版本待确认","meta-llama/Llama-3.3-70B-Instruct-Turbo","2026-09-21","https://docs.together.ai/docs/serverless/models","exact-id","静态可选","渠道文档未明确固定快照或滚动指向；不从厂商、发布日期或系列名推断。"
"Together AI","Muse Glimmer 30B","meta-models/Muse-Glimmer-30B","meta-models/Muse-Glimmer-30B","固定性 / 对应版本待确认","meta-models/Muse-Glimmer-30B","2026-09-21","https://docs.together.ai/docs/serverless/models","exact-id","静态可选","渠道文档未明确固定快照或滚动指向；不从厂商、发布日期或系列名推断。"
"Together AI","Minimax M3","MiniMaxAI/MiniMax-M3","MiniMaxAI/MiniMax-M3","固定性 / 对应版本待确认","MiniMaxAI/MiniMax-M3","2026-09-21","https://docs.together.ai/docs/serverless/models","exact-id","静态可选","渠道文档未明确固定快照或滚动指向；不从厂商、发布日期或系列名推断。"
"Together AI","Kimi K3","moonshotai/Kimi-K3","moonshotai/Kimi-K3","固定性 / 对应版本待确认","moonshotai/Kimi-K3","2026-09-21","https://docs.together.ai/docs/serverless/models","exact-id","静态可选","渠道文档未明确固定快照或滚动指向；不从厂商、发布日期或系列名推断。"
"Together AI","GPT Image 1.5","openai/gpt-image-1.5","openai/gpt-image-1.5","固定性 / 对应版本待确认","openai/gpt-image-1.5","2026-09-21","https://docs.together.ai/docs/serverless/models","exact-id","静态可选","渠道文档未明确固定快照或滚动指向；不从厂商、发布日期或系列名推断。"
"Together AI","GPT Image 2","openai/gpt-image-2","openai/gpt-image-2","固定性 / 对应版本待确认","openai/gpt-image-2","2026-09-21","https://docs.together.ai/docs/serverless/models","exact-id","静态可选","渠道文档未明确固定快照或滚动指向；不从厂商、发布日期或系列名推断。"
"Together AI","GPT-OSS 120B","openai/gpt-oss-120b","openai/gpt-oss-120b","固定性 / 对应版本待确认","openai/gpt-oss-120b","2026-09-21","https://docs.together.ai/docs/serverless/models","exact-id","静态可选","渠道文档未明确固定快照或滚动指向；不从厂商、发布日期或系列名推断。"
"Together AI","Ternary Bonsai 27B","Prism-ML/Ternary-Bonsai-27B","Prism-ML/Ternary-Bonsai-27B","固定性 / 对应版本待确认","Prism-ML/Ternary-Bonsai-27B","2026-09-21","https://docs.together.ai/docs/serverless/models","exact-id","静态可选","渠道文档未明确固定快照或滚动指向；不从厂商、发布日期或系列名推断。"
"Together AI","P-Image-Ideogram","prunaai/p-image-ideogram","prunaai/p-image-ideogram","固定性 / 对应版本待确认","prunaai/p-image-ideogram","2026-09-21","https://docs.together.ai/docs/serverless/models","exact-id","静态可选","渠道文档未明确固定快照或滚动指向；不从厂商、发布日期或系列名推断。"
"Together AI","Qwen Image","Qwen/Qwen-Image","Qwen/Qwen-Image","固定性 / 对应版本待确认","Qwen/Qwen-Image","2026-09-21","https://docs.together.ai/docs/serverless/models","exact-id","静态可选","渠道文档未明确固定快照或滚动指向；不从厂商、发布日期或系列名推断。"
"Together AI","Qwen Image 2.0","Qwen/Qwen-Image-2.0","Qwen/Qwen-Image-2.0","固定性 / 对应版本待确认","Qwen/Qwen-Image-2.0","2026-09-21","https://docs.together.ai/docs/serverless/models","exact-id","静态可选","渠道文档未明确固定快照或滚动指向；不从厂商、发布日期或系列名推断。"
"Together AI","Qwen Image 2.0 Pro","Qwen/Qwen-Image-2.0-Pro","Qwen/Qwen-Image-2.0-Pro","固定性 / 对应版本待确认","Qwen/Qwen-Image-2.0-Pro","2026-09-21","https://docs.together.ai/docs/serverless/models","exact-id","静态可选","渠道文档未明确固定快照或滚动指向；不从厂商、发布日期或系列名推断。"
"Together AI","Qwen3.5 9B","Qwen/Qwen3.5-9B","Qwen/Qwen3.5-9B","固定性 / 对应版本待确认","Qwen/Qwen3.5-9B","2026-09-21","https://docs.together.ai/docs/serverless/models","exact-id","静态可选","渠道文档未明确固定快照或滚动指向；不从厂商、发布日期或系列名推断。"
"Together AI","Qwen3.6 Plus","Qwen/Qwen3.6-Plus","Qwen/Qwen3.6-Plus","固定性 / 对应版本待确认","Qwen/Qwen3.6-Plus","2026-09-21","https://docs.together.ai/docs/serverless/models","exact-id","静态可选","渠道文档未明确固定快照或滚动指向；不从厂商、发布日期或系列名推断。"
"Together AI","Qwen3.7 Max","Qwen/Qwen3.7-Max","Qwen/Qwen3.7-Max","固定性 / 对应版本待确认","Qwen/Qwen3.7-Max","2026-09-21","https://docs.together.ai/docs/serverless/models","exact-id","静态可选","渠道文档未明确固定快照或滚动指向；不从厂商、发布日期或系列名推断。"
"Together AI","Qwen3.7 Plus","Qwen/Qwen3.7-Plus","Qwen/Qwen3.7-Plus","固定性 / 对应版本待确认","Qwen/Qwen3.7-Plus","2026-09-21","https://docs.together.ai/docs/serverless/models","exact-id","静态可选","渠道文档未明确固定快照或滚动指向；不从厂商、发布日期或系列名推断。"
"Together AI","Qwen3.8-2.4T-A95B","Qwen/Qwen3.8-2.4T-A95B","Qwen/Qwen3.8-2.4T-A95B","固定性 / 对应版本待确认","Qwen/Qwen3.8-2.4T-A95B","2026-09-21","https://docs.together.ai/docs/serverless/models","exact-id","静态可选","渠道文档未明确固定快照或滚动指向；不从厂商、发布日期或系列名推断。"
"Together AI","Qwen3.8 Flash","Qwen/Qwen3.8-Flash","Qwen/Qwen3.8-Flash","固定性 / 对应版本待确认","Qwen/Qwen3.8-Flash","2026-09-21","https://docs.together.ai/docs/serverless/models","exact-id","静态可选","渠道文档未明确固定快照或滚动指向；不从厂商、发布日期或系列名推断。"
"Together AI","Juggernaut Lightning Flux","Rundiffusion/Juggernaut-Lightning-Flux","Rundiffusion/Juggernaut-Lightning-Flux","固定性 / 对应版本待确认","Rundiffusion/Juggernaut-Lightning-Flux","2026-09-21","https://docs.together.ai/docs/serverless/models","exact-id","静态可选","渠道文档未明确固定快照或滚动指向；不从厂商、发布日期或系列名推断。"
"Together AI","Juggernaut Pro Flux","RunDiffusion/Juggernaut-pro-flux","RunDiffusion/Juggernaut-pro-flux","固定性 / 对应版本待确认","RunDiffusion/Juggernaut-pro-flux","2026-09-21","https://docs.together.ai/docs/serverless/models","exact-id","静态可选","渠道文档未明确固定快照或滚动指向；不从厂商、发布日期或系列名推断。"
"Together AI","Stable Diffusion XL Base 1.0","stabilityai/stable-diffusion-xl-base-1.0","stabilityai/stable-diffusion-xl-base-1.0","固定性 / 对应版本待确认","stabilityai/stable-diffusion-xl-base-1.0","2026-09-21","https://docs.together.ai/docs/serverless/models","exact-id","静态可选","渠道文档未明确固定快照或滚动指向；不从厂商、发布日期或系列名推断。"
"Together AI","Inkling","thinkingmachines/Inkling","thinkingmachines/Inkling","固定性 / 对应版本待确认","thinkingmachines/Inkling","2026-09-21","https://docs.together.ai/docs/serverless/models","exact-id","静态可选","渠道文档未明确固定快照或滚动指向；不从厂商、发布日期或系列名推断。"
"Together AI","Wan 2.6 Image","Wan-AI/Wan2.6-image","Wan-AI/Wan2.6-image","固定性 / 对应版本待确认","Wan-AI/Wan2.6-image","2026-09-21","https://docs.together.ai/docs/serverless/models","exact-id","静态可选","渠道文档未明确固定快照或滚动指向；不从厂商、发布日期或系列名推断。"
"Together AI","GLM-5.2","zai-org/GLM-5.2","zai-org/GLM-5.2","固定性 / 对应版本待确认","zai-org/GLM-5.2","2026-09-21","https://docs.together.ai/docs/serverless/models","exact-id","静态可选","渠道文档未明确固定快照或滚动指向；不从厂商、发布日期或系列名推断。"
"Together AI","GLM-5.3","zai-org/GLM-5.3","zai-org/GLM-5.3","固定性 / 对应版本待确认","zai-org/GLM-5.3","2026-09-21","https://docs.together.ai/docs/serverless/models","exact-id","静态可选","渠道文档未明确固定快照或滚动指向；不从厂商、发布日期或系列名推断。"
"Together AI","GLM-5.3 Flash","zai-org/GLM-5.3-Flash","zai-org/GLM-5.3-Flash","固定性 / 对应版本待确认","zai-org/GLM-5.3-Flash","2026-09-21","https://docs.together.ai/docs/serverless/models","exact-id","静态可选","渠道文档未明确固定快照或滚动指向；不从厂商、发布日期或系列名推断。"
"Fireworks AI","DeepSeek V4 Flash (0731)","accounts/fireworks/models/deepseek-v4-flash-0731","accounts/fireworks/models/deepseek-v4-flash-0731","固定性 / 对应版本待确认","accounts/fireworks/models/deepseek-v4-flash-0731","2026-09-21","https://app.fireworks.ai/models/fireworks/deepseek-v4-flash-0731","exact-id","静态可选","渠道文档未明确固定快照或滚动指向；不从厂商、发布日期或系列名推断。"
"Fireworks AI","DeepSeek V4 Flash Vision Exp","accounts/fireworks/models/deepseek-v4-flash-vision-exp","accounts/fireworks/models/deepseek-v4-flash-vision-exp","固定性 / 对应版本待确认","accounts/fireworks/models/deepseek-v4-flash-vision-exp","2026-09-21","https://app.fireworks.ai/models/fireworks/deepseek-v4-flash-vision-exp","exact-id","静态可选","渠道文档未明确固定快照或滚动指向；不从厂商、发布日期或系列名推断。"
"Fireworks AI","DeepSeek-V4-Pro-0813","accounts/fireworks/models/deepseek-v4-pro-0813","accounts/fireworks/models/deepseek-v4-pro-0813","固定性 / 对应版本待确认","accounts/fireworks/models/deepseek-v4-pro-0813","2026-09-21","https://app.fireworks.ai/models/fireworks/deepseek-v4-pro-0813","exact-id","静态可选","渠道文档未明确固定快照或滚动指向；不从厂商、发布日期或系列名推断。"
"Fireworks AI","DeepSeek-V4.1-Flash","accounts/fireworks/models/deepseek-v4p1-flash","accounts/fireworks/models/deepseek-v4p1-flash","固定性 / 对应版本待确认","accounts/fireworks/models/deepseek-v4p1-flash","2026-09-21","https://fireworks.ai/models/deepseek-ai/deepseek-v4p1-flash","exact-id","静态可选","渠道文档未明确固定快照或滚动指向；不从厂商、发布日期或系列名推断。"
"Fireworks AI","Gemma 4 31B","accounts/fireworks/models/gemma-4-31b-it","accounts/fireworks/models/gemma-4-31b-it","固定性 / 对应版本待确认","accounts/fireworks/models/gemma-4-31b-it","2026-09-21","https://app.fireworks.ai/models/fireworks/gemma-4-31b-it","exact-id","静态可选","渠道文档未明确固定快照或滚动指向；不从厂商、发布日期或系列名推断。"
"Fireworks AI","GLM 5.2","accounts/fireworks/models/glm-5p2","accounts/fireworks/models/glm-5p2","固定性 / 对应版本待确认","accounts/fireworks/models/glm-5p2","2026-09-21","https://app.fireworks.ai/models/fireworks/glm-5p2","exact-id","静态可选","渠道文档未明确固定快照或滚动指向；不从厂商、发布日期或系列名推断。"
"Fireworks AI","GLM 5.3","accounts/fireworks/models/glm-5p3","accounts/fireworks/models/glm-5p3","固定性 / 对应版本待确认","accounts/fireworks/models/glm-5p3","2026-09-21","https://app.fireworks.ai/models/fireworks/glm-5p3","exact-id","静态可选","渠道文档未明确固定快照或滚动指向；不从厂商、发布日期或系列名推断。"
"Fireworks AI","GLM 5.3 Flash","accounts/fireworks/models/glm-5p3-flash","accounts/fireworks/models/glm-5p3-flash","固定性 / 对应版本待确认","accounts/fireworks/models/glm-5p3-flash","2026-09-21","https://app.fireworks.ai/models/fireworks/glm-5p3-flash","exact-id","静态可选","渠道文档未明确固定快照或滚动指向；不从厂商、发布日期或系列名推断。"
"Fireworks AI","OpenAI GPT OSS 120B","accounts/fireworks/models/gpt-oss-120b","accounts/fireworks/models/gpt-oss-120b","固定性 / 对应版本待确认","accounts/fireworks/models/gpt-oss-120b","2026-09-21","https://app.fireworks.ai/models/fireworks/gpt-oss-120b","exact-id","静态可选","渠道文档未明确固定快照或滚动指向；不从厂商、发布日期或系列名推断。"
"Fireworks AI","Kimi K2.5","accounts/fireworks/models/kimi-k2p5","accounts/fireworks/models/kimi-k2p5","固定性 / 对应版本待确认","accounts/fireworks/models/kimi-k2p5","2026-09-21","https://app.fireworks.ai/models/fireworks/kimi-k2p5","exact-id","静态可选","渠道文档未明确固定快照或滚动指向；不从厂商、发布日期或系列名推断。"
"Fireworks AI","Kimi K2.6","accounts/fireworks/models/kimi-k2p6","accounts/fireworks/models/kimi-k2p6","固定性 / 对应版本待确认","accounts/fireworks/models/kimi-k2p6","2026-09-21","https://app.fireworks.ai/models/fireworks/kimi-k2p6","exact-id","静态可选","渠道文档未明确固定快照或滚动指向；不从厂商、发布日期或系列名推断。"
"Fireworks AI","Kimi K2.7 Code","accounts/fireworks/models/kimi-k2p7-code","accounts/fireworks/models/kimi-k2p7-code","固定性 / 对应版本待确认","accounts/fireworks/models/kimi-k2p7-code","2026-09-21","https://app.fireworks.ai/models/fireworks/kimi-k2p7-code","exact-id","静态可选","渠道文档未明确固定快照或滚动指向；不从厂商、发布日期或系列名推断。"
"Fireworks AI","Kimi K3","accounts/fireworks/models/kimi-k3","accounts/fireworks/models/kimi-k3","固定性 / 对应版本待确认","accounts/fireworks/models/kimi-k3","2026-09-21","https://app.fireworks.ai/models/fireworks/kimi-k3","exact-id","静态可选","渠道文档未明确固定快照或滚动指向；不从厂商、发布日期或系列名推断。"
"Fireworks AI","MiniMax M3","accounts/fireworks/models/minimax-m3","accounts/fireworks/models/minimax-m3","固定性 / 对应版本待确认","accounts/fireworks/models/minimax-m3","2026-09-21","https://app.fireworks.ai/models/fireworks/minimax-m3","exact-id","静态可选","渠道文档未明确固定快照或滚动指向；不从厂商、发布日期或系列名推断。"
"Fireworks AI","Muse Glimmer 30B","accounts/fireworks/models/muse-glimmer-30b","accounts/fireworks/models/muse-glimmer-30b","固定性 / 对应版本待确认","accounts/fireworks/models/muse-glimmer-30b","2026-09-21","https://app.fireworks.ai/models/fireworks/muse-glimmer-30b","exact-id","静态可选","渠道文档未明确固定快照或滚动指向；不从厂商、发布日期或系列名推断。"
"Fireworks AI","NVIDIA Nemotron 3 Ultra (Preview) · NVFP4","accounts/fireworks/models/nemotron-3-ultra-nvfp4","accounts/fireworks/models/nemotron-3-ultra-nvfp4","固定性 / 对应版本待确认","accounts/fireworks/models/nemotron-3-ultra-nvfp4","2026-09-21","https://app.fireworks.ai/models/fireworks/nemotron-3-ultra-nvfp4","exact-id","静态可选","渠道文档未明确固定快照或滚动指向；不从厂商、发布日期或系列名推断。"
"Fireworks AI","NVIDIA Nemotron 3.5 Lightning 30B A3B","accounts/fireworks/models/nemotron-lightning-3p5-30b-a3b","accounts/fireworks/models/nemotron-lightning-3p5-30b-a3b","固定性 / 对应版本待确认","accounts/fireworks/models/nemotron-lightning-3p5-30b-a3b","2026-09-21","https://app.fireworks.ai/models/fireworks/nemotron-lightning-3p5-30b-a3b","exact-id","静态可选","渠道文档未明确固定快照或滚动指向；不从厂商、发布日期或系列名推断。"
"Fireworks AI","NVIDIA Nemotron 3 Nano Omni 30B A3B","accounts/fireworks/models/nvidia-nemotron-3-nano-omni-30b-a3b","accounts/fireworks/models/nvidia-nemotron-3-nano-omni-30b-a3b","固定性 / 对应版本待确认","accounts/fireworks/models/nvidia-nemotron-3-nano-omni-30b-a3b","2026-09-21","https://app.fireworks.ai/models/fireworks/nvidia-nemotron-3-nano-omni-30b-a3b","exact-id","静态可选","渠道文档未明确固定快照或滚动指向；不从厂商、发布日期或系列名推断。"
"Fireworks AI","Qwen3 8B","accounts/fireworks/models/qwen3-8b","accounts/fireworks/models/qwen3-8b","固定性 / 对应版本待确认","accounts/fireworks/models/qwen3-8b","2026-09-21","https://app.fireworks.ai/models/fireworks/qwen3-8b","exact-id","静态可选","渠道文档未明确固定快照或滚动指向；不从厂商、发布日期或系列名推断。"
"Fireworks AI","Qwen3 Omni 30B A3B Instruct","accounts/fireworks/models/qwen3-omni-30b-a3b-instruct","accounts/fireworks/models/qwen3-omni-30b-a3b-instruct","固定性 / 对应版本待确认","accounts/fireworks/models/qwen3-omni-30b-a3b-instruct","2026-09-21","https://app.fireworks.ai/models/fireworks/qwen3-omni-30b-a3b-instruct","exact-id","静态可选","渠道文档未明确固定快照或滚动指向；不从厂商、发布日期或系列名推断。"
"Fireworks AI","Qwen 3.7 Plus","accounts/fireworks/models/qwen3p7-plus","accounts/fireworks/models/qwen3p7-plus","固定性 / 对应版本待确认","accounts/fireworks/models/qwen3p7-plus","2026-09-21","https://app.fireworks.ai/models/fireworks/qwen3p7-plus","exact-id","静态可选","渠道文档未明确固定快照或滚动指向；不从厂商、发布日期或系列名推断。"
"Fireworks AI","Qwen 3.8 Max","accounts/fireworks/models/qwen3p8-max","accounts/fireworks/models/qwen3p8-max","固定性 / 对应版本待确认","accounts/fireworks/models/qwen3p8-max","2026-09-21","https://app.fireworks.ai/models/fireworks/qwen3p8-max","exact-id","静态可选","渠道文档未明确固定快照或滚动指向；不从厂商、发布日期或系列名推断。"
"Fireworks AI","Step 3.7 Flash · NVFP4","accounts/fireworks/models/step-3p7-flash-nvfp4","accounts/fireworks/models/step-3p7-flash-nvfp4","固定性 / 对应版本待确认","accounts/fireworks/models/step-3p7-flash-nvfp4","2026-09-21","https://app.fireworks.ai/models/fireworks/step-3p7-flash-nvfp4","exact-id","静态可选","渠道文档未明确固定快照或滚动指向；不从厂商、发布日期或系列名推断。"
"fal","Qwen-image-3","alibaba/qwen-image-3/text-to-image","alibaba/qwen-image-3/text-to-image","固定性 / 对应版本待确认","alibaba/qwen-image-3/text-to-image","2026-09-21","https://fal.ai/models/alibaba/qwen-image-3/text-to-image/api","exact-wire-selector","静态可选","渠道文档未明确固定快照或滚动指向；不从厂商、发布日期或系列名推断。"
"fal","fibo-edit-1.5 · edit","bria/fibo-edit-1.5/edit","bria/fibo-edit-1.5/edit","固定性 / 对应版本待确认","bria/fibo-edit-1.5/edit","2026-09-21","https://fal.ai/models/bria/fibo-edit-1.5/edit/api","exact-wire-selector","静态可选","渠道文档未明确固定快照或滚动指向；不从厂商、发布日期或系列名推断。"
"fal","fibo-gen-1.5","bria/fibo-gen-1.5/text-to-image","bria/fibo-gen-1.5/text-to-image","固定性 / 对应版本待确认","bria/fibo-gen-1.5/text-to-image","2026-09-21","https://fal.ai/models/bria/fibo-gen-1.5/text-to-image/api","exact-wire-selector","静态可选","渠道文档未明确固定快照或滚动指向；不从厂商、发布日期或系列名推断。"
"fal","Seedream · v5 · pro","bytedance/seedream/v5/pro/text-to-image","bytedance/seedream/v5/pro/text-to-image / bytedance/seedream/v5/pro/edit","固定性 / 对应版本待确认","bytedance/seedream/v5/pro/text-to-image","2026-09-21","https://fal.ai/models/bytedance/seedream/v5/pro/text-to-image/api","exact-wire-selector","静态可选","渠道文档未明确固定快照或滚动指向；不从厂商、发布日期或系列名推断。"
"fal","Seedream · v4.5","fal-ai/bytedance/seedream/v4.5/text-to-image","fal-ai/bytedance/seedream/v4.5/text-to-image / fal-ai/bytedance/seedream/v4.5/edit","固定性 / 对应版本待确认","fal-ai/bytedance/seedream/v4.5/text-to-image","2026-09-21","https://fal.ai/models/fal-ai/bytedance/seedream/v4.5/text-to-image/api","exact-wire-selector","静态可选","渠道文档未明确固定快照或滚动指向；不从厂商、发布日期或系列名推断。"
"fal","Seedream · v4","fal-ai/bytedance/seedream/v4/text-to-image","fal-ai/bytedance/seedream/v4/text-to-image / fal-ai/bytedance/seedream/v4/edit","固定性 / 对应版本待确认","fal-ai/bytedance/seedream/v4/text-to-image","2026-09-21","https://fal.ai/models/fal-ai/bytedance/seedream/v4.5/text-to-image/api ; https://fal.ai/models/fal-ai/bytedance/seedream/v4/text-to-image/api","exact-wire-selector","静态可选","渠道文档未明确固定快照或滚动指向；不从厂商、发布日期或系列名推断。"
"fal","Seedream · v5 · lite · edit","fal-ai/bytedance/seedream/v5/lite/edit","fal-ai/bytedance/seedream/v5/lite/edit","固定性 / 对应版本待确认","fal-ai/bytedance/seedream/v5/lite/edit","2026-09-21","https://fal.ai/models/fal-ai/bytedance/seedream/v4.5/text-to-image/api ; https://fal.ai/models/fal-ai/bytedance/seedream/v5/lite/edit/api","exact-wire-selector","静态可选","渠道文档未明确固定快照或滚动指向；不从厂商、发布日期或系列名推断。"
"fal","fast-sdxl","fal-ai/fast-sdxl","fal-ai/fast-sdxl","固定性 / 对应版本待确认","fal-ai/fast-sdxl","2026-09-21","https://fal.ai/models/fal-ai/fast-sdxl/api","exact-wire-selector","静态可选","渠道文档未明确固定快照或滚动指向；不从厂商、发布日期或系列名推断。"
"fal","FLUX-1 · schnell","fal-ai/flux-1/schnell","fal-ai/flux-1/schnell","固定性 / 对应版本待确认","fal-ai/flux-1/schnell","2026-09-21","https://fal.ai/models/fal-ai/flux-1/schnell/api","exact-wire-selector","静态可选","渠道文档未明确固定快照或滚动指向；不从厂商、发布日期或系列名推断。"
"fal","FLUX-2","fal-ai/flux-2","fal-ai/flux-2","固定性 / 对应版本待确认","fal-ai/flux-2","2026-09-21","https://fal.ai/models/alibaba/qwen-image-3/text-to-image/api ; https://fal.ai/models/fal-ai/flux-2/api","exact-wire-selector","静态可选","渠道文档未明确固定快照或滚动指向；不从厂商、发布日期或系列名推断。"
"fal","FLUX-2-flex","fal-ai/flux-2-flex","fal-ai/flux-2-flex","固定性 / 对应版本待确认","fal-ai/flux-2-flex","2026-09-21","https://fal.ai/models/alibaba/qwen-image-3/text-to-image/api ; https://fal.ai/models/fal-ai/flux-2-flex/api","exact-wire-selector","静态可选","渠道文档未明确固定快照或滚动指向；不从厂商、发布日期或系列名推断。"
"fal","FLUX-2-pro","fal-ai/flux-2-pro","fal-ai/flux-2-pro / fal-ai/flux-2-pro/edit","固定性 / 对应版本待确认","fal-ai/flux-2-pro","2026-09-21","https://fal.ai/models/fal-ai/flux-2-pro/api","exact-wire-selector","静态可选","渠道文档未明确固定快照或滚动指向；不从厂商、发布日期或系列名推断。"
"fal","FLUX-2 · flash","fal-ai/flux-2/flash","fal-ai/flux-2/flash","固定性 / 对应版本待确认","fal-ai/flux-2/flash","2026-09-21","https://fal.ai/models/fal-ai/flux-2/api ; https://fal.ai/models/fal-ai/flux-2/flash/api","exact-wire-selector","静态可选","渠道文档未明确固定快照或滚动指向；不从厂商、发布日期或系列名推断。"
"fal","FLUX-2 · klein · 9b","fal-ai/flux-2/klein/9b","fal-ai/flux-2/klein/9b","固定性 / 对应版本待确认","fal-ai/flux-2/klein/9b","2026-09-21","https://fal.ai/models/fal-ai/flux-2/api ; https://fal.ai/models/fal-ai/flux-2/klein/9b/api","exact-wire-selector","静态可选","渠道文档未明确固定快照或滚动指向；不从厂商、发布日期或系列名推断。"
"fal","FLUX-2 · turbo","fal-ai/flux-2/turbo","fal-ai/flux-2/turbo","固定性 / 对应版本待确认","fal-ai/flux-2/turbo","2026-09-21","https://fal.ai/models/fal-ai/flux-2/api ; https://fal.ai/models/fal-ai/flux-2/turbo/api","exact-wire-selector","静态可选","渠道文档未明确固定快照或滚动指向；不从厂商、发布日期或系列名推断。"
"fal","FLUX-kontext-lora","fal-ai/flux-kontext-lora","fal-ai/flux-kontext-lora","固定性 / 对应版本待确认","fal-ai/flux-kontext-lora","2026-09-21","https://fal.ai/models/fal-ai/flux-kontext-lora/api","exact-wire-selector","静态可选","渠道文档未明确固定快照或滚动指向；不从厂商、发布日期或系列名推断。"
"fal","FLUX-lora","fal-ai/flux-lora","fal-ai/flux-lora","固定性 / 对应版本待确认","fal-ai/flux-lora","2026-09-21","https://fal.ai/models/alibaba/qwen-image-3/text-to-image/api ; https://fal.ai/models/fal-ai/flux-lora/api","exact-wire-selector","静态可选","渠道文档未明确固定快照或滚动指向；不从厂商、发布日期或系列名推断。"
"fal","FLUX-pro · kontext","fal-ai/flux-pro/kontext","fal-ai/flux-pro/kontext","固定性 / 对应版本待确认","fal-ai/flux-pro/kontext","2026-09-21","https://fal.ai/models/fal-ai/flux-pro/kontext/api","exact-wire-selector","静态可选","渠道文档未明确固定快照或滚动指向；不从厂商、发布日期或系列名推断。"
"fal","FLUX-pro · v1.1","fal-ai/flux-pro/v1.1","fal-ai/flux-pro/v1.1","固定性 / 对应版本待确认","fal-ai/flux-pro/v1.1","2026-09-21","https://fal.ai/models/fal-ai/flux-pro/kontext/api ; https://fal.ai/models/fal-ai/flux-pro/v1.1/api","exact-wire-selector","静态可选","渠道文档未明确固定快照或滚动指向；不从厂商、发布日期或系列名推断。"
"fal","FLUX-pro · v1.1-ultra","fal-ai/flux-pro/v1.1-ultra","fal-ai/flux-pro/v1.1-ultra","固定性 / 对应版本待确认","fal-ai/flux-pro/v1.1-ultra","2026-09-21","https://fal.ai/models/fal-ai/flux-pro/kontext/api ; https://fal.ai/models/fal-ai/flux-pro/v1.1-ultra/api","exact-wire-selector","静态可选","渠道文档未明确固定快照或滚动指向；不从厂商、发布日期或系列名推断。"
"fal","FLUX · dev","fal-ai/flux/dev","fal-ai/flux/dev","固定性 / 对应版本待确认","fal-ai/flux/dev","2026-09-21","https://fal.ai/models/fal-ai/flux/dev/api","exact-wire-selector","静态可选","渠道文档未明确固定快照或滚动指向；不从厂商、发布日期或系列名推断。"
"fal","FLUX · schnell","fal-ai/flux/schnell","fal-ai/flux/schnell","固定性 / 对应版本待确认","fal-ai/flux/schnell","2026-09-21","https://fal.ai/models/fal-ai/flux/dev/api ; https://fal.ai/models/fal-ai/flux/schnell/api","exact-wire-selector","静态可选","渠道文档未明确固定快照或滚动指向；不从厂商、发布日期或系列名推断。"
"fal","GPT-image-1.5","fal-ai/gpt-image-1.5","fal-ai/gpt-image-1.5","固定性 / 对应版本待确认","fal-ai/gpt-image-1.5","2026-09-21","https://fal.ai/models/fal-ai/gpt-image-1.5/api","exact-wire-selector","静态可选","渠道文档未明确固定快照或滚动指向；不从厂商、发布日期或系列名推断。"
"fal","Ideogram V3","fal-ai/ideogram/v3","fal-ai/ideogram/v3","固定性 / 对应版本待确认","fal-ai/ideogram/v3","2026-09-21","https://fal.ai/models/fal-ai/ideogram/v3/api","exact-wire-selector","静态可选","渠道文档未明确固定快照或滚动指向；不从厂商、发布日期或系列名推断。"
"fal","krea-2 · turbo","fal-ai/krea-2/turbo","fal-ai/krea-2/turbo","固定性 / 对应版本待确认","fal-ai/krea-2/turbo","2026-09-21","https://fal.ai/models/fal-ai/krea-2/turbo/api","exact-wire-selector","静态可选","渠道文档未明确固定快照或滚动指向；不从厂商、发布日期或系列名推断。"
"fal","nano-banana","fal-ai/nano-banana","fal-ai/nano-banana / fal-ai/nano-banana/edit","固定性 / 对应版本待确认","fal-ai/nano-banana","2026-09-21","https://fal.ai/models/alibaba/qwen-image-3/text-to-image/api ; https://fal.ai/models/fal-ai/nano-banana/api","exact-wire-selector","静态可选","渠道文档未明确固定快照或滚动指向；不从厂商、发布日期或系列名推断。"
"fal","nano-banana-2","fal-ai/nano-banana-2","fal-ai/nano-banana-2 / fal-ai/nano-banana-2/edit","固定性 / 对应版本待确认","fal-ai/nano-banana-2","2026-09-21","https://fal.ai/models/fal-ai/nano-banana-2/api","exact-wire-selector","静态可选","渠道文档未明确固定快照或滚动指向；不从厂商、发布日期或系列名推断。"
"fal","nano-banana-pro","fal-ai/nano-banana-pro","fal-ai/nano-banana-pro / fal-ai/nano-banana-pro/edit","固定性 / 对应版本待确认","fal-ai/nano-banana-pro","2026-09-21","https://fal.ai/models/alibaba/qwen-image-3/text-to-image/api ; https://fal.ai/models/fal-ai/nano-banana-pro/api","exact-wire-selector","静态可选","渠道文档未明确固定快照或滚动指向；不从厂商、发布日期或系列名推断。"
"fal","Qwen-image","fal-ai/qwen-image","fal-ai/qwen-image","固定性 / 对应版本待确认","fal-ai/qwen-image","2026-09-21","https://fal.ai/models/fal-ai/qwen-image/api","exact-wire-selector","静态可选","渠道文档未明确固定快照或滚动指向；不从厂商、发布日期或系列名推断。"
"fal","Recraft V3","fal-ai/recraft/v3/text-to-image","fal-ai/recraft/v3/text-to-image","固定性 / 对应版本待确认","fal-ai/recraft/v3/text-to-image","2026-09-21","https://fal.ai/models/fal-ai/recraft/v3/text-to-image/api","exact-wire-selector","静态可选","渠道文档未明确固定快照或滚动指向；不从厂商、发布日期或系列名推断。"
"fal","Recraft V4 Pro","fal-ai/recraft/v4/pro/text-to-image","fal-ai/recraft/v4/pro/text-to-image","固定性 / 对应版本待确认","fal-ai/recraft/v4/pro/text-to-image","2026-09-21","https://fal.ai/models/fal-ai/recraft/v3/text-to-image/api ; https://fal.ai/models/fal-ai/recraft/v4/pro/text-to-image/api","exact-wire-selector","静态可选","渠道文档未明确固定快照或滚动指向；不从厂商、发布日期或系列名推断。"
"fal","z-image · turbo","fal-ai/z-image/turbo","fal-ai/z-image/turbo","固定性 / 对应版本待确认","fal-ai/z-image/turbo","2026-09-21","https://fal.ai/models/fal-ai/z-image/turbo/api","exact-wire-selector","静态可选","渠道文档未明确固定快照或滚动指向；不从厂商、发布日期或系列名推断。"
"fal","nano-banana-2-lite","google/nano-banana-2-lite","google/nano-banana-2-lite","固定性 / 对应版本待确认","google/nano-banana-2-lite","2026-09-21","https://fal.ai/models/google/nano-banana-2-lite/api","exact-wire-selector","静态可选","渠道文档未明确固定快照或滚动指向；不从厂商、发布日期或系列名推断。"
"fal","imagineart-2.0-preview","imagineart/imagineart-2.0-preview/text-to-image","imagineart/imagineart-2.0-preview/text-to-image","固定性 / 对应版本待确认","imagineart/imagineart-2.0-preview/text-to-image","2026-09-21","https://fal.ai/models/imagineart/imagineart-2.0-preview/text-to-image/api","exact-wire-selector","静态可选","渠道文档未明确固定快照或滚动指向；不从厂商、发布日期或系列名推断。"
"fal","Krea V2 Large","krea/v2/large/text-to-image","krea/v2/large/text-to-image","固定性 / 对应版本待确认","krea/v2/large/text-to-image","2026-09-21","https://fal.ai/models/krea/v2/large/text-to-image/api","exact-wire-selector","静态可选","渠道文档未明确固定快照或滚动指向；不从厂商、发布日期或系列名推断。"
"fal","muse-image","meta/muse-image/text-to-image","meta/muse-image/text-to-image / meta/muse-image/edit","固定性 / 对应版本待确认","meta/muse-image/text-to-image","2026-09-21","https://fal.ai/models/meta/muse-image/text-to-image/api","exact-wire-selector","静态可选","渠道文档未明确固定快照或滚动指向；不从厂商、发布日期或系列名推断。"
"fal","GPT-image-2","openai/gpt-image-2","openai/gpt-image-2 / openai/gpt-image-2/edit","固定性 / 对应版本待确认","openai/gpt-image-2","2026-09-21","https://fal.ai/models/alibaba/qwen-image-3/text-to-image/api ; https://fal.ai/models/openai/gpt-image-2/api","exact-wire-selector","静态可选","渠道文档未明确固定快照或滚动指向；不从厂商、发布日期或系列名推断。"
"fal","GPT Image 2.5 Flare","openai/gpt-image-2.5/flare/text-to-image","openai/gpt-image-2.5/flare/text-to-image / openai/gpt-image-2.5/flare/edit","固定性 / 对应版本待确认","openai/gpt-image-2.5/flare/text-to-image","2026-09-21","https://fal.ai/models/openai/gpt-image-2.5/flare/text-to-image/api","exact-wire-selector","静态可选","渠道文档未明确固定快照或滚动指向；不从厂商、发布日期或系列名推断。"
"fal","GPT Image 2.5 Sunburst","openai/gpt-image-2.5/sunburst/text-to-image","openai/gpt-image-2.5/sunburst/text-to-image / openai/gpt-image-2.5/sunburst/edit","固定性 / 对应版本待确认","openai/gpt-image-2.5/sunburst/text-to-image","2026-09-21","https://fal.ai/models/openai/gpt-image-2.5/flare/text-to-image/api ; https://fal.ai/models/openai/gpt-image-2.5/sunburst/text-to-image/api","exact-wire-selector","静态可选","渠道文档未明确固定快照或滚动指向；不从厂商、发布日期或系列名推断。"
"fal","Grok-imagine-image","xai/grok-imagine-image","xai/grok-imagine-image / xai/grok-imagine-image/edit","固定性 / 对应版本待确认","xai/grok-imagine-image","2026-09-21","https://fal.ai/models/xai/grok-imagine-image/api","exact-wire-selector","静态可选","渠道文档未明确固定快照或滚动指向；不从厂商、发布日期或系列名推断。"
"fal","Grok-imagine-image · quality","xai/grok-imagine-image/quality/text-to-image","xai/grok-imagine-image/quality/text-to-image / xai/grok-imagine-image/quality/edit","固定性 / 对应版本待确认","xai/grok-imagine-image/quality/text-to-image","2026-09-21","https://fal.ai/models/xai/grok-imagine-image/api ; https://fal.ai/models/xai/grok-imagine-image/quality/text-to-image/api","exact-wire-selector","静态可选","渠道文档未明确固定快照或滚动指向；不从厂商、发布日期或系列名推断。"
"fal","Grok-imagine-image · v2.0","xai/grok-imagine-image/v2.0/text-to-image","xai/grok-imagine-image/v2.0/text-to-image","固定性 / 对应版本待确认","xai/grok-imagine-image/v2.0/text-to-image","2026-09-21","https://fal.ai/models/xai/grok-imagine-image/api ; https://fal.ai/models/xai/grok-imagine-image/v2.0/text-to-image/api","exact-wire-selector","静态可选","渠道文档未明确固定快照或滚动指向；不从厂商、发布日期或系列名推断。"
"Replicate","adirik · realvisxl-v3.0-turbo","adirik/realvisxl-v3.0-turbo","version=3dc73c805b11b4b01a60555e532fd3ab3f0e60d26f6584d9b8ba7e1b95858243","固定版本","3dc73c805b11b4b01a60555e532fd3ab3f0e60d26f6584d9b8ba7e1b95858243","2026-09-21","https://replicate.com/adirik/realvisxl-v3.0-turbo/api/schema ; https://replicate.com/docs/topics/models/versions","exact-id","静态可选","平台请求固定 version 哈希；保留原调用版本，不因最新 schema 哈希不同而升级。"
"Replicate","kandinsky-2","ai-forever/kandinsky-2","version=3c6374e7a9a17e01afe306a5218cc67de55b19ea536466d6ea2602cfecea40a9","固定版本","3c6374e7a9a17e01afe306a5218cc67de55b19ea536466d6ea2602cfecea40a9","2026-09-21","https://replicate.com/ai-forever/kandinsky-2/api/schema ; https://replicate.com/docs/topics/models/versions","exact-id","静态可选","平台请求固定 version 哈希；保留原调用版本，不因最新 schema 哈希不同而升级。"
"Replicate","kandinsky-2.2","ai-forever/kandinsky-2.2","version=ad9d7879fbffa2874e1d909d1d37d9bc682889cc65b31f7bb00d2362619f194a","固定版本","ad9d7879fbffa2874e1d909d1d37d9bc682889cc65b31f7bb00d2362619f194a","2026-09-21","https://replicate.com/ai-forever/kandinsky-2.2/api/schema ; https://replicate.com/docs/topics/models/versions","exact-id","静态可选","平台请求固定 version 哈希；保留原调用版本，不因最新 schema 哈希不同而升级。"
"Replicate","Qwen-image-3","alibaba/qwen-image-3","/v1/models/alibaba/qwen-image-3/predictions","滚动别名","23d66ab3d19a34710503d4fed5d1995b421d4663825fddf7b92073433a53ebba","2026-09-21","https://replicate.com/alibaba/qwen-image-3/api/schema ; https://replicate.com/docs/topics/models/versions","exact-id","静态可选","调用 versionless 模型端点；版本为本轮公开 schema 的 version.id，非请求固定版本。"
"Replicate","Qwen-image-3-pro","alibaba/qwen-image-3-pro","/v1/models/alibaba/qwen-image-3-pro/predictions","滚动别名","ff0fecb672d6fab3ce3ece8264b525b74a4cdae2655eaab5bbdc9799a170845d","2026-09-21","https://replicate.com/alibaba/qwen-image-3-pro/api/schema ; https://replicate.com/docs/topics/models/versions","exact-id","静态可选","调用 versionless 模型端点；版本为本轮公开 schema 的 version.id，非请求固定版本。"
"Replicate","wan-3","alibaba/wan-3","/v1/models/alibaba/wan-3/predictions","滚动别名","4028a58cba3aac8cd57f875b66a87e05cc1e7eafbc538e6b21d87d8c49d64be8","2026-09-21","https://replicate.com/alibaba/wan-3/api/schema ; https://replicate.com/docs/topics/models/versions","exact-id","静态可选","调用 versionless 模型端点；版本为本轮公开 schema 的 version.id，非请求固定版本。"
"Replicate","FLUX-1.1-pro","black-forest-labs/flux-1.1-pro","/v1/models/black-forest-labs/flux-1.1-pro/predictions","滚动别名","0e5adbef57ef4793d87177edaab0657cb1d5b1a8493ffa5c1fb0446306f10c95","2026-09-21","https://replicate.com/black-forest-labs/flux-1.1-pro/api/schema ; https://replicate.com/docs/topics/models/versions","exact-id","静态可选","调用 versionless 模型端点；版本为本轮公开 schema 的 version.id，非请求固定版本。"
"Replicate","FLUX-1.1-pro-ultra","black-forest-labs/flux-1.1-pro-ultra","/v1/models/black-forest-labs/flux-1.1-pro-ultra/predictions","滚动别名","78d455c8e69c2c4b46c193412bd01daa8b5e1f6baaa6a09792866feec5bbf906","2026-09-21","https://replicate.com/black-forest-labs/flux-1.1-pro-ultra/api/schema ; https://replicate.com/docs/topics/models/versions","exact-id","静态可选","调用 versionless 模型端点；版本为本轮公开 schema 的 version.id，非请求固定版本。"
"Replicate","FLUX-2-flex","black-forest-labs/flux-2-flex","/v1/models/black-forest-labs/flux-2-flex/predictions","滚动别名","6cd65040df6f64996ef52b21b021e93caff7c519877b6072fdec8c7de330a132","2026-09-21","https://replicate.com/black-forest-labs/flux-2-flex/api/schema ; https://replicate.com/docs/topics/models/versions","exact-id","静态可选","调用 versionless 模型端点；版本为本轮公开 schema 的 version.id，非请求固定版本。"
"Replicate","FLUX-2-klein-4b","black-forest-labs/flux-2-klein-4b","/v1/models/black-forest-labs/flux-2-klein-4b/predictions","滚动别名","4bd3a80f64559b8cae4345b25729127b989243dfcda2d2883db88122b8555302","2026-09-21","https://replicate.com/black-forest-labs/flux-2-klein-4b/api/schema ; https://replicate.com/docs/topics/models/versions","exact-id","静态可选","调用 versionless 模型端点；版本为本轮公开 schema 的 version.id，非请求固定版本。"
"Replicate","FLUX-2-max","black-forest-labs/flux-2-max","/v1/models/black-forest-labs/flux-2-max/predictions","滚动别名","af680a3cb34cc6608f1ef328c05a47ef5ffbd2bc40e21a60d4db8d7302fcaa55","2026-09-21","https://replicate.com/black-forest-labs/flux-2-max/api/schema ; https://replicate.com/docs/topics/models/versions","exact-id","静态可选","调用 versionless 模型端点；版本为本轮公开 schema 的 version.id，非请求固定版本。"
"Replicate","FLUX-2-pro","black-forest-labs/flux-2-pro","/v1/models/black-forest-labs/flux-2-pro/predictions","滚动别名","72b135090ab01dda1d8c6092b3ff92167bb44bf8c0d85b02e237b8f0bda70332","2026-09-21","https://replicate.com/black-forest-labs/flux-2-pro/api/schema ; https://replicate.com/docs/topics/models/versions","exact-id","静态可选","调用 versionless 模型端点；版本为本轮公开 schema 的 version.id，非请求固定版本。"
"Replicate","FLUX-dev","black-forest-labs/flux-dev","/v1/models/black-forest-labs/flux-dev/predictions","滚动别名","2b733d2ea9adc75354e259635372c030fb9ab7e54bc7af8f740d84845d448a01","2026-09-21","https://replicate.com/black-forest-labs/flux-dev/api/schema ; https://replicate.com/docs/topics/models/versions","exact-id","静态可选","调用 versionless 模型端点；版本为本轮公开 schema 的 version.id，非请求固定版本。"
"Replicate","FLUX-dev-lora","black-forest-labs/flux-dev-lora","/v1/models/black-forest-labs/flux-dev-lora/predictions","滚动别名","d0b4b88306c5aa1d866156b3eeccf67290a0bd44c2f779fc45460a67a474d7e6","2026-09-21","https://replicate.com/black-forest-labs/flux-dev-lora/api/schema ; https://replicate.com/docs/topics/models/versions","exact-id","静态可选","调用 versionless 模型端点；版本为本轮公开 schema 的 version.id，非请求固定版本。"
"Replicate","FLUX-kontext-dev","black-forest-labs/flux-kontext-dev","/v1/models/black-forest-labs/flux-kontext-dev/predictions","滚动别名","57624e01b6c72bd8f0a6d03fd6cc83bcd09f6262970fddabfd1da823ea8aa70e","2026-09-21","https://replicate.com/black-forest-labs/flux-kontext-dev/api/schema ; https://replicate.com/docs/topics/models/versions","exact-id","静态可选","调用 versionless 模型端点；版本为本轮公开 schema 的 version.id，非请求固定版本。"
"Replicate","FLUX-kontext-max","black-forest-labs/flux-kontext-max","/v1/models/black-forest-labs/flux-kontext-max/predictions","滚动别名","6dacf77fd72f1444c9454ab75116a8ebf08a9b98c4cf3a497e85a4054093369c","2026-09-21","https://replicate.com/black-forest-labs/flux-kontext-max/api/schema ; https://replicate.com/docs/topics/models/versions","exact-id","静态可选","调用 versionless 模型端点；版本为本轮公开 schema 的 version.id，非请求固定版本。"
"Replicate","FLUX-kontext-pro","black-forest-labs/flux-kontext-pro","/v1/models/black-forest-labs/flux-kontext-pro/predictions","滚动别名","262c00321c0fbfdf8c56c524a2e74497b0f85ef0f3a6cd85d664858b1d7609f3","2026-09-21","https://replicate.com/black-forest-labs/flux-kontext-pro/api/schema ; https://replicate.com/docs/topics/models/versions","exact-id","静态可选","调用 versionless 模型端点；版本为本轮公开 schema 的 version.id，非请求固定版本。"
"Replicate","FLUX-pro","black-forest-labs/flux-pro","/v1/models/black-forest-labs/flux-pro/predictions","滚动别名","e25ddfd549bcf36deb4ca206110a8226eb8133fd0a61db1f58f61da238058b44","2026-09-21","https://replicate.com/black-forest-labs/flux-pro/api/schema ; https://replicate.com/docs/topics/models/versions","exact-id","静态可选","调用 versionless 模型端点；版本为本轮公开 schema 的 version.id，非请求固定版本。"
"Replicate","FLUX-schnell","black-forest-labs/flux-schnell","/v1/models/black-forest-labs/flux-schnell/predictions","滚动别名","d9fbf23e0a34bb6134f86d3e24f48c0dd96332378da307b5e9b60a9d47e4a9c2","2026-09-21","https://replicate.com/black-forest-labs/flux-schnell/api/schema ; https://replicate.com/docs/topics/models/versions","exact-id","静态可选","调用 versionless 模型端点；版本为本轮公开 schema 的 version.id，非请求固定版本。"
"Replicate","fibo","bria/fibo","/v1/models/bria/fibo/predictions","滚动别名","2dc9cb5a01fcd5d9f4ee0ef026506aeb51bb5ba8327a1abc12a36964ba9927b4","2026-09-21","https://replicate.com/bria/fibo/api/schema ; https://replicate.com/docs/topics/models/versions","exact-id","静态可选","调用 versionless 模型端点；版本为本轮公开 schema 的 version.id，非请求固定版本。"
"Replicate","fibo-edit","bria/fibo-edit","/v1/models/bria/fibo-edit/predictions","滚动别名","bf795cdfee7beeb9fd7604b8232496d56fbfbe4b24a58ca5c9584939fdb7faa7","2026-09-21","https://replicate.com/bria/fibo-edit/api/schema ; https://replicate.com/docs/topics/models/versions","exact-id","静态可选","调用 versionless 模型端点；版本为本轮公开 schema 的 version.id，非请求固定版本。"
"Replicate","image-3.2","bria/image-3.2","/v1/models/bria/image-3.2/predictions","滚动别名","2a1b586bbc02923f2c8a51cd148ae5bc1f0334e3ff1286b41342414603c2f1fc","2026-09-21","https://replicate.com/bria/image-3.2/api/schema ; https://replicate.com/docs/topics/models/versions","exact-id","静态可选","调用 versionless 模型端点；版本为本轮公开 schema 的 version.id，非请求固定版本。"
"Replicate","bagel","bytedance/bagel","version=7dd8def79e503990740db4704fa81af995d440fefe714958531d7044d2757c9c","固定版本","7dd8def79e503990740db4704fa81af995d440fefe714958531d7044d2757c9c","2026-09-21","https://replicate.com/bytedance/bagel/api/schema ; https://replicate.com/docs/topics/models/versions","exact-id","静态可选","平台请求固定 version 哈希；保留原调用版本，不因最新 schema 哈希不同而升级。"
"Replicate","sdxl-lightning-4step","bytedance/sdxl-lightning-4step","version=6f7a773af6fc3e8de9d5a3c00be77c17308914bf67772726aff83496ba1e3bbe","固定版本","6f7a773af6fc3e8de9d5a3c00be77c17308914bf67772726aff83496ba1e3bbe","2026-09-21","https://replicate.com/bytedance/sdxl-lightning-4step/api/schema ; https://replicate.com/docs/topics/models/versions","exact-id","静态可选","平台请求固定 version 哈希；保留原调用版本，不因最新 schema 哈希不同而升级。"
"Replicate","Seedream-3","bytedance/seedream-3","/v1/models/bytedance/seedream-3/predictions","滚动别名","b58067d52d7d90a72e6cf9e8a7a0ac745b588b419292e43fe19fa706155f083f","2026-09-21","https://replicate.com/bytedance/seedream-3/api/schema ; https://replicate.com/docs/topics/models/versions","exact-id","静态可选","调用 versionless 模型端点；版本为本轮公开 schema 的 version.id，非请求固定版本。"
"Replicate","Seedream-4","bytedance/seedream-4","/v1/models/bytedance/seedream-4/predictions","滚动别名","c178abd1fdc4aaa1b528f65e595a6af4890915803fe0f971e4faf73c8a35a977","2026-09-21","https://replicate.com/bytedance/seedream-4/api/schema ; https://replicate.com/docs/topics/models/versions","exact-id","静态可选","调用 versionless 模型端点；版本为本轮公开 schema 的 version.id，非请求固定版本。"
"Replicate","Seedream-4.5","bytedance/seedream-4.5","/v1/models/bytedance/seedream-4.5/predictions","滚动别名","a67556c08de5fd141ebfa4a4f4472c2dc2b4dd7e06b6d2bec90e813aa9659ae4","2026-09-21","https://replicate.com/bytedance/seedream-4.5/api/schema ; https://replicate.com/docs/topics/models/versions","exact-id","静态可选","调用 versionless 模型端点；版本为本轮公开 schema 的 version.id，非请求固定版本。"
"Replicate","Seedream-5-lite","bytedance/seedream-5-lite","/v1/models/bytedance/seedream-5-lite/predictions","滚动别名","ce2c7243315737668472ad9b595bc800440d1d359b0ca7bb5de7ece2a88c2662","2026-09-21","https://replicate.com/bytedance/seedream-5-lite/api/schema ; https://replicate.com/docs/topics/models/versions","exact-id","静态可选","调用 versionless 模型端点；版本为本轮公开 schema 的 version.id，非请求固定版本。"
"Replicate","datacte · proteus-v0.2","datacte/proteus-v0.2","version=06775cd262843edbde5abab958abdbb65a0a6b58ca301c9fd78fa55c775fc019","固定版本","06775cd262843edbde5abab958abdbb65a0a6b58ca301c9fd78fa55c775fc019","2026-09-21","https://replicate.com/datacte/proteus-v0.2/api/schema ; https://replicate.com/docs/topics/models/versions","exact-id","静态可选","平台请求固定 version 哈希；保留原调用版本，不因最新 schema 哈希不同而升级。"
"Replicate","datacte · proteus-v0.3","datacte/proteus-v0.3","version=b28b79d725c8548b173b6a19ff9bffd16b9b80df5b18b8dc5cb9e1ee471bfa48","固定版本","b28b79d725c8548b173b6a19ff9bffd16b9b80df5b18b8dc5cb9e1ee471bfa48","2026-09-21","https://replicate.com/datacte/proteus-v0.3/api/schema ; https://replicate.com/docs/topics/models/versions","exact-id","静态可选","平台请求固定 version 哈希；保留原调用版本，不因最新 schema 哈希不同而升级。"
"Replicate","fofr · latent-consistency-model","fofr/latent-consistency-model","version=683d19dc312f7a9f0428b04429a9ccefd28dbf7785fef083ad5cf991b65f406f","固定版本","683d19dc312f7a9f0428b04429a9ccefd28dbf7785fef083ad5cf991b65f406f","2026-09-21","https://replicate.com/fofr/latent-consistency-model/api/schema ; https://replicate.com/docs/topics/models/versions","exact-id","静态可选","平台请求固定 version 哈希；保留原调用版本，不因最新 schema 哈希不同而升级。"
"Replicate","fofr · sdxl-emoji","fofr/sdxl-emoji","version=dee76b5afde21b0f01ed7925f0665b7e879c50ee718c5f78a9d38e04d523cc5e","固定版本","dee76b5afde21b0f01ed7925f0665b7e879c50ee718c5f78a9d38e04d523cc5e","2026-09-21","https://replicate.com/fofr/sdxl-emoji/api/schema ; https://replicate.com/docs/topics/models/versions","exact-id","静态可选","平台请求固定 version 哈希；保留原调用版本，不因最新 schema 哈希不同而升级。"
"Replicate","fofr · sticker-maker","fofr/sticker-maker","version=4acb778eb059772225ec213948f0660867b2e03f277448f18cf1800b96a65a1a","固定版本","4acb778eb059772225ec213948f0660867b2e03f277448f18cf1800b96a65a1a","2026-09-21","https://replicate.com/fofr/sticker-maker/api/schema ; https://replicate.com/docs/topics/models/versions","exact-id","静态可选","平台请求固定 version 哈希；保留原调用版本，不因最新 schema 哈希不同而升级。"
"Replicate","imagen-3","google/imagen-3","/v1/models/google/imagen-3/predictions","滚动别名","0fea808da93201a1321c74d6c5b670ff9e41d396e8e1b6b3d490705e299dcf2a","2026-09-21","https://replicate.com/google/imagen-3/api/schema ; https://replicate.com/docs/topics/models/versions","exact-id","静态可选","调用 versionless 模型端点；版本为本轮公开 schema 的 version.id，非请求固定版本。"
"Replicate","imagen-3-fast","google/imagen-3-fast","/v1/models/google/imagen-3-fast/predictions","滚动别名","61dc3f4044b38e1acfb241fb969c9f0b02f2d91c2936a9cb6587f86305d10911","2026-09-21","https://replicate.com/google/imagen-3-fast/api/schema ; https://replicate.com/docs/topics/models/versions","exact-id","静态可选","调用 versionless 模型端点；版本为本轮公开 schema 的 version.id，非请求固定版本。"
"Replicate","imagen-4","google/imagen-4","/v1/models/google/imagen-4/predictions","滚动别名","d9f1c9757be0d312447809620829ef5c046d3af0490276a590ec4c9acb6e7af4","2026-09-21","https://replicate.com/google/imagen-4/api/schema ; https://replicate.com/docs/topics/models/versions","exact-id","静态可选","调用 versionless 模型端点；版本为本轮公开 schema 的 version.id，非请求固定版本。"
"Replicate","imagen-4-fast","google/imagen-4-fast","/v1/models/google/imagen-4-fast/predictions","滚动别名","e0a0441491faed8846ad0885f8d833812a129c7aca3e76917d42124a22df80d5","2026-09-21","https://replicate.com/google/imagen-4-fast/api/schema ; https://replicate.com/docs/topics/models/versions","exact-id","静态可选","调用 versionless 模型端点；版本为本轮公开 schema 的 version.id，非请求固定版本。"
"Replicate","imagen-4-ultra","google/imagen-4-ultra","/v1/models/google/imagen-4-ultra/predictions","滚动别名","f9ead291a2eac82fcfa17c26500081800af685d332733334abb1295d3ecda764","2026-09-21","https://replicate.com/google/imagen-4-ultra/api/schema ; https://replicate.com/docs/topics/models/versions","exact-id","静态可选","调用 versionless 模型端点；版本为本轮公开 schema 的 version.id，非请求固定版本。"
"Replicate","nano-banana","google/nano-banana","/v1/models/google/nano-banana/predictions","滚动别名","f06701d64b8bfef0607a6376ae042b736d8a7fac227a80be7d60167557c6490d","2026-09-21","https://replicate.com/google/nano-banana/api/schema ; https://replicate.com/docs/topics/models/versions","exact-id","静态可选","调用 versionless 模型端点；版本为本轮公开 schema 的 version.id，非请求固定版本。"
"Replicate","nano-banana-2","google/nano-banana-2","/v1/models/google/nano-banana-2/predictions","滚动别名","4f46f3b77eb3a5e258e1e6d6774c481483a845af35ae70144a0788100df4a04e","2026-09-21","https://replicate.com/google/nano-banana-2/api/schema ; https://replicate.com/docs/topics/models/versions","exact-id","静态可选","调用 versionless 模型端点；版本为本轮公开 schema 的 version.id，非请求固定版本。"
"Replicate","Nano Banana 2 Lite","google/nano-banana-2-lite","/v1/models/google/nano-banana-2-lite/predictions","滚动别名","cc31830e085d466cf73290702b327307b38495cfad80bfb4dde81ba57635fae0","2026-09-21","https://replicate.com/google/nano-banana-2-lite/api/schema ; https://replicate.com/docs/topics/models/versions","exact-id","静态可选","调用 versionless 模型端点；版本为本轮公开 schema 的 version.id，非请求固定版本。"
"Replicate","nano-banana-pro","google/nano-banana-pro","/v1/models/google/nano-banana-pro/predictions","滚动别名","3bd6cd8d6d4b4edb0462b0735ed6442c183df7b8556d0e706c6ce92454af47ac","2026-09-21","https://replicate.com/google/nano-banana-pro/api/schema ; https://replicate.com/docs/topics/models/versions","exact-id","静态可选","调用 versionless 模型端点；版本为本轮公开 schema 的 version.id，非请求固定版本。"
"Replicate","ideogram-v2","ideogram-ai/ideogram-v2","/v1/models/ideogram-ai/ideogram-v2/predictions","滚动别名","c056cfe0510a7216cfe7f0408cd238903565bd8ad678c9742e6cd899b331ae75","2026-09-21","https://replicate.com/ideogram-ai/ideogram-v2/api/schema ; https://replicate.com/docs/topics/models/versions","exact-id","静态可选","调用 versionless 模型端点；版本为本轮公开 schema 的 version.id，非请求固定版本。"
"Replicate","ideogram-v2-turbo","ideogram-ai/ideogram-v2-turbo","/v1/models/ideogram-ai/ideogram-v2-turbo/predictions","滚动别名","7ea5f1de74523a43012254cd2cd615c2348f53be21da209a34af9ca7c85a9133","2026-09-21","https://replicate.com/ideogram-ai/ideogram-v2-turbo/api/schema ; https://replicate.com/docs/topics/models/versions","exact-id","静态可选","调用 versionless 模型端点；版本为本轮公开 schema 的 version.id，非请求固定版本。"
"Replicate","ideogram-v2a","ideogram-ai/ideogram-v2a","/v1/models/ideogram-ai/ideogram-v2a/predictions","滚动别名","b8de697365b120d8a6753d5591b17e644bc2a573ac812322a001351d0fcf06db","2026-09-21","https://replicate.com/ideogram-ai/ideogram-v2a/api/schema ; https://replicate.com/docs/topics/models/versions","exact-id","静态可选","调用 versionless 模型端点；版本为本轮公开 schema 的 version.id，非请求固定版本。"
"Replicate","ideogram-v2a-turbo","ideogram-ai/ideogram-v2a-turbo","/v1/models/ideogram-ai/ideogram-v2a-turbo/predictions","滚动别名","6d3ec4611156f1b12566fe36845d66b3976829bf5f89b6969e980b8bfa349feb","2026-09-21","https://replicate.com/ideogram-ai/ideogram-v2a-turbo/api/schema ; https://replicate.com/docs/topics/models/versions","exact-id","静态可选","调用 versionless 模型端点；版本为本轮公开 schema 的 version.id，非请求固定版本。"
"Replicate","ideogram-v3-balanced","ideogram-ai/ideogram-v3-balanced","/v1/models/ideogram-ai/ideogram-v3-balanced/predictions","滚动别名","cc4888f59f3f50b0e2710f33fa6c56561f6e94f9a6d97416db24ee4006c79bb6","2026-09-21","https://replicate.com/ideogram-ai/ideogram-v3-balanced/api/schema ; https://replicate.com/docs/topics/models/versions","exact-id","静态可选","调用 versionless 模型端点；版本为本轮公开 schema 的 version.id，非请求固定版本。"
"Replicate","ideogram-v3-quality","ideogram-ai/ideogram-v3-quality","/v1/models/ideogram-ai/ideogram-v3-quality/predictions","滚动别名","8adf7f10dd41f1e908450d011039034b4a1634edc8738301be4a3c134c17eb11","2026-09-21","https://replicate.com/ideogram-ai/ideogram-v3-quality/api/schema ; https://replicate.com/docs/topics/models/versions","exact-id","静态可选","调用 versionless 模型端点；版本为本轮公开 schema 的 version.id，非请求固定版本。"
"Replicate","ideogram-v3-turbo","ideogram-ai/ideogram-v3-turbo","/v1/models/ideogram-ai/ideogram-v3-turbo/predictions","滚动别名","7ffb61dbf622cfde6a84ad00c40a18d2f2c883bc841759056b6c4a247f04d1c9","2026-09-21","https://replicate.com/ideogram-ai/ideogram-v3-turbo/api/schema ; https://replicate.com/docs/topics/models/versions","exact-id","静态可选","调用 versionless 模型端点；版本为本轮公开 schema 的 version.id，非请求固定版本。"
"Replicate","krea-2-medium","krea/krea-2-medium","/v1/models/krea/krea-2-medium/predictions","滚动别名","29b5a1a76584fe27a7499a7d9eef7f956a363a99bbebf0d836a04b9a10baf0ea","2026-09-21","https://replicate.com/krea/krea-2-medium/api/schema ; https://replicate.com/docs/topics/models/versions","exact-id","静态可选","调用 versionless 模型端点；版本为本轮公开 schema 的 version.id，非请求固定版本。"
"Replicate","lucid-origin","leonardoai/lucid-origin","/v1/models/leonardoai/lucid-origin/predictions","滚动别名","13e26880d707196a1abd431bada1c6db2caa9a8b0ccc9d5e8aa8545d1e991ed8","2026-09-21","https://replicate.com/leonardoai/lucid-origin/api/schema ; https://replicate.com/docs/topics/models/versions","exact-id","静态可选","调用 versionless 模型端点；版本为本轮公开 schema 的 version.id，非请求固定版本。"
"Replicate","lucataco · dreamshaper-xl-turbo","lucataco/dreamshaper-xl-turbo","version=0a1710e0187b01a255302738ca0158ff02a22f4638679533e111082f9dd1b615","固定版本","0a1710e0187b01a255302738ca0158ff02a22f4638679533e111082f9dd1b615","2026-09-21","https://replicate.com/lucataco/dreamshaper-xl-turbo/api/schema ; https://replicate.com/docs/topics/models/versions","exact-id","静态可选","平台请求固定 version 哈希；保留原调用版本，不因最新 schema 哈希不同而升级。"
"Replicate","lucataco · omnigen2","lucataco/omnigen2","version=5b9ea1d0821a60be9c861ebfc3513d121ecd8cab1932d3aa8d703e517988502e","固定版本","5b9ea1d0821a60be9c861ebfc3513d121ecd8cab1932d3aa8d703e517988502e","2026-09-21","https://replicate.com/lucataco/omnigen2/api/schema ; https://replicate.com/docs/topics/models/versions","exact-id","静态可选","平台请求固定 version 哈希；保留原调用版本，不因最新 schema 哈希不同而升级。"
"Replicate","lucataco · open-dalle-v1.1","lucataco/open-dalle-v1.1","version=1c7d4c8dec39c7306df7794b28419078cb9d18b9213ab1c21fdc46a1deca0144","固定版本","1c7d4c8dec39c7306df7794b28419078cb9d18b9213ab1c21fdc46a1deca0144","2026-09-21","https://replicate.com/lucataco/open-dalle-v1.1/api/schema ; https://replicate.com/docs/topics/models/versions","exact-id","静态可选","平台请求固定 version 哈希；保留原调用版本，不因最新 schema 哈希不同而升级。"
"Replicate","lucataco · realistic-vision-v5.1","lucataco/realistic-vision-v5.1","version=2c8e954decbf70b7607a4414e5785ef9e4de4b8c51d50fb8b8b349160e0ef6bb","固定版本","2c8e954decbf70b7607a4414e5785ef9e4de4b8c51d50fb8b8b349160e0ef6bb","2026-09-21","https://replicate.com/lucataco/realistic-vision-v5.1/api/schema ; https://replicate.com/docs/topics/models/versions","exact-id","静态可选","平台请求固定 version 哈希；保留原调用版本，不因最新 schema 哈希不同而升级。"
"Replicate","lucataco · ssd-1b","lucataco/ssd-1b","version=b19e3639452c59ce8295b82aba70a231404cb062f2eb580ea894b31e8ce5bbb6","固定版本","b19e3639452c59ce8295b82aba70a231404cb062f2eb580ea894b31e8ce5bbb6","2026-09-21","https://replicate.com/lucataco/ssd-1b/api/schema ; https://replicate.com/docs/topics/models/versions","exact-id","静态可选","平台请求固定 version 哈希；保留原调用版本，不因最新 schema 哈希不同而升级。"
"Replicate","photon","luma/photon","/v1/models/luma/photon/predictions","滚动别名","628869c8ed172adfede08dbd782707393e89f94b62a2e09cfc6a5352adaf92c4","2026-09-21","https://replicate.com/luma/photon/api/schema ; https://replicate.com/docs/topics/models/versions","exact-id","静态可选","调用 versionless 模型端点；版本为本轮公开 schema 的 version.id，非请求固定版本。"
"Replicate","photon-flash","luma/photon-flash","/v1/models/luma/photon-flash/predictions","滚动别名","634615fcda11029d76e0750f820fed09148739611ee58e1d70929171e67bad61","2026-09-21","https://replicate.com/luma/photon-flash/api/schema ; https://replicate.com/docs/topics/models/versions","exact-id","静态可选","调用 versionless 模型端点；版本为本轮公开 schema 的 version.id，非请求固定版本。"
"Replicate","image-01","minimax/image-01","/v1/models/minimax/image-01/predictions","滚动别名","930e2f45ea131525e9b60874ee23246474cadd682d3b0330eaa963e8df1c12f7","2026-09-21","https://replicate.com/minimax/image-01/api/schema ; https://replicate.com/docs/topics/models/versions","exact-id","静态可选","调用 versionless 模型端点；版本为本轮公开 schema 的 version.id，非请求固定版本。"
"Replicate","sana","nvidia/sana","version=c6b5d2b7459910fec94432e9e1203c3cdce92d6db20f714f1355747990b52fa6","固定版本","c6b5d2b7459910fec94432e9e1203c3cdce92d6db20f714f1355747990b52fa6","2026-09-21","https://replicate.com/nvidia/sana/api/schema ; https://replicate.com/docs/topics/models/versions","exact-id","静态可选","平台请求固定 version 哈希；保留原调用版本，不因最新 schema 哈希不同而升级。"
"Replicate","sana-sprint-1.6b","nvidia/sana-sprint-1.6b","version=038aee6907b53a5c148780983e39a50ce7cd0747b4e2642e78387f48cf36039a","固定版本","038aee6907b53a5c148780983e39a50ce7cd0747b4e2642e78387f48cf36039a","2026-09-21","https://replicate.com/nvidia/sana-sprint-1.6b/api/schema ; https://replicate.com/docs/topics/models/versions","exact-id","静态可选","平台请求固定 version 哈希；保留原调用版本，不因最新 schema 哈希不同而升级。"
"Replicate","GPT-image-1.5","openai/gpt-image-1.5","/v1/models/openai/gpt-image-1.5/predictions","滚动别名","5c969e2636a0d60206cb7adaf175f7138ad3767e229114cb5d4d509646cee9e2","2026-09-21","https://replicate.com/openai/gpt-image-1.5/api/schema ; https://replicate.com/docs/topics/models/versions","exact-id","静态可选","调用 versionless 模型端点；版本为本轮公开 schema 的 version.id，非请求固定版本。"
"Replicate","GPT-image-2","openai/gpt-image-2","/v1/models/openai/gpt-image-2/predictions","滚动别名","682c51617c21f8832465609b591df96a7c61d7a239d3f93b1f3947fca6285dfd","2026-09-21","https://replicate.com/openai/gpt-image-2/api/schema ; https://replicate.com/docs/topics/models/versions","exact-id","静态可选","调用 versionless 模型端点；版本为本轮公开 schema 的 version.id，非请求固定版本。"
"Replicate","GPT Image 2.5 Flare","openai/gpt-image-2.5-flare","/v1/models/openai/gpt-image-2.5-flare/predictions","滚动别名","7c4ab75f9181a52c41944e4555c3b950930d563fadc64cf44ebc6e52e3d09734","2026-09-21","https://replicate.com/openai/gpt-image-2.5-flare/api/schema ; https://replicate.com/docs/topics/models/versions","exact-id","静态可选","调用 versionless 模型端点；版本为本轮公开 schema 的 version.id，非请求固定版本。"
"Replicate","GPT Image 2.5 Sunburst","openai/gpt-image-2.5-sunburst","/v1/models/openai/gpt-image-2.5-sunburst/predictions","滚动别名","8cae49fd0420d6164876b92eea95b8990e13b0e8b2c8cd96bf0678388c28a8be","2026-09-21","https://replicate.com/openai/gpt-image-2.5-sunburst/api/schema ; https://replicate.com/docs/topics/models/versions","exact-id","静态可选","调用 versionless 模型端点；版本为本轮公开 schema 的 version.id，非请求固定版本。"
"Replicate","playground-v2.5-1024px-aesthetic","playgroundai/playground-v2.5-1024px-aesthetic","version=a45f82a1382bed5c7aeb861dac7c7d191b0fdf74d8d57c4a0e6ed7d4d0bf7d24","固定版本","a45f82a1382bed5c7aeb861dac7c7d191b0fdf74d8d57c4a0e6ed7d4d0bf7d24","2026-09-21","https://replicate.com/playgroundai/playground-v2.5-1024px-aesthetic/api/schema ; https://replicate.com/docs/topics/models/versions","exact-id","静态可选","平台请求固定 version 哈希；保留原调用版本，不因最新 schema 哈希不同而升级。"
"Replicate","FLUX-fast","prunaai/flux-fast","/v1/models/prunaai/flux-fast/predictions","滚动别名","4f22c6cd75e0f95f12f55d1616a4d163e9166087ed4979f5cecc40418a522703","2026-09-21","https://replicate.com/prunaai/flux-fast/api/schema ; https://replicate.com/docs/topics/models/versions","exact-id","静态可选","调用 versionless 模型端点；版本为本轮公开 schema 的 version.id，非请求固定版本。"
"Replicate","FLUX-kontext-fast","prunaai/flux-kontext-fast","/v1/models/prunaai/flux-kontext-fast/predictions","滚动别名","6efb57153457f8c51fb813c6d15f45d896f1916dd7d732af49d6a4b09488e2a6","2026-09-21","https://replicate.com/prunaai/flux-kontext-fast/api/schema ; https://replicate.com/docs/topics/models/versions","exact-id","静态可选","调用 versionless 模型端点；版本为本轮公开 schema 的 version.id，非请求固定版本。"
"Replicate","hidream-l1-dev","prunaai/hidream-l1-dev","version=4dfcd146c0def4812455415f55556f6bc84025dcb15193cf1977f01bd384d191","固定版本","4dfcd146c0def4812455415f55556f6bc84025dcb15193cf1977f01bd384d191","2026-09-21","https://replicate.com/prunaai/hidream-l1-dev/api/schema ; https://replicate.com/docs/topics/models/versions","exact-id","静态可选","平台请求固定 version 哈希；保留原调用版本，不因最新 schema 哈希不同而升级。"
"Replicate","hidream-l1-fast","prunaai/hidream-l1-fast","/v1/models/prunaai/hidream-l1-fast/predictions","滚动别名","cae8ff080ba910ce55c802520086c78e0cf99e264f508cfff28d171d67e78e16","2026-09-21","https://replicate.com/prunaai/hidream-l1-fast/api/schema ; https://replicate.com/docs/topics/models/versions","exact-id","静态可选","调用 versionless 模型端点；版本为本轮公开 schema 的 version.id，非请求固定版本。"
"Replicate","hidream-l1-full","prunaai/hidream-l1-full","version=03d58532fd29e39fd2ed80e86c3da1cebec28ef2734081cf1366710d30388f42","固定版本","03d58532fd29e39fd2ed80e86c3da1cebec28ef2734081cf1366710d30388f42","2026-09-21","https://replicate.com/prunaai/hidream-l1-full/api/schema ; https://replicate.com/docs/topics/models/versions","exact-id","静态可选","平台请求固定 version 哈希；保留原调用版本，不因最新 schema 哈希不同而升级。"
"Replicate","p-image","prunaai/p-image","/v1/models/prunaai/p-image/predictions","滚动别名","10b739c5e107d9684e9e7eca6f443ab0861bd526af50a03cf42d6210b36684b7","2026-09-21","https://replicate.com/prunaai/p-image/api/schema ; https://replicate.com/docs/topics/models/versions","exact-id","静态可选","调用 versionless 模型端点；版本为本轮公开 schema 的 version.id，非请求固定版本。"
"Replicate","p-image-edit","prunaai/p-image-edit","/v1/models/prunaai/p-image-edit/predictions","滚动别名","64b785b9c9054007da5e37418481f561193c21b5a5894279f6ea02bfe528dcc8","2026-09-21","https://replicate.com/prunaai/p-image-edit/api/schema ; https://replicate.com/docs/topics/models/versions","exact-id","静态可选","调用 versionless 模型端点；版本为本轮公开 schema 的 version.id，非请求固定版本。"
"Replicate","p-image-ideogram","prunaai/p-image-ideogram","/v1/models/prunaai/p-image-ideogram/predictions","滚动别名","c04e2a38bd6773283f9144c528805ba1f96daecc4f7560243ebd7ee1cfd80c16","2026-09-21","https://replicate.com/prunaai/p-image-ideogram/api/schema ; https://replicate.com/docs/topics/models/versions","exact-id","静态可选","调用 versionless 模型端点；版本为本轮公开 schema 的 version.id，非请求固定版本。"
"Replicate","p-image-lora","prunaai/p-image-lora","/v1/models/prunaai/p-image-lora/predictions","滚动别名","877c717033ffe51c04c455767169444230ca517960c6eafcbd587427ba1edd1f","2026-09-21","https://replicate.com/prunaai/p-image-lora/api/schema ; https://replicate.com/docs/topics/models/versions","exact-id","静态可选","调用 versionless 模型端点；版本为本轮公开 schema 的 version.id，非请求固定版本。"
"Replicate","sdxl-lightning","prunaai/sdxl-lightning","version=123d4264aec4d1c81d8bf142e0d90d6fd4c346f1a869406019f6d1653882d7c3","固定版本","123d4264aec4d1c81d8bf142e0d90d6fd4c346f1a869406019f6d1653882d7c3","2026-09-21","https://replicate.com/prunaai/sdxl-lightning/api/schema ; https://replicate.com/docs/topics/models/versions","exact-id","静态可选","平台请求固定 version 哈希；保留原调用版本，不因最新 schema 哈希不同而升级。"
"Replicate","wan-2.2-image","prunaai/wan-2.2-image","/v1/models/prunaai/wan-2.2-image/predictions","滚动别名","60073daec17ae092bcecb13139248c250ce039729be262ebd5c758e8d6af4b5c","2026-09-21","https://replicate.com/prunaai/wan-2.2-image/api/schema ; https://replicate.com/docs/topics/models/versions","exact-id","静态可选","调用 versionless 模型端点；版本为本轮公开 schema 的 version.id，非请求固定版本。"
"Replicate","z-image-turbo","prunaai/z-image-turbo","/v1/models/prunaai/z-image-turbo/predictions","滚动别名","e2e4026056d5b1a80fa5f9f2fa27cd3b868eab220ba99402c5321362de0ee92a","2026-09-21","https://replicate.com/prunaai/z-image-turbo/api/schema ; https://replicate.com/docs/topics/models/versions","exact-id","静态可选","调用 versionless 模型端点；版本为本轮公开 schema 的 version.id，非请求固定版本。"
"Replicate","Qwen-image","qwen/qwen-image","/v1/models/qwen/qwen-image/predictions","滚动别名","8b89d9a37e58f1728afe8042e3d0ff060379b5ffdb7b2efc9e22b9cd5dc36d8e","2026-09-21","https://replicate.com/qwen/qwen-image/api/schema ; https://replicate.com/docs/topics/models/versions","exact-id","静态可选","调用 versionless 模型端点；版本为本轮公开 schema 的 version.id，非请求固定版本。"
"Replicate","Qwen-image-edit","qwen/qwen-image-edit","/v1/models/qwen/qwen-image-edit/predictions","滚动别名","cd8031e16f7fa0569600ce2b4d882519c8446c95bc2f74162efdd0fb189e6a71","2026-09-21","https://replicate.com/qwen/qwen-image-edit/api/schema ; https://replicate.com/docs/topics/models/versions","exact-id","静态可选","调用 versionless 模型端点；版本为本轮公开 schema 的 version.id，非请求固定版本。"
"Replicate","Qwen-image-edit-plus","qwen/qwen-image-edit-plus","/v1/models/qwen/qwen-image-edit-plus/predictions","滚动别名","3ad3628c0f8fd7632244ff201ee4947a04d505e446b34e7c861ffae612c075ca","2026-09-21","https://replicate.com/qwen/qwen-image-edit-plus/api/schema ; https://replicate.com/docs/topics/models/versions","exact-id","静态可选","调用 versionless 模型端点；版本为本轮公开 schema 的 version.id，非请求固定版本。"
"Replicate","recraft-v3","recraft-ai/recraft-v3","/v1/models/recraft-ai/recraft-v3/predictions","滚动别名","87f07fe1e218d8d593f782e352dfec495685c1f657259bf35bdb410d06612633","2026-09-21","https://replicate.com/recraft-ai/recraft-v3/api/schema ; https://replicate.com/docs/topics/models/versions","exact-id","静态可选","调用 versionless 模型端点；版本为本轮公开 schema 的 version.id，非请求固定版本。"
"Replicate","recraft-v4-pro","recraft-ai/recraft-v4-pro","/v1/models/recraft-ai/recraft-v4-pro/predictions","滚动别名","46eb12c6e5d77aaefaecbf88641fafcf3abb50300c0fdf22183bc1a68b710bf1","2026-09-21","https://replicate.com/recraft-ai/recraft-v4-pro/api/schema ; https://replicate.com/docs/topics/models/versions","exact-id","静态可选","调用 versionless 模型端点；版本为本轮公开 schema 的 version.id，非请求固定版本。"
"Replicate","recraft-v4.1","recraft-ai/recraft-v4.1","/v1/models/recraft-ai/recraft-v4.1/predictions","滚动别名","25f58e30cf2b1067f605985a6c5a97a5e6725246301a0d7888fba961adb2ad40","2026-09-21","https://replicate.com/recraft-ai/recraft-v4.1/api/schema ; https://replicate.com/docs/topics/models/versions","exact-id","静态可选","调用 versionless 模型端点；版本为本轮公开 schema 的 version.id，非请求固定版本。"
"Replicate","riverflow-2.0-pro","sourceful/riverflow-2.0-pro","/v1/models/sourceful/riverflow-2.0-pro/predictions","滚动别名","88c404f8ec6f38b4766c142a919a84484572746beea4a1d0ec80f20a9712dc44","2026-09-21","https://replicate.com/sourceful/riverflow-2.0-pro/api/schema ; https://replicate.com/docs/topics/models/versions","exact-id","静态可选","调用 versionless 模型端点；版本为本轮公开 schema 的 version.id，非请求固定版本。"
"Replicate","sdxl","stability-ai/sdxl","version=7762fd07cf82c948538e41f63f77d685e02b063e37e496e96eefd46c929f9bdc","固定版本","7762fd07cf82c948538e41f63f77d685e02b063e37e496e96eefd46c929f9bdc","2026-09-21","https://replicate.com/stability-ai/sdxl/api/schema ; https://replicate.com/docs/topics/models/versions","exact-id","静态可选","平台请求固定 version 哈希；保留原调用版本，不因最新 schema 哈希不同而升级。"
"Replicate","stable-diffusion","stability-ai/stable-diffusion","version=ac732df83cea7fff18b8472768c88ad041fa750ff7682a21affe81863cbe77e4","固定版本","ac732df83cea7fff18b8472768c88ad041fa750ff7682a21affe81863cbe77e4","2026-09-21","https://replicate.com/stability-ai/stable-diffusion/api/schema ; https://replicate.com/docs/topics/models/versions","exact-id","静态可选","平台请求固定 version 哈希；保留原调用版本，不因最新 schema 哈希不同而升级。"
"Replicate","stable-diffusion-3.5-large","stability-ai/stable-diffusion-3.5-large","/v1/models/stability-ai/stable-diffusion-3.5-large/predictions","滚动别名","ddecdc73e06cf5a24824597429c100089f844e4cae3e9fc2933dafa3e0628f61","2026-09-21","https://replicate.com/stability-ai/stable-diffusion-3.5-large/api/schema ; https://replicate.com/docs/topics/models/versions","exact-id","静态可选","调用 versionless 模型端点；版本为本轮公开 schema 的 version.id，非请求固定版本。"
"Replicate","stable-diffusion-3.5-large-turbo","stability-ai/stable-diffusion-3.5-large-turbo","/v1/models/stability-ai/stable-diffusion-3.5-large-turbo/predictions","滚动别名","ae1775bdb9ed59a72a72387cdc1478d5d666a104ed69df1cdb4097ea36d44820","2026-09-21","https://replicate.com/stability-ai/stable-diffusion-3.5-large-turbo/api/schema ; https://replicate.com/docs/topics/models/versions","exact-id","静态可选","调用 versionless 模型端点；版本为本轮公开 schema 的 version.id，非请求固定版本。"
"Replicate","stable-diffusion-3.5-medium","stability-ai/stable-diffusion-3.5-medium","/v1/models/stability-ai/stable-diffusion-3.5-medium/predictions","滚动别名","bf189a994d45672c96bfa54648fd96ce30dc6dd78abb11c9f582d1fcc459e2bb","2026-09-21","https://replicate.com/stability-ai/stable-diffusion-3.5-medium/api/schema ; https://replicate.com/docs/topics/models/versions","exact-id","静态可选","调用 versionless 模型端点；版本为本轮公开 schema 的 version.id，非请求固定版本。"
"Replicate","hunyuan-image-3","tencent/hunyuan-image-3","/v1/models/tencent/hunyuan-image-3/predictions","滚动别名","0f508905969ff2c266bb8da89334adbce2b6288644585729ce0bce479fd5060a","2026-09-21","https://replicate.com/tencent/hunyuan-image-3/api/schema ; https://replicate.com/docs/topics/models/versions","exact-id","静态可选","调用 versionless 模型端点；版本为本轮公开 schema 的 version.id，非请求固定版本。"
"Replicate","tstramer · material-diffusion","tstramer/material-diffusion","version=a42692c54c0f407f803a0a8a9066160976baedb77c91171a01730f9b0d7beeff","固定版本","a42692c54c0f407f803a0a8a9066160976baedb77c91171a01730f9b0d7beeff","2026-09-21","https://replicate.com/tstramer/material-diffusion/api/schema ; https://replicate.com/docs/topics/models/versions","exact-id","静态可选","平台请求固定 version 哈希；保留原调用版本，不因最新 schema 哈希不同而升级。"
"Replicate","wan-2.7-image","wan-video/wan-2.7-image","/v1/models/wan-video/wan-2.7-image/predictions","滚动别名","ad9e03e9fbddb9fe14782bf07a1e635411b24545dc3f4da5e381469fd505c719","2026-09-21","https://replicate.com/wan-video/wan-2.7-image/api/schema ; https://replicate.com/docs/topics/models/versions","exact-id","静态可选","调用 versionless 模型端点；版本为本轮公开 schema 的 version.id，非请求固定版本。"
"Replicate","wan-2.7-image-pro","wan-video/wan-2.7-image-pro","/v1/models/wan-video/wan-2.7-image-pro/predictions","滚动别名","6a96d280223e35a3db430d5bbb8061a77aa900c47ee2e8626ecfe0bdf5335cd2","2026-09-21","https://replicate.com/wan-video/wan-2.7-image-pro/api/schema ; https://replicate.com/docs/topics/models/versions","exact-id","静态可选","调用 versionless 模型端点；版本为本轮公开 schema 的 version.id，非请求固定版本。"
"Replicate","Grok-imagine-image","xai/grok-imagine-image","/v1/models/xai/grok-imagine-image/predictions","滚动别名","03c092ecd60f8dab3fcb435fd6eff1d5edc1b3f9468cbbb1c6ff0bcfce6ff4a1","2026-09-21","https://replicate.com/xai/grok-imagine-image/api/schema ; https://replicate.com/docs/topics/models/versions","exact-id","静态可选","调用 versionless 模型端点；版本为本轮公开 schema 的 version.id，非请求固定版本。"
"Replicate","Grok-imagine-image-2","xai/grok-imagine-image-2","/v1/models/xai/grok-imagine-image-2/predictions","滚动别名","3fae10cf4f7f9e7805047ac00b331b5d6b4e3c227c7789c6c047db0cf8a6ffab","2026-09-21","https://replicate.com/xai/grok-imagine-image-2/api/schema ; https://replicate.com/docs/topics/models/versions","exact-id","静态可选","调用 versionless 模型端点；版本为本轮公开 schema 的 version.id，非请求固定版本。"
"Replicate","zsxkib · step1x-edit","zsxkib/step1x-edit","version=12b5a5a61e3419f792eb56cfc16eed046252740ebf5d470228f9b4cf2c861610","固定版本","12b5a5a61e3419f792eb56cfc16eed046252740ebf5d470228f9b4cf2c861610","2026-09-21","https://replicate.com/zsxkib/step1x-edit/api/schema ; https://replicate.com/docs/topics/models/versions","exact-id","静态可选","平台请求固定 version 哈希；保留原调用版本，不因最新 schema 哈希不同而升级。"
"Runware","Qwen-Image-Edit-2511","alibaba:qwen-image-edit@2511","alibaba:qwen-image-edit@2511","固定版本","2511","2026-09-22","https://runware.ai/docs/models/alibaba-qwen-image-edit-2511","exact-id","静态可选","型号版本明确；服务端构建与账户权限未验证。"
"Runware","Qwen-Image-2.0","alibaba:qwen-image@2.0","alibaba:qwen-image@2.0","固定性 / 对应版本待确认","alibaba:qwen-image@2.0","2026-09-22","https://runware.ai/docs/models/alibaba-qwen-image-2-0","official-doc","静态可选","准确渠道调用ID已核对；不可变权重快照待确认。真实权限/调用未验证。"
"Runware","Qwen-Image-2.0-Pro","alibaba:qwen-image@2.0-pro","alibaba:qwen-image@2.0-pro","固定性 / 对应版本待确认","alibaba:qwen-image@2.0-pro","2026-09-22","https://runware.ai/docs/models/alibaba-qwen-image-2-0-pro","official-doc","静态可选","准确渠道调用ID已核对；不可变权重快照待确认。真实权限/调用未验证。"
"Runware","Qwen-Image-2512","alibaba:qwen-image@2512","alibaba:qwen-image@2512","固定版本","2512","2026-09-22","https://runware.ai/docs/models/alibaba-qwen-image-2512","exact-id","静态可选","型号版本明确；服务端构建与账户权限未验证。"
"Runware","Qwen-Image-3.0","alibaba:qwen-image@3.0","alibaba:qwen-image@3.0","固定性 / 对应版本待确认","alibaba:qwen-image@3.0","2026-09-22","https://runware.ai/docs/models/alibaba-qwen-image-3-0","official-doc","静态可选","准确渠道调用ID已核对；不可变权重快照待确认。真实权限/调用未验证。"
"Runware","Qwen-Image-3.0-Pro","alibaba:qwen-image@3.0-pro","alibaba:qwen-image@3.0-pro","固定性 / 对应版本待确认","alibaba:qwen-image@3.0-pro","2026-09-22","https://runware.ai/docs/models/alibaba-qwen-image-3-0-pro","official-doc","静态可选","准确渠道调用ID已核对；不可变权重快照待确认。真实权限/调用未验证。"
"Runware","Wan2.6 Image","alibaba:wan@2.6-image","alibaba:wan@2.6-image","固定性 / 对应版本待确认","alibaba:wan@2.6-image","2026-09-22","https://runware.ai/docs/models/alibaba-wan2-6-image","official-doc","静态可选","准确渠道调用ID已核对；不可变权重快照待确认。真实权限/调用未验证。"
"Runware","Wan2.7 Image","alibaba:wan@2.7-image","alibaba:wan@2.7-image","固定性 / 对应版本待确认","alibaba:wan@2.7-image","2026-09-22","https://runware.ai/docs/models/alibaba-wan2-7-image","official-doc","静态可选","准确渠道调用ID已核对；不可变权重快照待确认。真实权限/调用未验证。"
"Runware","Wan2.7 Image Pro","alibaba:wan@2.7-image-pro","alibaba:wan@2.7-image-pro","固定性 / 对应版本待确认","alibaba:wan@2.7-image-pro","2026-09-22","https://runware.ai/docs/models/alibaba-wan2-7-image-pro","official-doc","静态可选","准确渠道调用ID已核对；不可变权重快照待确认。真实权限/调用未验证。"
"Runware","Claude Fable 5","anthropic:claude@fable-5","anthropic:claude@fable-5","固定性 / 对应版本待确认","anthropic:claude@fable-5","2026-09-22","https://runware.ai/docs/models/anthropic-claude-fable-5","official-doc","静态可选","准确渠道调用ID已核对；不可变权重快照待确认。真实权限/调用未验证。"
"Runware","Claude Haiku 4.5","anthropic:claude@haiku-4.5","anthropic:claude@haiku-4.5","固定性 / 对应版本待确认","anthropic:claude@haiku-4.5","2026-09-22","https://runware.ai/docs/models/anthropic-claude-haiku-4-5","official-doc","静态可选","准确渠道调用ID已核对；不可变权重快照待确认。真实权限/调用未验证。"
"Runware","Claude Opus 4.7","anthropic:claude@opus-4.7","anthropic:claude@opus-4.7","固定性 / 对应版本待确认","anthropic:claude@opus-4.7","2026-09-22","https://runware.ai/docs/models/anthropic-claude-opus-4-7","official-doc","静态可选","准确渠道调用ID已核对；不可变权重快照待确认。真实权限/调用未验证。"
"Runware","Claude Opus 4.8","anthropic:claude@opus-4.8","anthropic:claude@opus-4.8","固定性 / 对应版本待确认","anthropic:claude@opus-4.8","2026-09-22","https://runware.ai/docs/models/anthropic-claude-opus-4-8","official-doc","静态可选","准确渠道调用ID已核对；不可变权重快照待确认。真实权限/调用未验证。"
"Runware","Claude Sonnet 4.6","anthropic:claude@sonnet-4.6","anthropic:claude@sonnet-4.6","固定性 / 对应版本待确认","anthropic:claude@sonnet-4.6","2026-09-22","https://runware.ai/docs/models/anthropic-claude-sonnet-4-6","official-doc","静态可选","准确渠道调用ID已核对；不可变权重快照待确认。真实权限/调用未验证。"
"Runware","ERNIE-Image","baidu:ernie-image@0","baidu:ernie-image@0","固定性 / 对应版本待确认","baidu:ernie-image@0","2026-09-22","https://runware.ai/docs/models/baidu-ernie-image","official-doc","静态可选","准确渠道调用ID已核对；不可变权重快照待确认。真实权限/调用未验证。"
"Runware","ERNIE-Image-Turbo","baidu:ernie-image@turbo","baidu:ernie-image@turbo","固定性 / 对应版本待确认","baidu:ernie-image@turbo","2026-09-22","https://runware.ai/docs/models/baidu-ernie-image-turbo","official-doc","静态可选","准确渠道调用ID已核对；不可变权重快照待确认。真实权限/调用未验证。"
"Runware","FLUX.1 Fill [pro]","bfl:1@2","bfl:1@2","固定性 / 对应版本待确认","bfl:1@2","2026-09-22","https://runware.ai/docs/models/bfl-flux-1-fill-pro","official-doc","静态可选","准确渠道调用ID已核对；不可变权重快照待确认。真实权限/调用未验证。"
"Runware","FLUX.1.1 [pro]","bfl:2@1","bfl:2@1","固定性 / 对应版本待确认","bfl:2@1","2026-09-22","https://runware.ai/docs/models/bfl-flux-1-1-pro","official-doc","静态可选","准确渠道调用ID已核对；不可变权重快照待确认。真实权限/调用未验证。"
"Runware","FLUX.1.1 [pro] Ultra","bfl:2@2","bfl:2@2","固定性 / 对应版本待确认","bfl:2@2","2026-09-22","https://runware.ai/docs/models/bfl-flux-1-1-pro-ultra","official-doc","静态可选","准确渠道调用ID已核对；不可变权重快照待确认。真实权限/调用未验证。"
"Runware","FLUX.1 Kontext [pro]","bfl:3@1","bfl:3@1","固定性 / 对应版本待确认","bfl:3@1","2026-09-22","https://runware.ai/docs/models/bfl-flux-1-kontext-pro","official-doc","静态可选","准确渠道调用ID已核对；不可变权重快照待确认。真实权限/调用未验证。"
"Runware","FLUX.1 Kontext [max]","bfl:4@1","bfl:4@1","固定性 / 对应版本待确认","bfl:4@1","2026-09-22","https://runware.ai/docs/models/bfl-flux-1-kontext-max","official-doc","静态可选","准确渠道调用ID已核对；不可变权重快照待确认。真实权限/调用未验证。"
"Runware","FLUX.2 [pro]","bfl:5@1","bfl:5@1","固定性 / 对应版本待确认","bfl:5@1","2026-09-22","https://runware.ai/docs/models/bfl-flux-2-pro","official-doc","静态可选","准确渠道调用ID已核对；不可变权重快照待确认。真实权限/调用未验证。"
"Runware","FLUX.2 [flex]","bfl:6@1","bfl:6@1","固定性 / 对应版本待确认","bfl:6@1","2026-09-22","https://runware.ai/docs/models/bfl-flux-2-flex","official-doc","静态可选","准确渠道调用ID已核对；不可变权重快照待确认。真实权限/调用未验证。"
"Runware","FLUX.2 [max]","bfl:7@1","bfl:7@1","固定性 / 对应版本待确认","bfl:7@1","2026-09-22","https://runware.ai/docs/models/bfl-flux-2-max","official-doc","静态可选","准确渠道调用ID已核对；不可变权重快照待确认。真实权限/调用未验证。"
"Runware","Bria 3.2","bria:10@1","bria:10@1","固定性 / 对应版本待确认","bria:10@1","2026-09-22","https://runware.ai/docs/models/bria-3-2","official-doc","静态可选","准确渠道调用ID已核对；不可变权重快照待确认。真实权限/调用未验证。"
"Runware","Bria Image Replace Background","bria:11@1","bria:11@1","固定性 / 对应版本待确认","bria:11@1","2026-09-22","https://runware.ai/docs/models/bria-image-replace-background","official-doc","静态可选","准确渠道调用ID已核对；不可变权重快照待确认。真实权限/调用未验证。"
"Runware","Bria FIBO","bria:20@1","bria:20@1","固定性 / 对应版本待确认","bria:20@1","2026-09-22","https://runware.ai/docs/models/bria-fibo","official-doc","静态可选","准确渠道调用ID已核对；不可变权重快照待确认。真实权限/调用未验证。"
"Runware","Bria FIBO Lite","bria:20@3","bria:20@3","固定性 / 对应版本待确认","bria:20@3","2026-09-22","https://runware.ai/docs/models/bria-fibo-lite","official-doc","静态可选","准确渠道调用ID已核对；不可变权重快照待确认。真实权限/调用未验证。"
"Runware","Bria FIBO Edit","bria:21@1","bria:21@1","固定性 / 对应版本待确认","bria:21@1","2026-09-22","https://runware.ai/docs/models/bria-fibo-edit","official-doc","静态可选","准确渠道调用ID已核对；不可变权重快照待确认。真实权限/调用未验证。"
"Runware","Seedream 4.0","bytedance:5@0","bytedance:5@0","固定性 / 对应版本待确认","bytedance:5@0","2026-09-22","https://runware.ai/docs/models/bytedance-seedream-4-0","official-doc","静态可选","准确渠道调用ID已核对；不可变权重快照待确认。真实权限/调用未验证。"
"Runware","Seedream 4.5","bytedance:seedream@4.5","bytedance:seedream@4.5","固定性 / 对应版本待确认","bytedance:seedream@4.5","2026-09-22","https://runware.ai/docs/models/bytedance-seedream-4-5","official-doc","静态可选","准确渠道调用ID已核对；不可变权重快照待确认。真实权限/调用未验证。"
"Runware","Seedream 5.0 Lite","bytedance:seedream@5.0-lite","bytedance:seedream@5.0-lite","固定性 / 对应版本待确认","bytedance:seedream@5.0-lite","2026-09-22","https://runware.ai/docs/models/bytedance-seedream-5-0-lite","official-doc","静态可选","准确渠道调用ID已核对；不可变权重快照待确认。真实权限/调用未验证。"
"Runware","Seedream 5.0 Pro","bytedance:seedream@5.0-pro","bytedance:seedream@5.0-pro","固定性 / 对应版本待确认","bytedance:seedream@5.0-pro","2026-09-22","https://runware.ai/docs/models/bytedance-seedream-5-0-pro","official-doc","静态可选","准确渠道调用ID已核对；不可变权重快照待确认。真实权限/调用未验证。"
"Runware","Stable Diffusion XL v1.0 VAE Fix","civitai:101055@128078","civitai:101055@128078","固定性 / 对应版本待确认","civitai:101055@128078","2026-09-22","https://runware.ai/docs/models/stabilityai-stable-diffusion-xl-v1-0-vae-fix","official-doc","静态可选","准确渠道调用ID已核对；不可变权重快照待确认。真实权限/调用未验证。"
"Runware","DeepSeek-V4-Flash-0731","deepseek:v4@flash","deepseek:v4@flash","固定性 / 对应版本待确认","deepseek:v4@flash","2026-09-22","https://runware.ai/docs/models/deepseek-v4-flash","official-doc","静态可选","准确渠道调用ID已核对；不可变权重快照待确认。真实权限/调用未验证。"
"Runware","Nano Banana","google:4@1","google:4@1","固定性 / 对应版本待确认","google:4@1","2026-09-22","https://runware.ai/docs/models/google-nano-banana","official-doc","静态可选","准确渠道调用ID已核对；不可变权重快照待确认。真实权限/调用未验证。"
"Runware","Nano Banana Pro","google:4@2","google:4@2","固定性 / 对应版本待确认","google:4@2","2026-09-22","https://runware.ai/docs/models/google-nano-banana-pro","official-doc","静态可选","准确渠道调用ID已核对；不可变权重快照待确认。真实权限/调用未验证。"
"Runware","Nano Banana 2","google:4@3","google:4@3","固定性 / 对应版本待确认","google:4@3","2026-09-22","https://runware.ai/docs/models/google-nano-banana-2","official-doc","静态可选","准确渠道调用ID已核对；不可变权重快照待确认。真实权限/调用未验证。"
"Runware","Gemini 3 Flash","google:gemini@3-flash","google:gemini@3-flash","固定性 / 对应版本待确认","google:gemini@3-flash","2026-09-22","https://runware.ai/docs/models/google-gemini-3-flash","official-doc","静态可选","准确渠道调用ID已核对；不可变权重快照待确认。真实权限/调用未验证。"
"Runware","Gemini 3.1 Flash Lite","google:gemini@3.1-flash-lite","google:gemini@3.1-flash-lite","固定性 / 对应版本待确认","google:gemini@3.1-flash-lite","2026-09-22","https://runware.ai/docs/models/google-gemini-3-1-flash-lite/examples","official-doc","静态可选","具体渠道 SKU 已确认；未公布不可变权重快照，不以系列名推断固定性。真实调用未验证。"
"Runware","Gemini 3.1 Pro","google:gemini@3.1-pro","google:gemini@3.1-pro","固定性 / 对应版本待确认","google:gemini@3.1-pro","2026-09-22","https://runware.ai/docs/models/google-gemini-3-1-pro","official-doc","静态可选","准确渠道调用ID已核对；不可变权重快照待确认。真实权限/调用未验证。"
"Runware","Gemini 3.5 Flash","google:gemini@3.5-flash","google:gemini@3.5-flash","固定性 / 对应版本待确认","google:gemini@3.5-flash","2026-09-22","https://runware.ai/docs/models/google-gemini-3-5-flash","official-doc","静态可选","准确渠道调用ID已核对；不可变权重快照待确认。真实权限/调用未验证。"
"Runware","Gemma 4 31B","google:gemma@4-31b","google:gemma@4-31b","固定性 / 对应版本待确认","google:gemma@4-31b","2026-09-22","https://runware.ai/docs/models/google-gemma-4-31b","official-doc","静态可选","准确渠道调用ID已核对；不可变权重快照待确认。真实权限/调用未验证。"
"Runware","Nano Banana 2 Lite","google:nano-banana@2-lite","google:nano-banana@2-lite","固定性 / 对应版本待确认","google:nano-banana@2-lite","2026-09-22","https://runware.ai/docs/models/google-nano-banana-2-lite","official-doc","静态可选","准确渠道调用ID已核对；不可变权重快照待确认。真实权限/调用未验证。"
"Runware","Ideogram 2a","ideogram:2@1","ideogram:2@1","固定性 / 对应版本待确认","ideogram:2@1","2026-09-22","https://runware.ai/docs/models/ideogram-2a","official-doc","静态可选","准确渠道调用ID已核对；不可变权重快照待确认。真实权限/调用未验证。"
"Runware","Ideogram 2a Remix","ideogram:2@2","ideogram:2@2","固定性 / 对应版本待确认","ideogram:2@2","2026-09-22","https://runware.ai/docs/models/ideogram-2a-remix","official-doc","静态可选","准确渠道调用ID已核对；不可变权重快照待确认。真实权限/调用未验证。"
"Runware","Ideogram 2.0","ideogram:3@1","ideogram:3@1","固定性 / 对应版本待确认","ideogram:3@1","2026-09-22","https://runware.ai/docs/models/ideogram-2-0","official-doc","静态可选","准确渠道调用ID已核对；不可变权重快照待确认。真实权限/调用未验证。"
"Runware","Ideogram 2.0 Remix","ideogram:3@2","ideogram:3@2","固定性 / 对应版本待确认","ideogram:3@2","2026-09-22","https://runware.ai/docs/models/ideogram-2-0-remix","official-doc","静态可选","准确渠道调用ID已核对；不可变权重快照待确认。真实权限/调用未验证。"
"Runware","Ideogram 4.0","ideogram:4@0","ideogram:4@0","固定性 / 对应版本待确认","ideogram:4@0","2026-09-22","https://runware.ai/docs/models/ideogram-4-0","official-doc","静态可选","准确渠道调用ID已核对；不可变权重快照待确认。真实权限/调用未验证。"
"Runware","Ideogram 3.0","ideogram:4@1","ideogram:4@1","固定性 / 对应版本待确认","ideogram:4@1","2026-09-22","https://runware.ai/docs/models/ideogram-3-0","official-doc","静态可选","准确渠道调用ID已核对；不可变权重快照待确认。真实权限/调用未验证。"
"Runware","Ideogram 3.0 Remix","ideogram:4@2","ideogram:4@2","固定性 / 对应版本待确认","ideogram:4@2","2026-09-22","https://runware.ai/docs/models/ideogram-3-0-remix","official-doc","静态可选","准确渠道调用ID已核对；不可变权重快照待确认。真实权限/调用未验证。"
"Runware","Ideogram 3.0 Edit","ideogram:4@3","ideogram:4@3","固定性 / 对应版本待确认","ideogram:4@3","2026-09-22","https://runware.ai/docs/models/ideogram-3-0-edit","official-doc","静态可选","准确渠道调用ID已核对；不可变权重快照待确认。真实权限/调用未验证。"
"Runware","Ideogram 3.0 Replace Background","ideogram:4@5","ideogram:4@5","固定性 / 对应版本待确认","ideogram:4@5","2026-09-22","https://runware.ai/docs/models/ideogram-3-0-replace-background","official-doc","静态可选","准确渠道调用ID已核对；不可变权重快照待确认。真实权限/调用未验证。"
"Runware","Ideogram 4.0q","ideogram:4@q","ideogram:4@q","固定性 / 对应版本待确认","ideogram:4@q","2026-09-22","https://runware.ai/docs/models/ideogram-4-0q","official-doc","静态可选","准确渠道调用ID已核对；不可变权重快照待确认。真实权限/调用未验证。"
"Runware","Ideogram 4.0 Remix","ideogram:4@remix","ideogram:4@remix","固定性 / 对应版本待确认","ideogram:4@remix","2026-09-22","https://runware.ai/docs/models/ideogram-4-0-remix","official-doc","静态可选","准确渠道调用ID已核对；不可变权重快照待确认。真实权限/调用未验证。"
"Runware","ImagineArt 1.5 Pro","imagineart:1.5-pro@0","imagineart:1.5-pro@0","固定性 / 对应版本待确认","imagineart:1.5-pro@0","2026-09-22","https://runware.ai/docs/models/imagineart-1-5-pro","official-doc","静态可选","准确渠道调用ID已核对；不可变权重快照待确认。真实权限/调用未验证。"
"Runware","ImagineArt 1.5","imagineart:1@5","imagineart:1@5","固定性 / 对应版本待确认","imagineart:1@5","2026-09-22","https://runware.ai/docs/models/imagineart-1-5","official-doc","静态可选","准确渠道调用ID已核对；不可变权重快照待确认。真实权限/调用未验证。"
"Runware","ImagineArt 2.0","imagineart:2.0@0","imagineart:2.0@0","固定性 / 对应版本待确认","imagineart:2.0@0","2026-09-22","https://runware.ai/docs/models/imagineart-2-0","official-doc","静态可选","准确渠道调用ID已核对；不可变权重快照待确认。真实权限/调用未验证。"
"Runware","Kling IMAGE 3.0","klingai:kling-image@3","klingai:kling-image@3","固定性 / 对应版本待确认","klingai:kling-image@3","2026-09-22","https://runware.ai/docs/models/klingai-image-3-0","official-doc","静态可选","准确渠道调用ID已核对；不可变权重快照待确认。真实权限/调用未验证。"
"Runware","Kling IMAGE O1","klingai:kling-image@o1","klingai:kling-image@o1","固定性 / 对应版本待确认","klingai:kling-image@o1","2026-09-22","https://runware.ai/docs/models/klingai-image-o1","official-doc","静态可选","准确渠道调用ID已核对；不可变权重快照待确认。真实权限/调用未验证。"
"Runware","Kling IMAGE O3","klingai:kling-image@o3","klingai:kling-image@o3","固定性 / 对应版本待确认","klingai:kling-image@o3","2026-09-22","https://runware.ai/docs/models/klingai-image-o3","official-doc","静态可选","准确渠道调用ID已核对；不可变权重快照待确认。真实权限/调用未验证。"
"Runware","Krea 2 Large","krea:krea@2-large","krea:krea@2-large","固定性 / 对应版本待确认","krea:krea@2-large","2026-09-22","https://runware.ai/docs/models/krea-2-large","official-doc","静态可选","准确渠道调用ID已核对；不可变权重快照待确认。真实权限/调用未验证。"
"Runware","Krea 2 Medium","krea:krea@2-medium","krea:krea@2-medium","固定性 / 对应版本待确认","krea:krea@2-medium","2026-09-22","https://runware.ai/docs/models/krea-2-medium","official-doc","静态可选","准确渠道调用ID已核对；不可变权重快照待确认。真实权限/调用未验证。"
"Runware","Krea 2 Medium Turbo","krea:krea@2-medium-turbo","krea:krea@2-medium-turbo","固定性 / 对应版本待确认","krea:krea@2-medium-turbo","2026-09-22","https://runware.ai/docs/models/krea-2-medium-turbo","official-doc","静态可选","准确渠道调用ID已核对；不可变权重快照待确认。真实权限/调用未验证。"
"Runware","Krea 2 Raw","krea:krea@2-raw","krea:krea@2-raw","固定性 / 对应版本待确认","krea:krea@2-raw","2026-09-22","https://runware.ai/docs/models/krea-2-raw","official-doc","静态可选","准确渠道调用ID已核对；不可变权重快照待确认。真实权限/调用未验证。"
"Runware","Krea 2 Turbo","krea:krea@2-turbo","krea:krea@2-turbo","固定性 / 对应版本待确认","krea:krea@2-turbo","2026-09-22","https://runware.ai/docs/models/krea-2-turbo","official-doc","静态可选","准确渠道调用ID已核对；不可变权重快照待确认。真实权限/调用未验证。"
"Runware","UNI-1","luma:uni@1","luma:uni@1","固定性 / 对应版本待确认","luma:uni@1","2026-09-22","https://runware.ai/docs/models/luma-uni-1","official-doc","静态可选","准确渠道调用ID已核对；不可变权重快照待确认。真实权限/调用未验证。"
"Runware","UNI-1 Max","luma:uni@1-max","luma:uni@1-max","固定性 / 对应版本待确认","luma:uni@1-max","2026-09-22","https://runware.ai/docs/models/luma-uni-1-max","official-doc","静态可选","准确渠道调用ID已核对；不可变权重快照待确认。真实权限/调用未验证。"
"Runware","Muse Image","meta:muse@image","meta:muse@image","固定性 / 对应版本待确认","meta:muse@image","2026-09-22","https://runware.ai/docs/models/meta-muse-image","official-doc","静态可选","准确渠道调用ID已核对；不可变权重快照待确认。真实权限/调用未验证。"
"Runware","MiniMax M2.7","minimax:m2.7@0","minimax:m2.7@0","固定性 / 对应版本待确认","minimax:m2.7@0","2026-09-22","https://runware.ai/docs/models/minimax-m2-7","official-doc","静态可选","准确渠道调用ID已核对；不可变权重快照待确认。真实权限/调用未验证。"
"Runware","MiniMax M2.7 Highspeed","minimax:m2.7@highspeed","minimax:m2.7@highspeed","固定性 / 对应版本待确认","minimax:m2.7@highspeed","2026-09-22","https://runware.ai/docs/models/minimax-m2-7-highspeed","official-doc","静态可选","准确渠道调用ID已核对；不可变权重快照待确认。真实权限/调用未验证。"
"Runware","MiniMax M3","minimax:m3@0","minimax:m3@0","固定性 / 对应版本待确认","minimax:m3@0","2026-09-22","https://runware.ai/docs/models/minimax-m3","official-doc","静态可选","准确渠道调用ID已核对；不可变权重快照待确认。真实权限/调用未验证。"
"Runware","GPT Image 1","openai:1@1","openai:1@1","固定性 / 对应版本待确认","openai:1@1","2026-09-22","https://runware.ai/docs/models/openai-gpt-image-1","official-doc","静态可选","准确渠道调用ID已核对；不可变权重快照待确认。真实权限/调用未验证。"
"Runware","GPT Image 1 Mini","openai:1@2","openai:1@2","固定性 / 对应版本待确认","openai:1@2","2026-09-22","https://runware.ai/docs/models/openai-gpt-image-1-mini","official-doc","静态可选","准确渠道调用ID已核对；不可变权重快照待确认。真实权限/调用未验证。"
"Runware","GPT Image 1.5","openai:4@1","openai:4@1","固定性 / 对应版本待确认","openai:4@1","2026-09-22","https://runware.ai/docs/models/openai-gpt-image-1-5","official-doc","静态可选","准确渠道调用ID已核对；不可变权重快照待确认。真实权限/调用未验证。"
"Runware","GPT Image 2","openai:gpt-image@2","openai:gpt-image@2","固定性 / 对应版本待确认","openai:gpt-image@2","2026-09-22","https://runware.ai/docs/models/openai-gpt-image-2","official-doc","静态可选","准确渠道调用ID已核对；不可变权重快照待确认。真实权限/调用未验证。"
"Runware","GPT-Image-2.5 Flare","openai:gpt-image@2.5-flare","openai:gpt-image@2.5-flare","固定性 / 对应版本待确认","openai:gpt-image@2.5-flare","2026-09-22","https://runware.ai/docs/models/openai-gpt-image-2-5-flare","official-doc","静态可选","准确渠道调用ID已核对；不可变权重快照待确认。真实权限/调用未验证。"
"Runware","GPT-Image-2.5 Sunburst","openai:gpt-image@2.5-sunburst","openai:gpt-image@2.5-sunburst","固定性 / 对应版本待确认","openai:gpt-image@2.5-sunburst","2026-09-22","https://runware.ai/docs/models/openai-gpt-image-2-5-sunburst","official-doc","静态可选","准确渠道调用ID已核对；不可变权重快照待确认。真实权限/调用未验证。"
"Runware","GPT-5 Mini","openai:gpt@5-mini","openai:gpt@5-mini","固定性 / 对应版本待确认","openai:gpt@5-mini","2026-09-22","https://runware.ai/docs/models/openai-gpt-5-mini","official-doc","静态可选","准确渠道调用ID已核对；不可变权重快照待确认。真实权限/调用未验证。"
"Runware","GPT-5 Nano","openai:gpt@5-nano","openai:gpt@5-nano","固定性 / 对应版本待确认","openai:gpt@5-nano","2026-09-22","https://runware.ai/docs/models/openai-gpt-5-nano","official-doc","静态可选","准确渠道调用ID已核对；不可变权重快照待确认。真实权限/调用未验证。"
"Runware","GPT-5.4","openai:gpt@5.4","openai:gpt@5.4","固定性 / 对应版本待确认","openai:gpt@5.4","2026-09-22","https://runware.ai/docs/models/openai-gpt-5-4","official-doc","静态可选","准确渠道调用ID已核对；不可变权重快照待确认。真实权限/调用未验证。"
"Runware","GPT-5.4 Mini","openai:gpt@5.4-mini","openai:gpt@5.4-mini","固定性 / 对应版本待确认","openai:gpt@5.4-mini","2026-09-22","https://runware.ai/docs/models/openai-gpt-5-4-mini","official-doc","静态可选","准确渠道调用ID已核对；不可变权重快照待确认。真实权限/调用未验证。"
"Runware","GPT-5.4 Nano","openai:gpt@5.4-nano","openai:gpt@5.4-nano","固定性 / 对应版本待确认","openai:gpt@5.4-nano","2026-09-22","https://runware.ai/docs/models/openai-gpt-5-4-nano","official-doc","静态可选","准确渠道调用ID已核对；不可变权重快照待确认。真实权限/调用未验证。"
"Runware","GPT-5.4 Pro","openai:gpt@5.4-pro","openai:gpt@5.4-pro","固定性 / 对应版本待确认","openai:gpt@5.4-pro","2026-09-22","https://runware.ai/docs/models/openai-gpt-5-4-pro","official-doc","静态可选","准确渠道调用ID已核对；不可变权重快照待确认。真实权限/调用未验证。"
"Runware","GPT-5.5","openai:gpt@5.5","openai:gpt@5.5","固定性 / 对应版本待确认","openai:gpt@5.5","2026-09-22","https://runware.ai/docs/models/openai-gpt-5-5","official-doc","静态可选","准确渠道调用ID已核对；不可变权重快照待确认。真实权限/调用未验证。"
"Runware","P-Image","prunaai:1@1","prunaai:1@1","固定性 / 对应版本待确认","prunaai:1@1","2026-09-22","https://runware.ai/docs/models/prunaai-p-image","official-doc","静态可选","准确渠道调用ID已核对；不可变权重快照待确认。真实权限/调用未验证。"
"Runware","P-Image-Edit","prunaai:2@1","prunaai:2@1","固定性 / 对应版本待确认","prunaai:2@1","2026-09-22","https://runware.ai/docs/models/prunaai-p-image-edit","official-doc","静态可选","准确渠道调用ID已核对；不可变权重快照待确认。真实权限/调用未验证。"
"Runware","P-Image-Ideogram","prunaai:p-image@ideogram","prunaai:p-image@ideogram","固定性 / 对应版本待确认","prunaai:p-image@ideogram","2026-09-22","https://runware.ai/docs/models/prunaai-p-image-ideogram","official-doc","静态可选","准确渠道调用ID已核对；不可变权重快照待确认。真实权限/调用未验证。"
"Runware","Recraft V4 Pro","recraft:v4-pro@0","recraft:v4-pro@0","固定性 / 对应版本待确认","recraft:v4-pro@0","2026-09-22","https://runware.ai/docs/models/recraft-v4-pro","official-doc","静态可选","准确渠道调用ID已核对；不可变权重快照待确认。真实权限/调用未验证。"
"Runware","Recraft V4.1 Pro","recraft:v4.1-pro@0","recraft:v4.1-pro@0","固定性 / 对应版本待确认","recraft:v4.1-pro@0","2026-09-22","https://runware.ai/docs/models/recraft-v4-1-pro","official-doc","静态可选","准确渠道调用ID已核对；不可变权重快照待确认。真实权限/调用未验证。"
"Runware","Recraft V4.1 Utility Pro","recraft:v4.1-utility-pro@0","recraft:v4.1-utility-pro@0","固定性 / 对应版本待确认","recraft:v4.1-utility-pro@0","2026-09-22","https://runware.ai/docs/models/recraft-v4-1-utility-pro","official-doc","静态可选","准确渠道调用ID已核对；不可变权重快照待确认。真实权限/调用未验证。"
"Runware","Recraft V4.1 Utility","recraft:v4.1-utility@0","recraft:v4.1-utility@0","固定性 / 对应版本待确认","recraft:v4.1-utility@0","2026-09-22","https://runware.ai/docs/models/recraft-v4-1-utility","official-doc","静态可选","准确渠道调用ID已核对；不可变权重快照待确认。真实权限/调用未验证。"
"Runware","Recraft V4.1","recraft:v4.1@0","recraft:v4.1@0","固定性 / 对应版本待确认","recraft:v4.1@0","2026-09-22","https://runware.ai/docs/models/recraft-v4-1","official-doc","静态可选","准确渠道调用ID已核对；不可变权重快照待确认。真实权限/调用未验证。"
"Runware","Recraft V4","recraft:v4@0","recraft:v4@0","固定性 / 对应版本待确认","recraft:v4@0","2026-09-22","https://runware.ai/docs/models/recraft-v4","official-doc","静态可选","准确渠道调用ID已核对；不可变权重快照待确认。真实权限/调用未验证。"
"Runware","Juggernaut Lightning Flux","rundiffusion:110@101","rundiffusion:110@101","固定性 / 对应版本待确认","rundiffusion:110@101","2026-09-22","https://runware.ai/docs/models/rundiffusion-juggernaut-lightning-flux","official-doc","静态可选","准确渠道调用ID已核对；不可变权重快照待确认。真实权限/调用未验证。"
"Runware","Juggernaut Base Flux","rundiffusion:120@100","rundiffusion:120@100","固定性 / 对应版本待确认","rundiffusion:120@100","2026-09-22","https://runware.ai/docs/models/rundiffusion-juggernaut-base-flux","official-doc","静态可选","准确渠道调用ID已核对；不可变权重快照待确认。真实权限/调用未验证。"
"Runware","Juggernaut Pro Flux","rundiffusion:130@100","rundiffusion:130@100","固定性 / 对应版本待确认","rundiffusion:130@100","2026-09-22","https://runware.ai/docs/models/rundiffusion-juggernaut-pro-flux","official-doc","静态可选","准确渠道调用ID已核对；不可变权重快照待确认。真实权限/调用未验证。"
"Runware","Juggernaut Z","rundiffusion:200@100","rundiffusion:200@100","固定性 / 对应版本待确认","rundiffusion:200@100","2026-09-22","https://runware.ai/docs/models/rundiffusion-juggernaut-z","official-doc","静态可选","准确渠道调用ID已核对；不可变权重快照待确认。真实权限/调用未验证。"
"Runware","Juggernaut Z Fast","rundiffusion:300@100","rundiffusion:300@100","固定性 / 对应版本待确认","rundiffusion:300@100","2026-09-22","https://runware.ai/docs/models/rundiffusion-juggernaut-z-fast","official-doc","静态可选","准确渠道调用ID已核对；不可变权重快照待确认。真实权限/调用未验证。"
"Runware","FLUX.1 [schnell]","runware:100@1","runware:100@1","固定性 / 对应版本待确认","runware:100@1","2026-09-22","https://runware.ai/docs/models/bfl-flux-1-schnell","official-doc","静态可选","准确渠道调用ID已核对；不可变权重快照待确认。真实权限/调用未验证。"
"Runware","FLUX.1 [dev]","runware:101@1","runware:101@1","固定性 / 对应版本待确认","runware:101@1","2026-09-22","https://runware.ai/docs/models/bfl-flux-1-dev","official-doc","静态可选","准确渠道调用ID已核对；不可变权重快照待确认。真实权限/调用未验证。"
"Runware","FLUX.1 Fill [dev]","runware:102@1","runware:102@1","固定性 / 对应版本待确认","runware:102@1","2026-09-22","https://runware.ai/docs/models/bfl-flux-1-fill-dev","official-doc","静态可选","准确渠道调用ID已核对；不可变权重快照待确认。真实权限/调用未验证。"
"Runware","FLUX.1 Kontext [dev]","runware:106@1","runware:106@1","固定性 / 对应版本待确认","runware:106@1","2026-09-22","https://runware.ai/docs/models/bfl-flux-1-kontext-dev","official-doc","静态可选","准确渠道调用ID已核对；不可变权重快照待确认。真实权限/调用未验证。"
"Runware","FLUX.1 Krea [dev]","runware:107@1","runware:107@1","固定性 / 对应版本待确认","runware:107@1","2026-09-22","https://runware.ai/docs/models/krea-flux-1-krea-dev","official-doc","静态可选","准确渠道调用ID已核对；不可变权重快照待确认。真实权限/调用未验证。"
"Runware","Qwen-Image","runware:108@1","runware:108@1","固定性 / 对应版本待确认","runware:108@1","2026-09-22","https://runware.ai/docs/models/alibaba-qwen-image","official-doc","静态可选","准确渠道调用ID已核对；不可变权重快照待确认。真实权限/调用未验证。"
"Runware","Qwen-Image-Edit","runware:108@20","runware:108@20","固定性 / 对应版本待确认","runware:108@20","2026-09-22","https://runware.ai/docs/models/alibaba-qwen-image-edit","official-doc","静态可选","准确渠道调用ID已核对；不可变权重快照待确认。真实权限/调用未验证。"
"Runware","Qwen-Image-Edit-Plus","runware:108@22","runware:108@22","固定性 / 对应版本待确认","runware:108@22","2026-09-22","https://runware.ai/docs/models/alibaba-qwen-image-edit-plus","official-doc","静态可选","准确渠道调用ID已核对；不可变权重快照待确认。真实权限/调用未验证。"
"Runware","FLUX.1 [dev] SRPO","runware:111@1","runware:111@1","固定性 / 对应版本待确认","runware:111@1","2026-09-22","https://runware.ai/docs/models/flux-1-dev-srpo","official-doc","静态可选","准确渠道调用ID已核对；不可变权重快照待确认。真实权限/调用未验证。"
"Runware","LLaVA-1.6-Mistral-7B","runware:150@2","runware:150@2","固定性 / 对应版本待确认","runware:150@2","2026-09-22","https://runware.ai/docs/models/meta-llava-1-6-mistral-7b","official-doc","静态可选","准确渠道调用ID已核对；不可变权重快照待确认。真实权限/调用未验证。"
"Runware","Qwen2.5-VL-3B-Instruct","runware:152@1","runware:152@1","固定性 / 对应版本待确认","runware:152@1","2026-09-22","https://runware.ai/docs/models/alibaba-qwen2-5-vl-3b-instruct","official-doc","静态可选","准确渠道调用ID已核对；不可变权重快照待确认。真实权限/调用未验证。"
"Runware","Qwen2.5-VL-7B-Instruct","runware:152@2","runware:152@2","固定性 / 对应版本待确认","runware:152@2","2026-09-22","https://runware.ai/docs/models/alibaba-qwen2-5-vl-7b-instruct","official-doc","静态可选","准确渠道调用ID已核对；不可变权重快照待确认。真实权限/调用未验证。"
"Runware","Wan2.5-Preview Image","runware:201@10","runware:201@10","固定性 / 对应版本待确认","runware:201@10","2026-09-22","https://runware.ai/docs/models/alibaba-wan2-5-preview-image","official-doc","静态可选","准确渠道调用ID已核对；不可变权重快照待确认。真实权限/调用未验证。"
"Runware","FLUX.2 [dev]","runware:400@1","runware:400@1","固定性 / 对应版本待确认","runware:400@1","2026-09-22","https://runware.ai/docs/models/bfl-flux-2-dev","official-doc","静态可选","准确渠道调用ID已核对；不可变权重快照待确认。真实权限/调用未验证。"
"Runware","FLUX.2 [klein] 9B","runware:400@2","runware:400@2","固定性 / 对应版本待确认","runware:400@2","2026-09-22","https://runware.ai/docs/models/bfl-flux-2-klein-9b","official-doc","静态可选","准确渠道调用ID已核对；不可变权重快照待确认。真实权限/调用未验证。"
"Runware","FLUX.2 [klein] 9B Base","runware:400@3","runware:400@3","固定性 / 对应版本待确认","runware:400@3","2026-09-22","https://runware.ai/docs/models/bfl-flux-2-klein-9b-base","official-doc","静态可选","准确渠道调用ID已核对；不可变权重快照待确认。真实权限/调用未验证。"
"Runware","FLUX.2 [klein] 4B","runware:400@4","runware:400@4","固定性 / 对应版本待确认","runware:400@4","2026-09-22","https://runware.ai/docs/models/bfl-flux-2-klein-4b","official-doc","静态可选","准确渠道调用ID已核对；不可变权重快照待确认。真实权限/调用未验证。"
"Runware","FLUX.2 [klein] 4B Base","runware:400@5","runware:400@5","固定性 / 对应版本待确认","runware:400@5","2026-09-22","https://runware.ai/docs/models/bfl-flux-2-klein-4b-base","official-doc","静态可选","准确渠道调用ID已核对；不可变权重快照待确认。真实权限/调用未验证。"
"Runware","FLUX.2 [klein] 9B KV","runware:400@6","runware:400@6","固定性 / 对应版本待确认","runware:400@6","2026-09-22","https://runware.ai/docs/models/bfl-flux-2-klein-9b-kv","official-doc","静态可选","准确渠道调用ID已核对；不可变权重快照待确认。真实权限/调用未验证。"
"Runware","Stable Diffusion 3","runware:5@1","runware:5@1","固定性 / 对应版本待确认","runware:5@1","2026-09-22","https://runware.ai/docs/models/stabilityai-stable-diffusion-3","official-doc","静态可选","准确渠道调用ID已核对；不可变权重快照待确认。真实权限/调用未验证。"
"Runware","HiDream-I1 Full","runware:97@1","runware:97@1","固定性 / 对应版本待确认","runware:97@1","2026-09-22","https://runware.ai/docs/models/hidream-i1-full","official-doc","静态可选","准确渠道调用ID已核对；不可变权重快照待确认。真实权限/调用未验证。"
"Runware","HiDream-I1 Dev","runware:97@2","runware:97@2","固定性 / 对应版本待确认","runware:97@2","2026-09-22","https://runware.ai/docs/models/hidream-i1-dev","official-doc","静态可选","准确渠道调用ID已核对；不可变权重快照待确认。真实权限/调用未验证。"
"Runware","HiDream-I1 Fast","runware:97@3","runware:97@3","固定性 / 对应版本待确认","runware:97@3","2026-09-22","https://runware.ai/docs/models/hidream-i1-fast","official-doc","静态可选","准确渠道调用ID已核对；不可变权重快照待确认。真实权限/调用未验证。"
"Runware","Kandinsky 5.0 Image Lite","runware:kandinsky-5.0-image-lite@1","runware:kandinsky-5.0-image-lite@1","固定性 / 对应版本待确认","runware:kandinsky-5.0-image-lite@1","2026-09-22","https://runware.ai/docs/models/kandinsky-5-0-image-lite","official-doc","静态可选","准确渠道调用ID已核对；不可变权重快照待确认。真实权限/调用未验证。"
"Runware","TwinFlow Z-Image-Turbo","runware:twinflow-z-image-turbo@0","runware:twinflow-z-image-turbo@0","固定性 / 对应版本待确认","runware:twinflow-z-image-turbo@0","2026-09-22","https://runware.ai/docs/models/twinflow-z-image-turbo","official-doc","静态可选","准确渠道调用ID已核对；不可变权重快照待确认。真实权限/调用未验证。"
"Runware","Z-Image","runware:z-image@0","runware:z-image@0","固定性 / 对应版本待确认","runware:z-image@0","2026-09-22","https://runware.ai/docs/models/alibaba-z-image","official-doc","静态可选","准确渠道调用ID已核对；不可变权重快照待确认。真实权限/调用未验证。"
"Runware","Z-Image-Turbo","runware:z-image@turbo","runware:z-image@turbo","固定性 / 对应版本待确认","runware:z-image@turbo","2026-09-22","https://runware.ai/docs/models/alibaba-z-image-turbo","official-doc","静态可选","准确渠道调用ID已核对；不可变权重快照待确认。真实权限/调用未验证。"
"Runware","Runway Gen-4 Image","runway:4@1","runway:4@1","固定性 / 对应版本待确认","runway:4@1","2026-09-22","https://runware.ai/docs/models/runway-gen-4-image","official-doc","静态可选","准确渠道调用ID已核对；不可变权重快照待确认。真实权限/调用未验证。"
"Runware","Runway Gen-4 Image Turbo","runway:4@2","runway:4@2","固定性 / 对应版本待确认","runway:4@2","2026-09-22","https://runware.ai/docs/models/runway-gen-4-image-turbo","official-doc","静态可选","准确渠道调用ID已核对；不可变权重快照待确认。真实权限/调用未验证。"
"Runware","Riverflow 2.0 Fast","sourceful:riverflow-2.0@fast","sourceful:riverflow-2.0@fast","固定性 / 对应版本待确认","sourceful:riverflow-2.0@fast","2026-09-22","https://runware.ai/docs/models/sourceful-riverflow-2-0-fast","official-doc","静态可选","准确渠道调用ID已核对；不可变权重快照待确认。真实权限/调用未验证。"
"Runware","Riverflow 2.0 Pro","sourceful:riverflow-2.0@pro","sourceful:riverflow-2.0@pro","固定性 / 对应版本待确认","sourceful:riverflow-2.0@pro","2026-09-22","https://runware.ai/docs/models/sourceful-riverflow-2-0-pro","official-doc","静态可选","准确渠道调用ID已核对；不可变权重快照待确认。真实权限/调用未验证。"
"Runware","Riverflow 2.5 Fast","sourceful:riverflow-2.5@fast","sourceful:riverflow-2.5@fast","固定性 / 对应版本待确认","sourceful:riverflow-2.5@fast","2026-09-22","https://runware.ai/docs/models/sourceful-riverflow-2-5-fast","official-doc","静态可选","准确渠道调用ID已核对；不可变权重快照待确认。真实权限/调用未验证。"
"Runware","Riverflow 2.5 Pro","sourceful:riverflow-2.5@pro","sourceful:riverflow-2.5@pro","固定性 / 对应版本待确认","sourceful:riverflow-2.5@pro","2026-09-22","https://runware.ai/docs/models/sourceful-riverflow-2-5-pro","official-doc","静态可选","准确渠道调用ID已核对；不可变权重快照待确认。真实权限/调用未验证。"
"Runware","Vidu Q1","vidu:q1@image","vidu:q1@image","固定性 / 对应版本待确认","vidu:q1@image","2026-09-22","https://runware.ai/docs/models/vidu-q1-image","official-doc","静态可选","准确渠道调用ID已核对；不可变权重快照待确认。真实权限/调用未验证。"
"Runware","Grok Imagine Image","xai:grok-imagine@image","xai:grok-imagine@image","固定性 / 对应版本待确认","xai:grok-imagine@image","2026-09-22","https://runware.ai/docs/models/xai-grok-imagine-image","official-doc","静态可选","准确渠道调用ID已核对；不可变权重快照待确认。真实权限/调用未验证。"
"Runware","Grok Imagine Image 2.0","xai:grok-imagine@image-2.0","xai:grok-imagine@image-2.0","固定性 / 对应版本待确认","xai:grok-imagine@image-2.0","2026-09-22","https://runware.ai/docs/models/xai-grok-imagine-image-2-0","official-doc","静态可选","准确渠道调用ID已核对；不可变权重快照待确认。真实权限/调用未验证。"
"Runware","Grok Imagine Image Quality","xai:grok-imagine@image-quality","xai:grok-imagine@image-quality","固定性 / 对应版本待确认","xai:grok-imagine@image-quality","2026-09-22","https://runware.ai/docs/models/xai-grok-imagine-image-quality","official-doc","静态可选","准确渠道调用ID已核对；不可变权重快照待确认。真实权限/调用未验证。"
"Runware","Grok 4.3","xai:grok@4.3","xai:grok@4.3","固定性 / 对应版本待确认","xai:grok@4.3","2026-09-22","https://runware.ai/docs/models/xai-grok-4-3","official-doc","静态可选","准确渠道调用ID已核对；不可变权重快照待确认。真实权限/调用未验证。"
"Runware","GLM-5.1","zai:glm@5.1","zai:glm@5.1","固定性 / 对应版本待确认","zai:glm@5.1","2026-09-22","https://runware.ai/docs/models/zai-glm-5-1","official-doc","静态可选","准确渠道调用ID已核对；不可变权重快照待确认。真实权限/调用未验证。"
